Destination Port,Flow Duration,Total Fwd Packets,Total Backward Packets,Total Length of Fwd Packets,Total Length of Bwd Packets,Fwd Packet Length Max,Fwd Packet Length Min,Fwd Packet Length Mean,Fwd Packet Length Std,Bwd Packet Length Max,Bwd Packet Length Min,Bwd Packet Length Mean,Bwd Packet Length Std,Flow Bytes/s,Flow Packets/s,Flow IAT Mean,Flow IAT Std,Flow IAT Max,Flow IAT Min,Fwd IAT Total,Fwd IAT Mean,Fwd IAT Std,Fwd IAT Max,Fwd IAT Min,Bwd IAT Total,Bwd IAT Mean,Bwd IAT Std,Bwd IAT Max,Bwd IAT Min,Fwd PSH Flags,Bwd PSH Flags,Fwd URG Flags,Bwd URG Flags,Fwd Header Length,Bwd Header Length,Fwd Packets/s,Bwd Packets/s,Min Packet Length,Max Packet Length,Packet Length Mean,Packet Length Std,Packet Length Variance,FIN Flag Count,SYN Flag Count,RST Flag Count,PSH Flag Count,ACK Flag Count,URG Flag Count,CWE Flag Count,ECE Flag Count,Down/Up Ratio,Average Packet Size,Avg Fwd Segment Size,Avg Bwd Segment Size,Fwd Header Length.1,Fwd Avg Bytes/Bulk,Fwd Avg Packets/Bulk,Fwd Avg Bulk Rate,Bwd Avg Bytes/Bulk,Bwd Avg Packets/Bulk,Bwd Avg Bulk Rate,Subflow Fwd Packets,Subflow Fwd Bytes,Subflow Bwd Packets,Subflow Bwd Bytes,Init_Win_bytes_forward,Init_Win_bytes_backward,act_data_pkt_fwd,min_seg_size_forward,Active Mean,Active Std,Active Max,Active Min,Idle Mean,Idle Std,Idle Max,Idle Min,Label
53,23863,2,2,90,306,45,45,45.0,0.0,153,153,153.0,0.0,16594.729,167.62352,7954.3335,13770.381,23855,4,4,4.0,0.0,4,4,4,4.0,0.0,4,4,0,0,0,0,64,64,83.81176,83.81176,45,153,88.2,59.154037,3499.2,0,0,0,0,0,0,0,0,1,110.25,45.0,153.0,64,0,0,0,0,0,0,2,90,2,306,-1,-1,1,32,0.0,0.0,0,0,0.0,0.0,0,0,BENIGN
80,85072066,8,6,347,11595,341,0,43.375,120.276985,4344,0,1932.5,1754.8314,140.3751,0.16456635,6544005.0,23500000.0,84900000,0,84900000,12100000.0,32100000.0,84900000,0,150371,30074.2,59580.086,136111,48,0,0,0,0,252,200,0.09403792,0.07052844,0,4344,796.13336,1424.6152,2029528.4,0,0,0,0,1,0,0,0,0,853.0,43.375,1932.5,252,0,0,0,0,0,0,8,347,6,11595,251,235,2,20,5987.0,0.0,5987,5987,84900000.0,0.0,84900000,84900000,DoS Hulk
80,5004495,7,5,389,11632,389,0,55.57143,147.02818,10184,0,2326.4,4437.056,2402.0405,2.3978443,454954.1,1507997.0,5001736,49,2759,459.83334,288.6738,971,248,5004446,1251111.5,2501447.8,5003283,98,0,0,0,0,232,168,1.3987426,0.9991018,0,10184,924.6923,2811.378,7903846.0,0,0,0,1,0,0,0,0,0,1001.75,55.57143,2326.4,232,0,0,0,0,0,0,7,389,5,11632,29200,235,1,32,0.0,0.0,0,0,0.0,0.0,0,0,DoS GoldenEye
1147,88,1,1,2,6,2,2,2.0,0.0,6,6,6.0,0.0,90909.09,22727.273,88.0,0.0,88,88,0,0.0,0.0,0,0,0,0.0,0.0,0,0,0,0,0,0,24,20,11363.637,11363.637,2,6,3.3333333,2.309401,5.3333335,0,0,0,1,0,0,0,0,1,5.0,2.0,6.0,24,0,0,0,0,0,0,1,2,1,6,1024,0,0,24,0.0,0.0,0,0,0.0,0.0,0,0,PortScan
54328,86,1,1,2,6,2,2,2.0,0.0,6,6,6.0,0.0,93023.26,23255.814,86.0,0.0,86,86,0,0.0,0.0,0,0,0,0.0,0.0,0,0,0,0,0,0,24,20,11627.907,11627.907,2,6,3.3333333,2.309401,5.3333335,0,0,0,1,0,0,0,0,1,5.0,2.0,6.0,24,0,0,0,0,0,0,1,2,1,6,1024,0,0,24,0.0,0.0,0,0,0.0,0.0,0,0,PortScan
7402,54,1,1,2,6,2,2,2.0,0.0,6,6,6.0,0.0,148148.14,37037.035,54.0,0.0,54,54,0,0.0,0.0,0,0,0,0.0,0.0,0,0,0,0,0,0,24,20,18518.518,18518.518,2,6,3.3333333,2.309401,5.3333335,0,0,0,1,0,0,0,0,1,5.0,2.0,6.0,24,0,0,0,0,0,0,1,2,1,6,1024,0,0,24,0.0,0.0,0,0,0.0,0.0,0,0,PortScan
80,720966,3,4,26,11601,20,0,8.666667,10.263203,8675,0,2900.25,4088.042,16126.974,9.709196,120161.0,292497.5,717217,84,3477,1738.5,1074.0952,2498,979,720597,240199.0,413112.44,717217,188,0,0,0,0,72,92,4.1610837,5.548112,0,8675,1453.375,3091.0957,9554872.0,0,0,0,1,0,0,0,0,1,1661.0,8.666667,2900.25,72,0,0,0,0,0,0,3,26,4,11601,8192,229,2,20,0.0,0.0,0,0,0.0,0.0,0,0,DDoS
32775,15,1,1,0,6,0,0,0.0,0.0,6,6,6.0,0.0,400000.0,133333.33,15.0,0.0,15,15,0,0.0,0.0,0,0,0,0.0,0.0,0,0,0,0,0,0,40,20,66666.664,66666.664,0,6,2.0,3.4641016,12.0,0,0,0,1,0,0,0,0,1,3.0,0.0,6.0,40,0,0,0,0,0,0,1,0,1,6,29200,0,0,40,0.0,0.0,0,0,0.0,0.0,0,0,PortScan
80,86750817,7,7,376,11595,358,0,53.714287,134.21092,5792,0,1656.4286,2429.1187,137.99294,0.16138177,6673140.0,23800000.0,85700000,1,86700000,14500000.0,34900000.0,85700000,1,86800000,14500000.0,35400000.0,86700000,9,0,0,0,0,204,232,0.08069088,0.08069088,0,5792,798.4667,1796.3269,3226790.5,1,0,0,0,0,0,0,0,1,855.5,53.714287,1656.4286,204,0,0,0,0,0,0,7,376,7,11595,0,235,3,20,1976.0,0.0,1976,1976,85700000.0,0.0,85700000,85700000,DoS Hulk
80,42175,2,2,12,11,6,6,6.0,0.0,11,0,5.5,7.7781744,545.34674,94.84292,14058.333,24073.754,41856,46,319,319.0,0.0,319,319,42129,42129.0,0.0,42129,42129,0,0,0,0,40,64,47.42146,47.42146,0,11,5.8,3.8987176,15.2,1,0,0,0,0,0,0,0,1,7.25,6.0,5.5,40,0,0,0,0,0,0,2,12,2,11,0,235,1,20,0.0,0.0,0,0,0.0,0.0,0,0,DoS Hulk
80,98695649,6,7,374,11595,356,0,62.333332,143.89673,4344,0,1656.4286,1760.5973,121.27181,0.13171807,8224637.5,28500000.0,98700000,1,98700000,19700000.0,44100000.0,98700000,1,98700000,16400000.0,40300000.0,98700000,16,0,0,0,0,164,232,0.060792953,0.07092511,0,4344,855.3571,1459.412,2129883.2,1,0,0,0,0,0,0,0,1,921.1539,62.333332,1656.4286,164,0,0,0,0,0,0,6,374,7,11595,0,235,3,20,13990.0,0.0,13990,13990,98700000.0,0.0,98700000,98700000,DoS Hulk
49172,3,2,0,37,0,31,6,18.5,17.67767,0,0,0.0,0.0,12300000.0,666666.7,3.0,0.0,3,3,3,3.0,0.0,3,3,0,0.0,0.0,0,0,1,0,0,0,40,0,666666.7,0.0,6,31,22.666666,14.433757,208.33333,0,1,0,0,1,0,0,0,0,34.0,18.5,0.0,40,0,0,0,0,0,0,2,37,0,0,123,-1,1,20,0.0,0.0,0,0,0.0,0.0,0,0,BENIGN
80,5048152,4,4,464,739,452,0,116.0,224.01785,727,0,184.75,361.51108,238.30502,1.5847384,721164.56,1802692.4,4806288,100,241864,80621.336,119821.9,218334,202,5024924,1674974.6,2878925.5,4999246,1546,0,0,0,0,92,88,0.7923692,0.7923692,0,727,133.66667,267.43597,71522.0,0,0,0,1,0,0,0,0,1,150.375,116.0,184.75,92,0,0,0,0,0,0,4,464,4,739,8192,23,3,20,0.0,0.0,0,0,0.0,0.0,0,0,BENIGN
3914,46,1,1,2,6,2,2,2.0,0.0,6,6,6.0,0.0,173913.05,43478.26,46.0,0.0,46,46,0,0.0,0.0,0,0,0,0.0,0.0,0,0,0,0,0,0,24,20,21739.13,21739.13,2,6,3.3333333,2.309401,5.3333335,0,0,0,1,0,0,0,0,1,5.0,2.0,6.0,24,0,0,0,0,0,0,1,2,1,6,1024,0,0,24,0.0,0.0,0,0,0.0,0.0,0,0,PortScan
80,4661897,5,0,30,0,6,6,6.0,0.0,0,0,0.0,0.0,6.4351487,1.0725248,1165474.2,2329602.8,4659878,0,4661897,1165474.2,2329602.8,4659878,0,0,0.0,0.0,0,0,0,0,0,0,100,0,1.0725248,0.0,6,6,6.0,0.0,0.0,0,0,0,0,1,0,0,0,0,7.2,6.0,0.0,100,0,0,0,0,0,0,5,30,0,0,256,-1,4,20,0.0,0.0,0,0,0.0,0.0,0,0,DDoS
80,16077962,4,6,291,11595,291,0,72.75,145.5,4344,0,1932.5,1754.8314,739.2728,0.6219694,1786440.2,5341924.0,16000000,5,16000000,5348177.5,9252066.0,16000000,5,46376,9275.2,14438.789,33095,47,0,0,0,0,144,200,0.24878775,0.3731816,0,4344,1080.5454,1582.5872,2504582.2,0,0,0,1,0,0,0,0,1,1188.6,72.75,1932.5,144,0,0,0,0,0,0,4,291,6,11595,29200,235,1,32,0.0,0.0,0,0,16000000.0,0.0,16000000,16000000,DoS Hulk
443,50,2,0,12,0,6,6,6.0,0.0,0,0,0.0,0.0,240000.0,40000.0,50.0,0.0,50,50,50,50.0,0.0,50,50,0,0.0,0.0,0,0,0,0,0,0,40,0,40000.0,0.0,6,6,6.0,0.0,0.0,0,0,0,0,1,0,0,0,0,9.0,6.0,0.0,40,0,0,0,0,0,0,2,12,0,0,256,-1,1,20,0.0,0.0,0,0,0.0,0.0,0,0,BENIGN
80,3022,6,0,12,0,6,0,2.0,3.0983868,0,0,0.0,0.0,3970.8801,1985.4401,604.4,893.00635,2008,4,3022,604.4,893.00635,2008,4,0,0.0,0.0,0,0,0,0,0,0,168,0,1985.4401,0.0,0,6,1.7142857,2.9277003,8.571428,0,0,0,0,1,0,0,0,0,2.0,2.0,0.0,168,0,0,0,0,0,0,6,12,0,0,251,-1,2,20,0.0,0.0,0,0,0.0,0.0,0,0,DoS Hulk
6003,41,1,1,0,6,0,0,0.0,0.0,6,6,6.0,0.0,146341.47,48780.49,41.0,0.0,41,41,0,0.0,0.0,0,0,0,0.0,0.0,0,0,0,0,0,0,40,20,24390.244,24390.244,0,6,2.0,3.4641016,12.0,0,0,0,1,0,0,0,0,1,3.0,0.0,6.0,40,0,0,0,0,0,0,1,0,1,6,29200,0,0,40,0.0,0.0,0,0,0.0,0.0,0,0,PortScan
4004,114,2,2,4,12,2,2,2.0,0.0,6,6,6.0,0.0,140350.88,35087.72,38.0,24.433584,55,10,49,49.0,0.0,49,49,55,55.0,0.0,55,55,0,0,0,0,48,40,17543.86,17543.86,2,6,3.6,2.1908903,4.8,0,0,0,1,0,0,0,0,1,4.5,2.0,6.0,48,0,0,0,0,0,0,2,4,2,12,1024,0,1,24,0.0,0.0,0,0,0.0,0.0,0,0,BENIGN
80,97537024,6,4,335,11595,335,0,55.833332,136.76318,11595,0,2898.75,5797.5,122.31253,0.10252517,10800000.0,32500000.0,97500000,3,97500000,19500000.0,43600000.0,97500000,3,20247,6749.0,9362.288,17438,4,0,0,0,0,200,136,0.0615151,0.041010067,0,11595,1084.5454,3487.3718,12200000.0,0,0,0,0,1,0,0,0,0,1193.0,55.833332,2898.75,200,0,0,0,0,0,0,6,335,4,11595,274,235,1,32,992.0,0.0,992,992,97500000.0,0.0,97500000,97500000,DoS Hulk
80,118463564,10,7,1418,11595,350,0,141.8,179.20677,4344,0,1656.4286,1760.5973,109.84812,0.14350404,7403973.0,25400000.0,101000000,13,118000000,13200000.0,33500000.0,101000000,13,118000000,19700000.0,47900000.0,118000000,16,0,0,0,0,300,232,0.08441414,0.0590899,0,4344,723.2778,1303.3508,1698723.2,1,0,0,0,0,0,0,0,0,765.82355,141.8,1656.4286,300,0,0,0,0,0,0,10,1418,7,11595,0,235,6,20,12030.0,0.0,12030,12030,58800000.0,60400000.0,101000000,16000000,DoS Hulk
53,436,2,2,102,224,51,51,51.0,0.0,112,112,112.0,0.0,747706.44,9174.312,145.33333,246.52856,430,3,3,3.0,0.0,3,3,3,3.0,0.0,3,3,0,0,0,0,64,64,4587.156,4587.156,51,112,75.4,33.411076,1116.3,0,0,0,0,0,0,0,0,1,94.25,51.0,112.0,64,0,0,0,0,0,0,2,102,2,224,-1,-1,1,32,0.0,0.0,0,0,0.0,0.0,0,0,BENIGN
80,1807703,3,5,26,11607,20,0,8.666667,10.263203,7215,0,2321.4,3327.7698,6435.239,4.4255056,258243.28,682842.75,1806785,4,696,348.0,347.89655,594,102,1807661,451915.25,903246.56,1806785,4,0,0,0,0,72,112,1.6595646,2.7659411,0,7215,1292.5555,2650.5857,7025604.5,0,0,0,1,0,0,0,0,1,1454.125,8.666667,2321.4,72,0,0,0,0,0,0,3,26,5,11607,8192,229,2,20,0.0,0.0,0,0,0.0,0.0,0,0,DDoS
80,5404,3,6,346,11595,346,0,115.333336,199.7632,5792,0,1932.5,2535.3083,2209659.5,1665.433,675.5,1113.9156,2881,20,2082,1041.0,1443.912,2062,20,5333,1066.6,1357.3892,2881,42,0,0,0,0,104,200,555.14435,1110.2887,0,5792,1194.1,2118.89,4489694.5,0,0,0,1,0,0,0,0,2,1326.7778,115.333336,1932.5,104,0,0,0,0,0,0,3,346,6,11595,29200,235,1,32,0.0,0.0,0,0,0.0,0.0,0,0,DoS Hulk
80,99461913,6,6,311,11595,311,0,51.833332,126.96522,5792,0,1932.5,2179.547,119.70411,0.120649196,9041992.0,29900000.0,99300000,3,99300000,19900000.0,44400000.0,99300000,3,135629,27125.8,56644.22,128313,26,0,0,0,0,200,200,0.060324598,0.060324598,0,5792,915.8461,1716.3945,2946010.2,0,0,0,0,1,0,0,0,1,992.1667,51.833332,1932.5,200,0,0,0,0,0,0,6,311,6,11595,251,235,1,32,971.0,0.0,971,971,99300000.0,0.0,99300000,99300000,DoS Hulk
3878,46,1,1,2,6,2,2,2.0,0.0,6,6,6.0,0.0,173913.05,43478.26,46.0,0.0,46,46,0,0.0,0.0,0,0,0,0.0,0.0,0,0,0,0,0,0,24,20,21739.13,21739.13,2,6,3.3333333,2.309401,5.3333335,0,0,0,1,0,0,0,0,1,5.0,2.0,6.0,24,0,0,0,0,0,0,1,2,1,6,1024,0,0,24,0.0,0.0,0,0,0.0,0.0,0,0,PortScan
52249,3,2,0,12,0,6,6,6.0,0.0,0,0,0.0,0.0,4000000.0,666666.7,3.0,0.0,3,3,3,3.0,0.0,3,3,0,0.0,0.0,0,0,0,0,0,0,40,0,666666.7,0.0,6,6,6.0,0.0,0.0,0,0,0,0,1,0,0,0,0,9.0,6.0,0.0,40,0,0,0,0,0,0,2,12,0,0,4364,-1,1,20,0.0,0.0,0,0,0.0,0.0,0,0,BENIGN
80,85403960,9,6,383,11595,377,0,42.555557,125.432365,5792,0,1932.5,2537.82,140.25111,0.17563589,6100283.0,22500000.0,84400000,2,85400000,10700000.0,29800000.0,84400000,4,1255,251.0,374.08487,894,2,0,0,0,0,292,200,0.10538153,0.070254356,0,5792,748.625,1747.0952,3052341.8,0,0,0,0,1,0,0,0,0,798.5333,42.555557,1932.5,292,0,0,0,0,0,0,9,383,6,11595,251,235,2,20,1983.0,0.0,1983,1983,84400000.0,0.0,84400000,84400000,DoS Hulk
80,109569,3,6,324,11595,324,0,108.0,187.0615,4344,0,1932.5,2178.085,108780.766,82.14002,13696.125,34339.305,98165,3,11056,5528.0,7810.7017,11051,5,109406,21881.2,42904.934,98165,3,0,0,0,0,104,200,27.380007,54.760014,0,4344,1191.9,1886.3937,3558481.0,0,0,0,1,0,0,0,0,2,1324.3334,108.0,1932.5,104,0,0,0,0,0,0,3,324,6,11595,29200,235,1,32,0.0,0.0,0,0,0.0,0.0,0,0,DoS Hulk
443,937413,10,11,534,4264,199,0,53.4,78.63163,1398,0,387.63635,579.8076,5118.342,22.402079,46870.65,118513.79,493473,1,915177,101686.336,164793.47,493473,1,915246,91524.6,171831.64,515771,1,0,0,0,0,328,360,10.667657,11.734423,0,1398,218.09091,439.28577,192971.98,0,0,0,1,0,0,0,0,1,228.4762,53.4,387.63635,328,0,0,0,0,0,0,10,534,11,4264,29200,118,4,32,0.0,0.0,0,0,0.0,0.0,0,0,BENIGN
119,10,1,1,0,6,0,0,0.0,0.0,6,6,6.0,0.0,600000.0,200000.0,10.0,0.0,10,10,0,0.0,0.0,0,0,0,0.0,0.0,0,0,0,0,0,0,40,20,100000.0,100000.0,0,6,2.0,3.4641016,12.0,0,0,0,1,0,0,0,0,1,3.0,0.0,6.0,40,0,0,0,0,0,0,1,0,1,6,29200,0,0,40,0.0,0.0,0,0,0.0,0.0,0,0,PortScan
3945,48,1,1,0,6,0,0,0.0,0.0,6,6,6.0,0.0,125000.0,41666.668,48.0,0.0,48,48,0,0.0,0.0,0,0,0,0.0,0.0,0,0,0,0,0,0,40,20,20833.334,20833.334,0,6,2.0,3.4641016,12.0,0,0,0,1,0,0,0,0,1,3.0,0.0,6.0,40,0,0,0,0,0,0,1,0,1,6,29200,0,0,40,0.0,0.0,0,0,0.0,0.0,0,0,PortScan
21,8606016,9,15,110,188,25,0,12.222222,9.984711,34,0,12.533334,14.54975,34.62694,2.7887468,374174.6,975019.5,3045337,1,6106616,763327.0,1411493.4,3088396,190,8605977,614712.6,1203992.9,3045337,1,0,0,0,0,296,488,1.0457801,1.7429668,0,34,11.92,12.76362,162.91,0,0,0,1,0,0,0,0,1,12.416667,12.222222,12.533334,296,0,0,0,0,0,0,9,110,15,188,29200,227,6,32,0.0,0.0,0,0,0.0,0.0,0,0,FTP-Patator
80,77869248,8,4,56,11607,20,0,7.0,5.656854,11595,0,2901.75,5795.5005,149.77672,0.15410449,7079022.5,19700000.0,65700000,1,76800000,11000000.0,24500000.0,65700000,1,1041368,347122.66,600464.4,1040479,5,0,0,0,0,172,92,0.10273632,0.05136816,0,11595,897.61536,3214.1675,10300000.0,0,0,0,0,1,0,0,0,0,972.4167,7.0,2901.75,172,0,0,0,0,0,0,8,56,4,11607,256,229,6,20,7002.0,0.0,7002,7002,38400000.0,38600000.0,65700000,11100000,DDoS
80,64065159,2,0,0,0,0,0,0.0,0.0,0,0,0.0,0.0,0.0,0.031218216,64065160.0,0.0,64065159,64065159,64065159,64065160.0,0.0,64065159,64065159,0,0.0,0.0,0,0,0,0,0,0,64,0,0.031218216,0.0,0,0,0.0,0.0,0.0,0,0,0,0,1,1,0,0,0,0.0,0.0,0.0,64,0,0,0,0,0,0,2,0,0,0,33304,-1,0,32,0.0,0.0,0,0,0.0,0.0,0,0,BENIGN
80,98067416,4,5,387,11595,381,0,96.75,189.5211,10136,0,2319.0,4414.366,122.18126,0.0917736,12300000.0,34600000.0,98000000,1,98000000,32700000.0,56600000.0,98000000,1,63574,15893.5,25235.246,53113,195,0,0,0,0,124,168,0.040788267,0.050985333,0,10136,1198.8,3172.9646,10100000.0,1,0,0,0,0,0,0,0,1,1332.0,96.75,2319.0,124,0,0,0,0,0,0,4,387,5,11595,0,235,1,20,0.0,0.0,0,0,98000000.0,0.0,98000000,98000000,DoS Hulk
80,1808607,3,4,26,11601,20,0,8.666667,10.263203,8760,0,2900.25,4128.3193,6428.7046,3.870382,301434.5,730370.94,1792242,1,15986,7993.0,11302.395,15985,1,1808552,602850.7,1030073.94,1792242,189,0,0,0,0,72,92,1.6587352,2.2116468,0,8760,1453.375,3113.9526,9696701.0,0,0,0,1,0,0,0,0,1,1661.0,8.666667,2900.25,72,0,0,0,0,0,0,3,26,4,11601,8192,229,2,20,0.0,0.0,0,0,0.0,0.0,0,0,DDoS
1296,36,1,1,0,6,0,0,0.0,0.0,6,6,6.0,0.0,166666.67,55555.555,36.0,0.0,36,36,0,0.0,0.0,0,0,0,0.0,0.0,0,0,0,0,0,0,40,20,27777.777,27777.777,0,6,2.0,3.4641016,12.0,0,0,0,1,0,0,0,0,1,3.0,0.0,6.0,40,0,0,0,0,0,0,1,0,1,6,29200,0,0,40,0.0,0.0,0,0,0.0,0.0,0,0,PortScan
80,71789278,8,6,56,11601,20,0,7.0,5.656854,4380,0,1933.5,1757.7899,162.378,0.19501519,5522252.0,18900000.0,68400000,2,71200000,10200000.0,25700000.0,68400000,2,594054,118810.8,255106.45,574927,14,0,0,0,0,172,132,0.11143725,0.08357794,0,4380,777.5333,1434.5717,2057995.9,0,0,0,0,1,0,0,0,0,833.0714,7.0,1933.5,172,0,0,0,0,0,0,8,56,6,11601,256,229,6,20,2824960.0,0.0,2824960,2824960,68400000.0,0.0,68400000,68400000,DDoS
7007,45,1,1,0,6,0,0,0.0,0.0,6,6,6.0,0.0,133333.33,44444.445,45.0,0.0,45,45,0,0.0,0.0,0,0,0,0.0,0.0,0,0,0,0,0,0,40,20,22222.223,22222.223,0,6,2.0,3.4641016,12.0,0,0,0,1,0,0,0,0,1,3.0,0.0,6.0,40,0,0,0,0,0,0,1,0,1,6,29200,0,0,40,0.0,0.0,0,0,0.0,0.0,0,0,PortScan
212,99,2,2,4,12,2,2,2.0,0.0,6,6,6.0,0.0,161616.16,40404.04,33.0,27.712812,49,1,49,49.0,0.0,49,49,1,1.0,0.0,1,1,0,0,0,0,48,40,20202.02,20202.02,2,6,3.6,2.1908903,4.8,0,0,0,1,0,0,0,0,1,4.5,2.0,6.0,48,0,0,0,0,0,0,2,4,2,12,1024,0,1,24,0.0,0.0,0,0,0.0,0.0,0,0,BENIGN
80,85257490,6,6,309,11595,309,0,51.5,126.14872,5792,0,1932.5,2181.0083,139.6241,0.1407501,7750681.0,25700000.0,85100000,1,85100000,17000000.0,38100000.0,85100000,1,151774,30354.8,60741.3,138553,14,0,0,0,0,200,200,0.07037505,0.07037505,0,5792,915.6923,1717.2264,2948866.8,0,0,0,0,1,0,0,0,1,992.0,51.5,1932.5,200,0,0,0,0,0,0,6,309,6,11595,274,235,1,32,2.0,0.0,2,2,85100000.0,0.0,85100000,85100000,DoS Hulk
80,12999,3,1,18,0,6,6,6.0,0.0,0,0,0.0,0.0,1384.7219,307.71597,4333.0,6654.409,12006,143,12999,6499.5,7787.367,12006,993,0,0.0,0.0,0,0,0,0,0,0,60,32,230.78699,76.92899,0,6,4.8,2.6832817,7.2,1,0,0,0,0,0,0,0,0,6.0,6.0,0.0,60,0,0,0,0,0,0,3,18,1,0,0,235,2,20,0.0,0.0,0,0,0.0,0.0,0,0,DoS Hulk
53,460,1,1,53,134,53,53,53.0,0.0,134,134,134.0,0.0,406521.75,4347.826,460.0,0.0,460,460,0,0.0,0.0,0,0,0,0.0,0.0,0,0,0,0,0,0,32,32,2173.913,2173.913,53,134,80.0,46.765373,2187.0,0,0,0,0,0,0,0,0,1,120.0,53.0,134.0,32,0,0,0,0,0,0,1,53,1,134,-1,-1,0,32,0.0,0.0,0,0,0.0,0.0,0,0,BENIGN
80,1148802,3,4,26,11601,20,0,8.666667,10.263203,10135,0,2900.25,4871.8257,10120.979,6.093304,191467.0,462874.84,1136257,4,12029,6014.5,8500.131,12025,4,1148742,382914.0,652442.25,1136257,191,0,0,0,0,72,92,2.611416,3.481888,0,10135,1453.375,3544.652,12600000.0,0,0,0,1,0,0,0,0,1,1661.0,8.666667,2900.25,72,0,0,0,0,0,0,3,26,4,11601,8192,229,2,20,0.0,0.0,0,0,0.0,0.0,0,0,DDoS
80,150456,3,5,355,11595,355,0,118.333336,204.95935,5792,0,2319.0,3170.4038,79425.21,53.17169,21493.715,51652.824,138209,5,11988,5994.0,8469.725,11983,5,150312,37578.0,67315.164,138209,85,0,0,0,0,104,168,19.939384,33.232307,0,5792,1327.7778,2533.6172,6419216.0,0,0,0,1,0,0,0,0,1,1493.75,118.333336,2319.0,104,0,0,0,0,0,0,3,355,5,11595,29200,235,1,32,0.0,0.0,0,0,0.0,0.0,0,0,DoS Hulk
80,8138785,4,0,24,0,6,6,6.0,0.0,0,0,0.0,0.0,2.948843,0.49147385,2712928.2,4698071.5,8137794,3,8138785,2712928.2,4698071.5,8137794,3,0,0.0,0.0,0,0,0,0,0,0,80,0,0.49147385,0.0,6,6,6.0,0.0,0.0,0,0,0,0,1,0,0,0,0,7.5,6.0,0.0,80,0,0,0,0,0,0,4,24,0,0,256,-1,3,20,991.0,0.0,991,991,8137794.0,0.0,8137794,8137794,DDoS
80,99630903,6,6,351,11595,351,0,58.5,143.29515,4344,0,1932.5,1754.8314,119.90256,0.12044456,9057355.0,30000000.0,99600000,3,99600000,19900000.0,44500000.0,99600000,3,57639,11527.8,19633.113,45422,15,0,0,0,0,200,200,0.06022228,0.06022228,0,4344,918.9231,1498.6174,2245854.2,0,0,0,0,1,0,0,0,1,995.5,58.5,1932.5,200,0,0,0,0,0,0,6,351,6,11595,274,235,1,32,1003.0,0.0,1003,1003,99600000.0,0.0,99600000,99600000,DoS Hulk
53,203,2,2,84,192,42,42,42.0,0.0,96,96,96.0,0.0,1359605.9,19704.434,67.666664,112.00595,197,3,3,3.0,0.0,3,3,3,3.0,0.0,3,3,0,0,0,0,40,40,9852.217,9852.217,42,96,63.6,29.577019,874.8,0,0,0,0,0,0,0,0,1,79.5,42.0,96.0,40,0,0,0,0,0,0,2,84,2,192,-1,-1,1,20,0.0,0.0,0,0,0.0,0.0,0,0,BENIGN
2001,26,1,1,2,6,2,2,2.0,0.0,6,6,6.0,0.0,307692.3,76923.08,26.0,0.0,26,26,0,0.0,0.0,0,0,0,0.0,0.0,0,0,0,0,0,0,24,20,38461.54,38461.54,2,6,3.3333333,2.309401,5.3333335,0,0,0,1,0,0,0,0,1,5.0,2.0,6.0,24,0,0,0,0,0,0,1,2,1,6,1024,0,0,24,0.0,0.0,0,0,0.0,0.0,0,0,PortScan
50855,34,1,1,0,0,0,0,0.0,0.0,0,0,0.0,0.0,0.0,58823.53,34.0,0.0,34,34,0,0.0,0.0,0,0,0,0.0,0.0,0,0,0,0,0,0,32,32,29411.766,29411.766,0,0,0.0,0.0,0.0,0,0,0,0,1,0,0,0,1,0.0,0.0,0.0,32,0,0,0,0,0,0,1,0,1,0,122,33304,0,32,0.0,0.0,0,0,0.0,0.0,0,0,BENIGN
873,109,2,2,4,12,2,2,2.0,0.0,6,6,6.0,0.0,146788.98,36697.246,36.333332,21.93931,49,11,49,49.0,0.0,49,49,49,49.0,0.0,49,49,0,0,0,0,48,40,18348.623,18348.623,2,6,3.6,2.1908903,4.8,0,0,0,1,0,0,0,0,1,4.5,2.0,6.0,48,0,0,0,0,0,0,2,4,2,12,1024,0,1,24,0.0,0.0,0,0,0.0,0.0,0,0,BENIGN
84,77,1,1,0,6,0,0,0.0,0.0,6,6,6.0,0.0,77922.08,25974.025,77.0,0.0,77,77,0,0.0,0.0,0,0,0,0.0,0.0,0,0,0,0,0,0,40,20,12987.013,12987.013,0,6,2.0,3.4641016,12.0,0,0,0,1,0,0,0,0,1,3.0,0.0,6.0,40,0,0,0,0,0,0,1,0,1,6,29200,0,0,40,0.0,0.0,0,0,0.0,0.0,0,0,PortScan
53,174,2,2,76,108,38,38,38.0,0.0,54,54,54.0,0.0,1057471.2,22988.506,58.0,94.398094,167,3,3,3.0,0.0,3,3,4,4.0,0.0,4,4,0,0,0,0,40,40,11494.253,11494.253,38,54,44.4,8.763561,76.8,0,0,0,0,0,0,0,0,1,55.5,38.0,54.0,40,0,0,0,0,0,0,2,76,2,108,-1,-1,1,20,0.0,0.0,0,0,0.0,0.0,0,0,BENIGN
443,63628423,7,2,187,92,46,6,26.714285,20.089087,46,46,46.0,0.0,4.384833,0.14144622,7953553.0,20700000.0,58900000,47,63600000,10600000.0,23800000.0,58900000,47,59000000,59000000.0,0.0,59000000,59000000,1,0,0,0,140,40,0.11001373,0.031432495,6,46,32.5,18.863544,355.83334,0,1,0,0,1,0,0,0,0,36.11111,26.714285,46.0,140,0,0,0,0,0,0,7,187,2,92,258,425,6,20,57454.0,0.0,57454,57454,58900000.0,0.0,58900000,58900000,BENIGN
80,23243,1,1,0,0,0,0,0.0,0.0,0,0,0.0,0.0,0.0,86.04741,23243.0,0.0,23243,23243,0,0.0,0.0,0,0,0,0.0,0.0,0,0,0,0,0,0,32,32,43.023705,43.023705,0,0,0.0,0.0,0.0,0,0,0,0,1,1,0,0,1,0.0,0.0,0.0,32,0,0,0,0,0,0,1,0,1,0,229,29,0,32,0.0,0.0,0,0,0.0,0.0,0,0,BENIGN
80,98399181,6,7,346,11595,328,0,57.666668,132.46837,5792,0,1656.4286,2429.1187,121.35264,0.13211492,8199932.0,28400000.0,98400000,1,98400000,19700000.0,44000000.0,98400000,1,98400000,16400000.0,40200000.0,98400000,2,0,0,0,0,164,232,0.060976118,0.07113881,0,5792,853.3571,1850.627,3424820.2,1,0,0,0,0,0,0,0,1,919.0,57.666668,1656.4286,164,0,0,0,0,0,0,6,346,7,11595,0,235,3,20,11035.0,0.0,11035,11035,98400000.0,0.0,98400000,98400000,DoS Hulk
53,80927,4,2,156,134,39,39,39.0,0.0,67,67,67.0,0.0,3583.4766,74.14089,16185.4,22380.066,44904,3,36019,12006.333,20790.383,36013,3,4,4.0,0.0,4,4,0,0,0,0,104,40,49.42726,24.71363,39,67,47.0,13.662601,186.66667,0,0,0,0,0,0,0,0,0,54.833332,39.0,67.0,104,0,0,0,0,0,0,4,156,2,134,-1,-1,3,20,0.0,0.0,0,0,0.0,0.0,0,0,BENIGN
80,674282,3,5,26,11607,20,0,8.666667,10.263203,8760,0,2321.4,3802.3154,17252.426,11.864472,96326.0,254320.72,673071,3,929,464.5,293.4493,672,257,674236,168559.0,336341.6,673071,3,0,0,0,0,72,112,4.4491773,7.415295,0,8760,1292.5555,2952.5208,8717379.0,0,0,0,1,0,0,0,0,1,1454.125,8.666667,2321.4,72,0,0,0,0,0,0,3,26,5,11607,8192,229,2,20,0.0,0.0,0,0,0.0,0.0,0,0,DDoS
443,116055410,113,170,9877,277587,725,0,87.40708,214.1109,4380,0,1632.8647,942.7585,2476.9548,2.4384904,411544.0,1960137.9,10000000,2,116000000,1036209.0,3019639.5,10000000,3,111000000,658310.25,2483960.8,10000000,2,0,0,0,0,2292,3412,0.9736728,1.4648175,0,4380,1012.1972,1060.8611,1125426.4,0,0,0,1,0,0,0,0,1,1015.77386,87.40708,1632.8647,2292,0,0,0,0,0,0,113,9877,170,277587,29200,325,111,20,93485.37,231503.45,791494,23465,10000000.0,9017.967,10000000,9996034,BENIGN
80,5097887,4,0,24,0,6,6,6.0,0.0,0,0,0.0,0.0,4.707833,0.7846388,1699295.6,2943263.0,5097883,1,5097887,1699295.6,2943263.0,5097883,1,0,0.0,0.0,0,0,0,0,0,0,80,0,0.7846388,0.0,6,6,6.0,0.0,0.0,0,0,0,0,1,0,0,0,0,7.5,6.0,0.0,80,0,0,0,0,0,0,4,24,0,0,256,-1,3,20,4.0,0.0,4,4,5097883.0,0.0,5097883,5097883,DDoS
5544,49,1,1,2,6,2,2,2.0,0.0,6,6,6.0,0.0,163265.31,40816.33,49.0,0.0,49,49,0,0.0,0.0,0,0,0,0.0,0.0,0,0,0,0,0,0,24,20,20408.164,20408.164,2,6,3.3333333,2.309401,5.3333335,0,0,0,1,0,0,0,0,1,5.0,2.0,6.0,24,0,0,0,0,0,0,1,2,1,6,1024,0,0,24,0.0,0.0,0,0,0.0,0.0,0,0,PortScan
12174,14,1,1,0,6,0,0,0.0,0.0,6,6,6.0,0.0,428571.44,142857.14,14.0,0.0,14,14,0,0.0,0.0,0,0,0,0.0,0.0,0,0,0,0,0,0,40,20,71428.57,71428.57,0,6,2.0,3.4641016,12.0,0,0,0,1,0,0,0,0,1,3.0,0.0,6.0,40,0,0,0,0,0,0,1,0,1,6,29200,0,0,40,0.0,0.0,0,0,0.0,0.0,0,0,PortScan
9500,42,1,1,0,6,0,0,0.0,0.0,6,6,6.0,0.0,142857.14,47619.047,42.0,0.0,42,42,0,0.0,0.0,0,0,0,0.0,0.0,0,0,0,0,0,0,40,20,23809.523,23809.523,0,6,2.0,3.4641016,12.0,0,0,0,1,0,0,0,0,1,3.0,0.0,6.0,40,0,0,0,0,0,0,1,0,1,6,29200,0,0,40,0.0,0.0,0,0,0.0,0.0,0,0,PortScan
80,98304728,6,6,350,11595,350,0,58.333332,142.8869,4344,0,1932.5,1754.8314,121.509926,0.12206941,8936793.0,29600000.0,98200000,1,98300000,19700000.0,43900000.0,98200000,1,62471,12494.2,22581.139,52148,47,0,0,0,0,200,200,0.061034705,0.061034705,0,4344,918.8461,1498.649,2245949.0,0,0,0,0,1,0,0,0,1,995.4167,58.333332,1932.5,200,0,0,0,0,0,0,6,350,6,11595,251,235,1,32,1001.0,0.0,1001,1001,98200000.0,0.0,98200000,98200000,DoS Hulk
80,100001795,2,2,16,0,8,8,8.0,0.0,0,0,0.0,0.0,0.15999714,0.039999284,33300000.0,57700000.0,100000000,69,100000000,100000000.0,0.0,100000000,100000000,100000000,100000000.0,0.0,100000000,100000000,1,0,0,0,64,64,0.019999642,0.019999642,0,8,4.8,4.3817806,19.2,0,1,0,0,1,0,0,0,1,6.0,8.0,0.0,64,0,0,0,0,0,0,2,16,2,0,229,235,1,32,105.0,0.0,105,105,100000000.0,0.0,100000000,100000000,DoS slowloris
481,52,2,2,4,12,2,2,2.0,0.0,6,6,6.0,0.0,307692.3,76923.08,17.333334,27.537853,49,-1,49,49.0,0.0,49,49,4,4.0,0.0,4,4,0,0,0,0,48,40,38461.54,38461.54,2,6,3.6,2.1908903,4.8,0,0,0,1,0,0,0,0,1,4.5,2.0,6.0,48,0,0,0,0,0,0,2,4,2,12,1024,0,1,24,0.0,0.0,0,0,0.0,0.0,0,0,BENIGN
80,100150853,5,8,386,11595,374,0,77.2,165.94336,4344,0,1449.375,1547.982,119.62953,0.12980418,8345904.5,28900000.0,100000000,47,100000000,25000000.0,50000000.0,100000000,994,100000000,14300000.0,37800000.0,100000000,47,0,0,0,0,144,264,0.049924687,0.0798795,0,4344,856.2143,1343.239,1804291.1,1,0,0,0,0,0,0,0,1,922.0769,77.2,1449.375,144,0,0,0,0,0,0,5,386,8,11595,0,235,2,20,10002.0,0.0,10002,10002,100000000.0,0.0,100000000,100000000,DoS Hulk
80,1822526,3,6,26,11601,20,0,8.666667,10.263203,4380,0,1933.5,1757.7899,6379.6074,4.938201,227815.75,633460.2,1795391,15,26748,13374.0,17946.37,26064,684,1822409,364481.8,799985.3,1795391,15,0,0,0,0,72,132,1.646067,3.292134,0,4380,1162.7,1645.2418,2706820.5,0,0,0,1,0,0,0,0,2,1291.8889,8.666667,1933.5,72,0,0,0,0,0,0,3,26,6,11601,8192,229,2,20,0.0,0.0,0,0,0.0,0.0,0,0,DDoS
80,99999091,2,2,16,0,8,8,8.0,0.0,0,0,0.0,0.0,0.16000146,0.040000364,33300000.0,57700000.0,100000000,52,100000000,100000000.0,0.0,100000000,100000000,100000000,100000000.0,0.0,100000000,100000000,1,0,0,0,64,64,0.020000182,0.020000182,0,8,4.8,4.3817806,19.2,0,1,0,0,1,0,0,0,1,6.0,8.0,0.0,64,0,0,0,0,0,0,2,16,2,0,229,235,1,32,52.0,0.0,52,52,100000000.0,0.0,100000000,100000000,DoS slowloris
80,493278,3,5,26,11601,20,0,8.666667,10.263203,5840,0,2320.2,2436.833,23570.887,16.218035,70468.29,182119.44,483425,95,8884,4442.0,5556.4453,8371,513,492957,123239.25,240155.19,483425,195,0,0,0,0,72,112,6.0817633,10.136272,0,5840,1291.8889,2110.9507,4456113.0,0,0,0,1,0,0,0,0,1,1453.375,8.666667,2320.2,72,0,0,0,0,0,0,3,26,5,11601,8192,229,2,20,0.0,0.0,0,0,0.0,0.0,0,0,DDoS
61900,34,1,1,0,6,0,0,0.0,0.0,6,6,6.0,0.0,176470.6,58823.53,34.0,0.0,34,34,0,0.0,0.0,0,0,0,0.0,0.0,0,0,0,0,0,0,40,20,29411.766,29411.766,0,6,2.0,3.4641016,12.0,0,0,0,1,0,0,0,0,1,3.0,0.0,6.0,40,0,0,0,0,0,0,1,0,1,6,29200,0,0,40,0.0,0.0,0,0,0.0,0.0,0,0,PortScan
443,5470341,8,6,379,3903,198,0,47.375,73.90136,1460,0,650.5,681.63385,782.76654,2.5592554,420795.47,1419841.9,5142933,4,5470341,781477.3,1924897.5,5142933,4,96475,19295.0,27781.572,62087,48,0,0,0,0,172,132,1.4624317,1.0968238,0,1460,285.46667,513.7983,263988.7,0,0,0,1,0,0,0,0,0,305.85715,47.375,650.5,172,0,0,0,0,0,0,8,379,6,3903,8192,946,7,20,327404.0,0.0,327404,327404,5142933.0,0.0,5142933,5142933,BENIGN
53,23996,2,2,158,322,79,79,79.0,0.0,161,161,161.0,0.0,20003.334,166.69444,7998.6665,13809.083,23944,3,3,3.0,0.0,3,3,49,49.0,0.0,49,49,0,0,0,0,64,40,83.34722,83.34722,79,161,111.8,44.91325,2017.2,0,0,0,0,0,0,0,0,1,139.75,79.0,161.0,64,0,0,0,0,0,0,2,158,2,322,-1,-1,1,32,0.0,0.0,0,0,0.0,0.0,0,0,BENIGN
52049,96,1,1,6,6,6,6,6.0,0.0,6,6,6.0,0.0,125000.0,20833.334,96.0,0.0,96,96,0,0.0,0.0,0,0,0,0.0,0.0,0,0,0,0,0,0,20,20,10416.667,10416.667,6,6,6.0,0.0,0.0,1,0,0,0,0,0,0,0,1,9.0,6.0,6.0,20,0,0,0,0,0,0,1,6,1,6,0,0,0,20,0.0,0.0,0,0,0.0,0.0,0,0,BENIGN
80,101601647,10,6,598,11595,299,0,59.8,126.069466,4344,0,1932.5,1977.8129,120.0079,0.15747777,6773443.0,26100000.0,101000000,0,101000000,11300000.0,33700000.0,101000000,0,375319,75063.8,109105.586,239828,55,0,0,0,0,328,200,0.0984236,0.059054162,0,4344,717.2353,1444.8098,2087475.6,0,0,0,0,1,0,0,0,0,762.0625,59.8,1932.5,328,0,0,0,0,0,0,10,598,6,11595,251,235,2,32,1014.0,0.0,1014,1014,101000000.0,0.0,101000000,101000000,DoS Hulk
3784,84,1,1,2,6,2,2,2.0,0.0,6,6,6.0,0.0,95238.09,23809.523,84.0,0.0,84,84,0,0.0,0.0,0,0,0,0.0,0.0,0,0,0,0,0,0,24,20,11904.762,11904.762,2,6,3.3333333,2.309401,5.3333335,0,0,0,1,0,0,0,0,1,5.0,2.0,6.0,24,0,0,0,0,0,0,1,2,1,6,1024,0,0,24,0.0,0.0,0,0,0.0,0.0,0,0,PortScan
1117,98,1,1,0,6,0,0,0.0,0.0,6,6,6.0,0.0,61224.49,20408.164,98.0,0.0,98,98,0,0.0,0.0,0,0,0,0.0,0.0,0,0,0,0,0,0,40,20,10204.082,10204.082,0,6,2.0,3.4641016,12.0,0,0,0,1,0,0,0,0,1,3.0,0.0,6.0,40,0,0,0,0,0,0,1,0,1,6,29200,0,0,40,0.0,0.0,0,0,0.0,0.0,0,0,PortScan
80,5471432,3,1,0,0,0,0,0.0,0.0,0,0,0.0,0.0,0.0,0.73107004,1823810.6,3158159.5,5470539,97,5471432,2735716.0,3867623.8,5470539,893,0,0.0,0.0,0,0,0,0,0,0,104,40,0.54830253,0.18276751,0,0,0.0,0.0,0.0,0,0,0,1,0,0,0,0,0,0.0,0.0,0.0,104,0,0,0,0,0,0,3,0,1,0,29200,28960,0,32,0.0,0.0,0,0,0.0,0.0,0,0,Web Attack - Brute Force
53,97915,2,2,62,174,31,31,31.0,0.0,87,87,87.0,0.0,2410.254,40.85176,32638.334,56448.98,97820,47,47,47.0,0.0,47,47,48,48.0,0.0,48,48,0,0,0,0,40,64,20.42588,20.42588,31,87,53.4,30.672462,940.8,0,0,0,0,0,0,0,0,1,66.75,31.0,87.0,40,0,0,0,0,0,0,2,62,2,174,-1,-1,1,20,0.0,0.0,0,0,0.0,0.0,0,0,BENIGN
80,144467,3,5,332,11595,332,0,110.666664,191.68028,10136,0,2319.0,4414.366,82558.65,55.37597,20638.143,48956.777,131133,7,12990,6495.0,9175.418,12983,7,144376,36094.0,63649.758,131133,45,0,0,0,0,104,168,20.765987,34.60998,0,10136,1325.2222,3338.0312,11100000.0,0,0,0,1,0,0,0,0,1,1490.875,110.666664,2319.0,104,0,0,0,0,0,0,3,332,5,11595,29200,235,1,32,0.0,0.0,0,0,0.0,0.0,0,0,DoS Hulk
443,2610773,46,69,1383,123115,517,0,30.065218,103.41296,4230,0,1784.2754,941.2316,47686.26,44.048256,22901.518,153605.81,1608383,4,1002386,22275.244,51761.86,201876,91,2481540,36493.234,221003.53,1810015,4,0,0,0,0,932,1392,17.619303,26.428955,0,4230,1073.2587,1129.9006,1276675.5,0,0,0,1,0,0,0,0,1,1082.5913,30.065218,1784.2754,932,0,0,0,0,0,0,46,1383,69,123115,8192,889,45,20,0.0,0.0,0,0,0.0,0.0,0,0,BENIGN
80,72640986,8,6,56,11607,20,0,7.0,5.656854,4380,0,1934.5,2188.7146,160.55675,0.19272865,5587768.0,18300000.0,66400000,1,71400000,10200000.0,24800000.0,66400000,1,1290951,258190.2,576714.4,1289848,2,0,0,0,0,172,132,0.11013067,0.082598,0,4380,777.93335,1632.8994,2666360.2,0,0,0,0,1,0,0,0,0,833.5,7.0,1934.5,172,0,0,0,0,0,0,8,56,6,11607,256,229,6,20,4998871.0,0.0,4998871,4998871,66400000.0,0.0,66400000,66400000,DDoS
80,2001,6,0,0,0,0,0,0.0,0.0,0,0,0.0,0.0,0.0,2998.5007,400.2,544.8061,1000,1,2001,400.2,544.8061,1000,1,0,0.0,0.0,0,0,0,0,0,0,192,0,2998.5007,0.0,0,0,0.0,0.0,0.0,0,0,0,0,1,0,0,0,0,0.0,0.0,0.0,192,0,0,0,0,0,0,6,0,0,0,251,-1,0,32,0.0,0.0,0,0,0.0,0.0,0,0,DoS Hulk
1875,110,1,1,2,6,2,2,2.0,0.0,6,6,6.0,0.0,72727.27,18181.818,110.0,0.0,110,110,0,0.0,0.0,0,0,0,0.0,0.0,0,0,0,0,0,0,24,20,9090.909,9090.909,2,6,3.3333333,2.309401,5.3333335,0,0,0,1,0,0,0,0,1,5.0,2.0,6.0,24,0,0,0,0,0,0,1,2,1,6,1024,0,0,24,0.0,0.0,0,0,0.0,0.0,0,0,PortScan
80,36535,3,5,26,11607,20,0,8.666667,10.263203,10135,0,2321.4,4413.202,318407.0,218.96811,5219.2856,13358.168,35509,3,720,360.0,504.87424,717,3,36436,9109.0,17602.68,35509,3,0,0,0,0,72,112,82.113045,136.85507,0,10135,1292.5555,3350.635,11200000.0,0,0,0,1,0,0,0,0,1,1454.125,8.666667,2321.4,72,0,0,0,0,0,0,3,26,5,11607,8192,229,2,20,0.0,0.0,0,0,0.0,0.0,0,0,DDoS
80,99979969,8,7,1056,11595,346,0,132.0,177.22624,5792,0,1656.4286,2119.4802,126.53535,0.15003005,7141426.5,26600000.0,99400000,1,99800000,14300000.0,37500000.0,99400000,1,100000000,16700000.0,40500000.0,99400000,87,0,0,0,0,228,232,0.080016024,0.07001402,0,5792,791.0625,1560.0487,2433752.0,1,0,0,0,0,0,0,0,0,843.8,132.0,1656.4286,228,0,0,0,0,0,0,8,1056,7,11595,0,235,5,20,11022.0,0.0,11022,11022,99400000.0,0.0,99400000,99400000,DoS Hulk
80,687737,3,4,26,11607,20,0,8.666667,10.263203,11595,0,2901.75,5795.5005,16914.896,10.178309,114622.836,280404.53,686996,3,652,326.0,456.791,649,3,687646,229215.33,396449.8,686996,5,0,0,0,0,72,92,4.3621325,5.816177,0,11595,1454.125,4097.5376,16800000.0,0,0,0,1,0,0,0,0,1,1661.8572,8.666667,2901.75,72,0,0,0,0,0,0,3,26,4,11607,8192,229,2,20,0.0,0.0,0,0,0.0,0.0,0,0,DDoS
80,83335205,9,5,339,11595,321,0,37.666668,106.289696,5792,0,2319.0,3170.4038,143.20479,0.16799623,6410400.5,23100000.0,83200000,1,83300000,10400000.0,29400000.0,83200000,1,96457,24114.25,40472.668,84242,85,0,0,0,0,260,168,0.107997574,0.059998654,0,5792,795.6,2030.1848,4121650.5,0,0,0,0,1,0,0,0,0,852.4286,37.666668,2319.0,260,0,0,0,0,0,0,9,339,5,11595,251,235,4,20,4060.0,0.0,4060,4060,83200000.0,0.0,83200000,83200000,DoS Hulk
443,644,4,0,106,0,69,0,26.5,33.27161,0,0,0.0,0.0,164596.27,6211.18,214.66667,184.03894,427,101,644,214.66667,184.03894,427,101,0,0.0,0.0,0,0,1,0,0,0,128,0,6211.18,0.0,0,69,35.0,34.518112,1191.5,0,1,0,0,1,0,0,0,0,43.75,26.5,0.0,128,0,0,0,0,0,0,4,106,0,0,144,-1,1,32,0.0,0.0,0,0,0.0,0.0,0,0,BENIGN
80,83520,3,6,351,11595,351,0,117.0,202.64995,5792,0,1932.5,2179.547,143031.61,107.75862,10440.0,25164.617,72141,36,11005,5502.5,6367.4966,10005,1000,83484,16696.8,31353.021,72141,53,0,0,0,0,104,200,35.91954,71.83908,0,5792,1194.6,1885.9708,3556886.0,0,0,0,1,0,0,0,0,2,1327.3334,117.0,1932.5,104,0,0,0,0,0,0,3,351,6,11595,29200,235,1,32,0.0,0.0,0,0,0.0,0.0,0,0,DoS Hulk
80,83014459,8,6,372,11595,372,0,46.5,131.52187,4355,0,1932.5,2182.4683,144.15561,0.16864532,6385727.5,22700000.0,82000000,3,83000000,11900000.0,30900000.0,82000000,232,1537,307.4,375.05374,922,3,0,0,0,0,272,200,0.09636875,0.07227656,0,4355,797.8,1621.6017,2629592.0,0,0,0,0,1,0,0,0,0,854.7857,46.5,1932.5,272,0,0,0,0,0,0,8,372,6,11595,274,235,1,32,739.0,0.0,739,739,82000000.0,0.0,82000000,82000000,DoS Hulk
1114,24,1,1,0,6,0,0,0.0,0.0,6,6,6.0,0.0,250000.0,83333.336,24.0,0.0,24,24,0,0.0,0.0,0,0,0,0.0,0.0,0,0,0,0,0,0,40,20,41666.668,41666.668,0,6,2.0,3.4641016,12.0,0,0,0,1,0,0,0,0,1,3.0,0.0,6.0,40,0,0,0,0,0,0,1,0,1,6,29200,0,0,40,0.0,0.0,0,0,0.0,0.0,0,0,PortScan
80,152520,3,6,314,11595,314,0,104.666664,181.28798,4344,0,1932.5,1977.8129,78081.56,59.008656,19065.0,48705.11,139175,35,12988,6494.0,7766.861,11986,1002,152466,30493.2,61009.777,139175,35,0,0,0,0,104,200,19.669552,39.339104,0,4344,1190.9,1760.1207,3098025.0,0,0,0,1,0,0,0,0,2,1323.2222,104.666664,1932.5,104,0,0,0,0,0,0,3,314,6,11595,29200,235,1,32,0.0,0.0,0,0,0.0,0.0,0,0,DoS Hulk
80,695120,3,6,26,11601,20,0,8.666667,10.263203,5840,0,1933.5,2189.773,16726.607,12.947405,86890.0,244227.02,691315,2,3248,1624.0,2225.9722,3198,50,695118,139023.6,308743.25,691315,46,0,0,0,0,72,132,4.3158016,8.631603,0,5840,1162.7,1911.5957,3654198.2,0,0,0,1,0,0,0,0,2,1291.8889,8.666667,1933.5,72,0,0,0,0,0,0,3,26,6,11601,8192,229,2,20,0.0,0.0,0,0,0.0,0.0,0,0,DDoS
5904,46,1,1,0,6,0,0,0.0,0.0,6,6,6.0,0.0,130434.78,43478.26,46.0,0.0,46,46,0,0.0,0.0,0,0,0,0.0,0.0,0,0,0,0,0,0,40,20,21739.13,21739.13,0,6,2.0,3.4641016,12.0,0,0,0,1,0,0,0,0,1,3.0,0.0,6.0,40,0,0,0,0,0,0,1,0,1,6,29200,0,0,40,0.0,0.0,0,0,0.0,0.0,0,0,PortScan
80,5873039,3,1,12,0,6,0,4.0,3.4641016,0,0,0.0,0.0,2.0432353,0.6810784,1957679.6,3370386.0,5849443,184,5873039,2936519.5,4119496.0,5849443,23596,0,0.0,0.0,0,0,0,0,0,0,72,32,0.5108088,0.1702696,0,6,2.4,3.2863352,10.8,0,0,0,1,0,0,0,0,0,3.0,4.0,0.0,72,0,0,0,0,0,0,3,12,1,0,8192,29200,2,20,0.0,0.0,0,0,0.0,0.0,0,0,BENIGN
80,115575238,18,15,1158,500,579,0,64.333336,187.2375,250,0,33.333332,87.966446,14.3456335,0.2855283,3611726.2,4853904.5,10200000,51,116000000,6798543.5,4806808.0,10200000,3890,113000000,8045269.5,4308820.5,10200000,18773,0,0,0,0,584,488,0.1557427,0.12978558,0,579,48.764706,147.15793,21655.459,0,0,0,1,0,0,0,0,0,50.242424,64.333336,33.333332,584,0,0,0,0,0,0,18,1158,15,500,29200,350,2,32,62516.273,86666.67,323826,36181,10200000.0,64254.613,10200000,10000000,BENIGN
80,9453075,5,4,621,3525,621,0,124.2,277.71964,3525,0,881.25,1762.5,438.58743,0.95207113,1181634.4,2189190.5,4992841,1,4460234,1115058.5,2229559.8,4459398,1,9453027,3151009.0,2742181.0,5003629,872,0,0,0,0,168,136,0.5289284,0.42314273,0,3525,414.6,1110.1719,1232481.6,0,0,0,1,0,0,0,0,0,460.66666,124.2,881.25,168,0,0,0,0,0,0,5,621,4,3525,29200,236,1,32,0.0,0.0,0,0,0.0,0.0,0,0,DoS GoldenEye
515,32,1,1,2,6,2,2,2.0,0.0,6,6,6.0,0.0,250000.0,62500.0,32.0,0.0,32,32,0,0.0,0.0,0,0,0,0.0,0.0,0,0,0,0,0,0,24,20,31250.0,31250.0,2,6,3.3333333,2.309401,5.3333335,0,0,0,1,0,0,0,0,1,5.0,2.0,6.0,24,0,0,0,0,0,0,1,2,1,6,1024,0,0,24,0.0,0.0,0,0,0.0,0.0,0,0,PortScan
80,277470,3,6,26,11601,20,0,8.666667,10.263203,5840,0,1933.5,2201.0784,41903.63,32.43594,34683.75,94912.305,269508,3,7022,3511.0,4961.061,7019,3,277326,55465.2,119689.29,269508,190,0,0,0,0,72,132,10.811979,21.623959,0,5840,1162.7,1918.7954,3681776.0,0,0,0,1,0,0,0,0,2,1291.8889,8.666667,1933.5,72,0,0,0,0,0,0,3,26,6,11601,8192,229,2,20,0.0,0.0,0,0,0.0,0.0,0,0,DDoS
80,11273436,5,4,371,3525,371,0,74.2,165.91624,3525,0,881.25,1762.5,345.5912,0.7983369,1409179.5,2629488.8,6266095,48,6271255,1567813.8,3132683.0,6266838,445,11300000,3757779.0,3311682.0,6266095,3921,0,0,0,0,168,136,0.44352052,0.3548164,0,3525,389.6,1107.82,1227264.9,0,0,0,1,0,0,0,0,0,432.8889,74.2,881.25,168,0,0,0,0,0,0,5,371,4,3525,29200,235,1,32,4020.0,0.0,4020,4020,6266095.0,0.0,6266095,6266095,DoS GoldenEye
53,31218,1,1,49,65,49,49,49.0,0.0,65,65,65.0,0.0,3651.7395,64.065605,31218.0,0.0,31218,31218,0,0.0,0.0,0,0,0,0.0,0.0,0,0,0,0,0,0,20,20,32.032803,32.032803,49,65,54.333332,9.237604,85.333336,0,0,0,0,0,0,0,0,1,81.5,49.0,65.0,20,0,0,0,0,0,0,1,49,1,65,-1,-1,0,20,0.0,0.0,0,0,0.0,0.0,0,0,BENIGN
443,4805162,2,0,12,0,6,6,6.0,0.0,0,0,0.0,0.0,2.4973145,0.41621906,4805162.0,0.0,4805162,4805162,4805162,4805162.0,0.0,4805162,4805162,0,0.0,0.0,0,0,0,0,0,0,40,0,0.41621906,0.0,6,6,6.0,0.0,0.0,0,0,0,0,1,0,0,0,0,9.0,6.0,0.0,40,0,0,0,0,0,0,2,12,0,0,253,-1,1,20,0.0,0.0,0,0,0.0,0.0,0,0,BENIGN
80,86273116,9,6,332,11595,320,0,36.88889,106.19845,4355,0,1932.5,2182.4683,138.24701,0.17386645,6162365.5,22800000.0,85300000,1,86300000,10800000.0,30100000.0,85300000,1,1513,302.6,359.69055,885,2,0,0,0,0,280,200,0.10431987,0.06954658,0,4355,745.4375,1579.764,2495654.5,0,0,0,0,1,0,0,0,0,795.13336,36.88889,1932.5,280,0,0,0,0,0,0,9,332,6,11595,251,235,3,20,1005.0,0.0,1005,1005,85300000.0,0.0,85300000,85300000,DoS Hulk
903,77,1,1,2,6,2,2,2.0,0.0,6,6,6.0,0.0,103896.1,25974.025,77.0,0.0,77,77,0,0.0,0.0,0,0,0,0.0,0.0,0,0,0,0,0,0,24,20,12987.013,12987.013,2,6,3.3333333,2.309401,5.3333335,0,0,0,1,0,0,0,0,1,5.0,2.0,6.0,24,0,0,0,0,0,0,1,2,1,6,1024,0,0,24,0.0,0.0,0,0,0.0,0.0,0,0,PortScan
80,113976883,5,6,351,11595,345,0,70.2,153.63983,5792,0,1932.5,2537.82,104.81073,0.0965108,11400000.0,30800000.0,97900000,3,114000000,28500000.0,46900000.0,97900000,977,2440,488.0,832.2025,1967,3,0,0,0,0,164,200,0.043868545,0.052642252,0,5792,996.0,1973.1124,3893172.5,1,0,0,0,0,0,0,0,1,1086.5454,70.2,1932.5,164,0,0,0,0,0,0,5,351,6,11595,0,235,1,20,0.0,0.0,0,0,57000000.0,57900000.0,97900000,16000000,DoS Hulk
8222,64,1,1,2,6,2,2,2.0,0.0,6,6,6.0,0.0,125000.0,31250.0,64.0,0.0,64,64,0,0.0,0.0,0,0,0,0.0,0.0,0,0,0,0,0,0,24,20,15625.0,15625.0,2,6,3.3333333,2.309401,5.3333335,0,0,0,1,0,0,0,0,1,5.0,2.0,6.0,24,0,0,0,0,0,0,1,2,1,6,1024,0,0,24,0.0,0.0,0,0,0.0,0.0,0,0,PortScan
80,67073675,5,7,321,11595,309,0,64.2,136.88023,5792,0,1656.4286,2120.7322,177.6554,0.17890775,6097607.0,20200000.0,66900000,4,66900000,16700000.0,33500000.0,66900000,4,67100000,11200000.0,27300000.0,66900000,47,0,0,0,0,144,232,0.07454489,0.10436285,0,5792,917.0769,1716.4285,2946126.5,1,0,0,0,0,0,0,0,1,993.5,64.2,1656.4286,144,0,0,0,0,0,0,5,321,7,11595,0,235,2,20,12033.0,0.0,12033,12033,66900000.0,0.0,66900000,66900000,DoS Hulk
52822,40,1,1,0,6,0,0,0.0,0.0,6,6,6.0,0.0,150000.0,50000.0,40.0,0.0,40,40,0,0.0,0.0,0,0,0,0.0,0.0,0,0,0,0,0,0,40,20,25000.0,25000.0,0,6,2.0,3.4641016,12.0,0,0,0,1,0,0,0,0,1,3.0,0.0,6.0,40,0,0,0,0,0,0,1,0,1,6,29200,0,0,40,0.0,0.0,0,0,0.0,0.0,0,0,PortScan
53,23683,1,1,48,128,48,48,48.0,0.0,128,128,128.0,0.0,7431.4907,84.44876,23683.0,0.0,23683,23683,0,0.0,0.0,0,0,0,0.0,0.0,0,0,0,0,0,0,20,20,42.22438,42.22438,48,128,74.666664,46.188023,2133.3333,0,0,0,0,0,0,0,0,1,112.0,48.0,128.0,20,0,0,0,0,0,0,1,48,1,128,-1,-1,0,20,0.0,0.0,0,0,0.0,0.0,0,0,BENIGN
80,76999854,8,6,56,11601,20,0,7.0,5.656854,4380,0,1933.5,1757.7899,151.3899,0.18181853,5923065.5,19700000.0,71100000,1,77000000,11000000.0,26600000.0,71100000,1,20779,4155.8,6172.2285,14010,16,0,0,0,0,172,132,0.1038963,0.077922225,0,4380,777.5333,1434.5717,2057995.9,0,0,0,0,1,0,0,0,0,833.0714,7.0,1933.5,172,0,0,0,0,0,0,8,56,6,11601,256,229,6,20,1022.0,0.0,1022,1022,38500000.0,46200000.0,71100000,5836874,DDoS
80,1767161,3,5,26,11607,20,0,8.666667,10.263203,7215,0,2321.4,3327.7698,6582.875,4.527035,252451.58,667534.3,1766277,4,682,341.0,414.36456,634,48,1767081,441770.25,883004.56,1766277,4,0,0,0,0,72,112,1.6976382,2.829397,0,7215,1292.5555,2650.5857,7025604.5,0,0,0,1,0,0,0,0,1,1454.125,8.666667,2321.4,72,0,0,0,0,0,0,3,26,5,11607,8192,229,2,20,0.0,0.0,0,0,0.0,0.0,0,0,DDoS
80,83318383,8,7,351,11595,351,0,43.875,124.09724,5792,0,1656.4286,2118.2273,143.37772,0.1800323,5951313.0,22200000.0,83200000,3,83200000,11900000.0,31400000.0,83200000,3,148669,24778.166,54766.01,136144,46,0,0,0,0,264,232,0.09601723,0.08401507,0,5792,746.625,1577.5852,2488775.2,0,0,0,0,1,0,0,0,0,796.4,43.875,1656.4286,264,0,0,0,0,0,0,8,351,7,11595,274,235,1,32,2014.0,0.0,2014,2014,83200000.0,0.0,83200000,83200000,DoS Hulk
80,100841639,10,6,770,11595,382,0,77.0,160.76,5792,0,1932.5,2181.0083,122.618,0.15866461,6722776.0,25900000.0,100000000,1,101000000,11200000.0,33500000.0,100000000,1,397393,79478.6,110174.18,223970,46,0,0,0,0,316,200,0.09916539,0.05949923,0,5792,727.35297,1530.7164,2343092.8,0,0,0,0,1,0,0,0,0,772.8125,77.0,1932.5,316,0,0,0,0,0,0,10,770,6,11595,251,235,3,20,2022.0,0.0,2022,2022,100000000.0,0.0,100000000,100000000,DoS Hulk
80,11402473,9,5,472,11632,472,0,52.444443,157.33333,7240,0,2326.4,3340.9048,1061.5242,1.2278038,877113.3,1940172.4,5398780,104,6399450,799931.25,1891041.5,5399626,213,10400000,2601165.0,3007212.5,5398780,157,0,0,0,0,304,168,0.78930247,0.43850136,0,7240,806.93335,2107.1804,4440209.0,0,0,0,1,0,0,0,0,0,864.5714,52.444443,2326.4,304,0,0,0,0,0,0,9,472,5,11632,29200,235,1,32,998799.0,0.0,998799,998799,5398780.0,0.0,5398780,5398780,DoS GoldenEye
443,5818423,6,4,321,157,227,0,53.5,87.16593,145,0,39.25,70.55672,82.15285,1.7186787,646491.44,1872137.8,5638321,49,5818423,1163684.6,2546431.5,5718657,49,139012,46337.332,48413.344,96776,242,0,0,0,0,132,92,1.0312072,0.6874715,0,227,43.454544,74.49075,5548.8726,0,0,0,1,0,0,0,0,0,47.8,53.5,39.25,132,0,0,0,0,0,0,6,321,4,157,8192,110,5,20,180053.0,0.0,180053,180053,5638321.0,0.0,5638321,5638321,BENIGN
80,11111858,28,35,909,47019,303,0,32.464287,95.43603,2896,0,1343.4,978.2421,4313.23,5.669619,179223.52,1078285.0,8051004,1,3060854,113364.96,546055.1,2844608,18,11100000,326155.0,1457857.9,8095038,48,0,0,0,0,904,1128,2.5198307,3.1497884,0,2896,748.875,976.59296,953733.8,0,0,0,1,0,0,0,0,1,760.7619,32.464287,1343.4,904,0,0,0,0,0,0,28,909,35,47019,29200,140,3,32,0.0,0.0,0,0,0.0,0.0,0,0,BENIGN
80,152001,3,7,342,11595,342,0,114.0,197.4538,7240,0,1656.4286,2565.8508,78532.375,65.78904,16889.0,45399.848,137444,58,13949,6974.5,8449.219,12949,1000,151872,25312.0,55207.527,137444,76,0,0,0,0,104,232,19.736712,46.05233,0,7240,1085.1818,2141.7512,4587098.0,0,0,0,1,0,0,0,0,2,1193.7,114.0,1656.4286,104,0,0,0,0,0,0,3,342,7,11595,29200,235,1,32,0.0,0.0,0,0,0.0,0.0,0,0,DoS Hulk
1039,66,1,1,0,6,0,0,0.0,0.0,6,6,6.0,0.0,90909.09,30303.031,66.0,0.0,66,66,0,0.0,0.0,0,0,0,0.0,0.0,0,0,0,0,0,0,40,20,15151.516,15151.516,0,6,2.0,3.4641016,12.0,0,0,0,1,0,0,0,0,1,3.0,0.0,6.0,40,0,0,0,0,0,0,1,0,1,6,29200,0,0,40,0.0,0.0,0,0,0.0,0.0,0,0,PortScan
53,163,2,2,46,46,23,23,23.0,0.0,23,23,23.0,0.0,564417.2,24539.877,54.333332,90.649506,159,1,3,3.0,0.0,3,3,1,1.0,0.0,1,1,0,0,0,0,64,64,12269.938,12269.938,23,23,23.0,0.0,0.0,0,0,0,0,0,0,0,0,1,28.75,23.0,23.0,64,0,0,0,0,0,0,2,46,2,46,-1,-1,1,32,0.0,0.0,0,0,0.0,0.0,0,0,BENIGN
80,10036737,4,0,24,0,6,6,6.0,0.0,0,0,0.0,0.0,2.3912153,0.3985359,3345579.0,5792985.0,10000000,992,10000000,3345579.0,5792985.0,10000000,992,0,0.0,0.0,0,0,0,0,0,0,80,0,0.3985359,0.0,6,6,6.0,0.0,0.0,0,0,0,0,1,0,0,0,0,7.5,6.0,0.0,80,0,0,0,0,0,0,4,24,0,0,256,-1,3,20,1995.0,0.0,1995,1995,10000000.0,0.0,10000000,10000000,DDoS
80,98462161,6,7,396,11595,378,0,66.0,152.87642,4344,0,1656.4286,2118.2273,121.78282,0.13203041,8205180.0,28400000.0,98400000,1,98500000,19700000.0,44000000.0,98400000,1,98500000,16400000.0,40200000.0,98500000,16,0,0,0,0,164,232,0.060937114,0.0710933,0,4344,856.9286,1663.871,2768466.5,1,0,0,0,0,0,0,0,1,922.8461,66.0,1656.4286,164,0,0,0,0,0,0,6,396,7,11595,0,235,3,20,14018.0,0.0,14018,14018,98400000.0,0.0,98400000,98400000,DoS Hulk
5862,62,1,1,2,6,2,2,2.0,0.0,6,6,6.0,0.0,129032.26,32258.064,62.0,0.0,62,62,0,0.0,0.0,0,0,0,0.0,0.0,0,0,0,0,0,0,24,20,16129.032,16129.032,2,6,3.3333333,2.309401,5.3333335,0,0,0,1,0,0,0,0,1,5.0,2.0,6.0,24,0,0,0,0,0,0,1,2,1,6,1024,0,0,24,0.0,0.0,0,0,0.0,0.0,0,0,PortScan
80,99260847,8,6,355,11595,355,0,44.375,125.51145,7240,0,1932.5,2695.6392,120.38986,0.14104252,7635450.0,27500000.0,99100000,1,99100000,14200000.0,37400000.0,99100000,1,148618,29723.6,59215.848,135186,87,0,0,0,0,264,200,0.080595724,0.060446795,0,7240,796.6667,1877.4136,3524682.0,0,0,0,0,1,0,0,0,0,853.5714,44.375,1932.5,264,0,0,0,0,0,0,8,355,6,11595,274,235,1,32,28234.0,0.0,28234,28234,99100000.0,0.0,99100000,99100000,DoS Hulk
1417,60,1,1,0,6,0,0,0.0,0.0,6,6,6.0,0.0,100000.0,33333.332,60.0,0.0,60,60,0,0.0,0.0,0,0,0,0.0,0.0,0,0,0,0,0,0,40,20,16666.666,16666.666,0,6,2.0,3.4641016,12.0,0,0,0,1,0,0,0,0,1,3.0,0.0,6.0,40,0,0,0,0,0,0,1,0,1,6,29200,0,0,40,0.0,0.0,0,0,0.0,0.0,0,0,PortScan
53,228,2,2,76,242,38,38,38.0,0.0,121,121,121.0,0.0,1394736.9,17543.86,76.0,47.63402,131,48,49,49.0,0.0,49,49,48,48.0,0.0,48,48,0,0,0,0,64,64,8771.93,8771.93,38,121,71.2,45.46097,2066.7,0,0,0,0,0,0,0,0,1,89.0,38.0,121.0,64,0,0,0,0,0,0,2,76,2,242,-1,-1,1,32,0.0,0.0,0,0,0.0,0.0,0,0,BENIGN
80,98341942,6,6,375,11595,375,0,62.5,153.09311,5792,0,1932.5,2537.82,121.718155,0.12202322,8940177.0,29600000.0,98300000,4,98300000,19700000.0,44000000.0,98300000,4,3697,739.4,1265.5055,2981,48,0,0,0,0,200,200,0.06101161,0.06101161,0,5792,920.7692,1908.9485,3644084.2,0,0,0,0,1,0,0,0,1,997.5,62.5,1932.5,200,0,0,0,0,0,0,6,375,6,11595,274,235,1,32,988.0,0.0,988,988,98300000.0,0.0,98300000,98300000,DoS Hulk
53,325,2,2,82,206,41,41,41.0,0.0,103,103,103.0,0.0,886153.9,12307.692,108.333336,145.22511,274,3,3,3.0,0.0,3,3,48,48.0,0.0,48,48,0,0,0,0,88,88,6153.846,6153.846,41,103,65.8,33.958797,1153.2,0,0,0,0,0,0,0,0,1,82.25,41.0,103.0,88,0,0,0,0,0,0,2,82,2,206,-1,-1,1,44,0.0,0.0,0,0,0.0,0.0,0,0,BENIGN
80,63119886,7,0,0,0,0,0,0.0,0.0,0,0,0.0,0.0,0.0,0.110900074,10500000.0,11900000.0,32100000,996367,63100000,10500000.0,11900000.0,32100000,996367,0,0.0,0.0,0,0,0,0,0,0,280,0,0.110900074,0.0,0,0,0.0,0.0,0.0,0,0,0,1,0,0,0,0,0,0.0,0.0,0.0,280,0,0,0,0,0,0,7,0,0,0,29200,-1,0,40,7008321.0,0.0,7008321,7008321,18700000.0,12200000.0,32100000,8015923,DoS Slowhttptest
80,84612355,7,7,332,11595,326,0,47.42857,122.8588,5792,0,1656.4286,2118.2273,140.9605,0.16546047,6508642.5,23400000.0,84500000,0,84500000,14100000.0,34500000.0,84500000,0,150719,25119.834,55596.914,138187,45,0,0,0,0,220,232,0.08273023,0.08273023,0,5792,795.13336,1620.1932,2625026.0,0,0,0,0,1,0,0,0,1,851.9286,47.42857,1656.4286,220,0,0,0,0,0,0,7,332,7,11595,251,235,2,20,5.0,0.0,5,5,84500000.0,0.0,84500000,84500000,DoS Hulk
80,98374713,7,6,344,11595,338,0,49.142857,127.393654,5792,0,1932.5,2534.0515,121.36249,0.13214777,8197893.0,28400000.0,98400000,0,98400000,16400000.0,40200000.0,98400000,0,4338,867.6,1752.1243,4000,48,0,0,0,0,220,200,0.071156494,0.060991284,0,5792,852.7857,1849.0599,3419022.8,0,0,0,0,1,0,0,0,0,918.38464,49.142857,1932.5,220,0,0,0,0,0,0,7,344,6,11595,274,235,2,20,1007.0,0.0,1007,1007,98400000.0,0.0,98400000,98400000,DoS Hulk
53,119626,2,2,60,288,30,30,30.0,0.0,144,144,144.0,0.0,2909.0667,33.437546,39875.332,69062.64,119622,1,1,1.0,0.0,1,1,3,3.0,0.0,3,3,0,0,0,0,64,40,16.718773,16.718773,30,144,75.6,62.440372,3898.8,0,0,0,0,0,0,0,0,1,94.5,30.0,144.0,64,0,0,0,0,0,0,2,60,2,288,-1,-1,1,32,0.0,0.0,0,0,0.0,0.0,0,0,BENIGN
443,573582,8,7,724,4884,377,0,90.5,137.02763,2840,2,697.7143,1025.1014,9777.155,26.15145,40970.145,38503.266,87608,3,491476,70210.86,37759.773,125628,7380,489434,81572.336,92889.1,210212,3,0,0,0,0,172,144,13.947439,12.204009,0,2840,350.5,727.73566,529599.2,0,0,0,1,0,0,0,0,0,373.86667,90.5,697.7143,172,0,0,0,0,0,0,8,724,7,4884,8192,31088,7,20,0.0,0.0,0,0,0.0,0.0,0,0,BENIGN
53,48146,1,1,52,155,52,52,52.0,0.0,155,155,155.0,0.0,4299.4224,41.540314,48146.0,0.0,48146,48146,0,0.0,0.0,0,0,0,0.0,0.0,0,0,0,0,0,0,32,32,20.770157,20.770157,52,155,86.333336,59.46708,3536.3333,0,0,0,0,0,0,0,0,1,129.5,52.0,155.0,32,0,0,0,0,0,0,1,52,1,155,-1,-1,0,32,0.0,0.0,0,0,0.0,0.0,0,0,BENIGN
80,85014731,8,6,335,11595,329,0,41.875,116.03502,4344,0,1932.5,1754.8314,140.32863,0.16467734,6539594.5,23500000.0,84900000,2,84900000,12100000.0,32100000.0,84900000,2,149055,29811.0,61091.816,138827,16,0,0,0,0,252,200,0.09410134,0.070576005,0,4344,795.3333,1424.8923,2030318.2,0,0,0,0,1,0,0,0,0,852.1429,41.875,1932.5,252,0,0,0,0,0,0,8,335,6,11595,274,235,2,20,2005.0,0.0,2005,2005,84900000.0,0.0,84900000,84900000,DoS Hulk
80,1863938,3,5,26,11607,20,0,8.666667,10.263203,5840,0,2321.4,3173.3738,6241.0874,4.2919884,266276.84,704215.3,1863287,1,443,221.5,311.83408,442,1,1863923,465980.75,931537.5,1863287,4,0,0,0,0,72,112,1.6094956,2.6824927,0,5840,1292.5555,2554.1592,6523729.5,0,0,0,1,0,0,0,0,1,1454.125,8.666667,2321.4,72,0,0,0,0,0,0,3,26,5,11607,8192,229,2,20,0.0,0.0,0,0,0.0,0.0,0,0,DDoS
80,100264035,9,7,686,11595,343,0,76.22222,151.24878,4344,0,1656.4286,1547.7377,122.486595,0.15957865,6684269.0,25500000.0,98900000,1,100000000,12500000.0,34900000.0,98900000,1,355525,59254.168,96410.16,224978,14,0,0,0,0,304,232,0.08976299,0.069815665,0,4344,722.41174,1248.5642,1558912.5,0,0,0,0,1,0,0,0,0,767.5625,76.22222,1656.4286,304,0,0,0,0,0,0,9,686,7,11595,251,235,2,32,704.0,0.0,704,704,98900000.0,0.0,98900000,98900000,DoS Hulk
34215,87,1,1,0,0,0,0,0.0,0.0,0,0,0.0,0.0,0.0,22988.506,87.0,0.0,87,87,0,0.0,0.0,0,0,0,0.0,0.0,0,0,0,0,0,0,32,32,11494.253,11494.253,0,0,0.0,0.0,0.0,0,0,0,0,1,1,0,0,1,0.0,0.0,0.0,32,0,0,0,0,0,0,1,0,1,0,939,274,0,32,0.0,0.0,0,0,0.0,0.0,0,0,BENIGN
80,564531,5,0,30,0,6,6,6.0,0.0,0,0,0.0,0.0,53.141457,8.85691,141132.75,281583.25,563507,1,564531,141132.75,281583.25,563507,1,0,0.0,0.0,0,0,0,0,0,0,100,0,8.85691,0.0,6,6,6.0,0.0,0.0,0,0,0,0,1,0,0,0,0,7.2,6.0,0.0,100,0,0,0,0,0,0,5,30,0,0,256,-1,4,20,0.0,0.0,0,0,0.0,0.0,0,0,DDoS
80,1108737,3,6,26,11607,20,0,8.666667,10.263203,4380,0,1934.5,2177.345,10492.118,8.117344,138592.12,391563.84,1107663,3,911,455.5,494.26764,805,106,1108628,221725.6,495254.22,1107663,3,0,0,0,0,72,132,2.7057815,5.411563,0,4380,1163.3,1903.9626,3625073.8,0,0,0,1,0,0,0,0,2,1292.5555,8.666667,1934.5,72,0,0,0,0,0,0,3,26,6,11607,8192,229,2,20,0.0,0.0,0,0,0.0,0.0,0,0,DDoS
53,30915,1,1,95,207,95,95,95.0,0.0,207,207,207.0,0.0,9768.721,64.69351,30915.0,0.0,30915,30915,0,0.0,0.0,0,0,0,0.0,0.0,0,0,0,0,0,0,20,20,32.346756,32.346756,95,207,132.33333,64.66323,4181.3335,0,0,0,0,0,0,0,0,1,198.5,95.0,207.0,20,0,0,0,0,0,0,1,95,1,207,-1,-1,0,20,0.0,0.0,0,0,0.0,0.0,0,0,BENIGN
80,723501,3,6,26,11601,20,0,8.666667,10.263203,5840,0,1933.5,2189.773,16070.469,12.439513,90437.625,247414.52,702509,45,20591,10295.5,14151.328,20302,289,723454,144690.8,311956.9,702509,45,0,0,0,0,72,132,4.1465044,8.293009,0,5840,1162.7,1911.5957,3654198.2,0,0,0,1,0,0,0,0,2,1291.8889,8.666667,1933.5,72,0,0,0,0,0,0,3,26,6,11601,8192,229,2,20,0.0,0.0,0,0,0.0,0.0,0,0,DDoS
80,3423,3,6,340,11595,340,0,113.333336,196.29909,5792,0,1932.5,2537.82,3486707.5,2629.2725,427.875,659.7676,1723,12,3002,1501.0,313.9554,1723,1279,3362,672.4,1276.2397,2953,47,0,0,0,0,104,200,876.4242,1752.8484,0,5792,1193.5,2120.8271,4497908.0,0,0,0,1,0,0,0,0,2,1326.1111,113.333336,1932.5,104,0,0,0,0,0,0,3,340,6,11595,29200,235,1,32,0.0,0.0,0,0,0.0,0.0,0,0,DoS Hulk
80,24494124,11,6,375,11632,375,0,34.090908,113.06676,5792,0,1938.6666,2544.919,490.1992,0.694044,1530882.8,3309646.8,12500000,13,19500000,1949404.8,3927409.2,12500000,187,17500000,3496081.5,5468067.0,12500000,13,0,0,0,0,384,200,0.4490873,0.2449567,0,5792,667.05554,1663.8884,2768524.8,0,0,0,1,0,0,0,0,0,706.2941,34.090908,1938.6666,384,0,0,0,0,0,0,11,375,6,11632,29200,235,1,32,7014607.0,0.0,7014607,7014607,12500000.0,0.0,12500000,12500000,DoS GoldenEye
49175,70,1,1,2,6,2,2,2.0,0.0,6,6,6.0,0.0,114285.71,28571.428,70.0,0.0,70,70,0,0.0,0.0,0,0,0,0.0,0.0,0,0,0,0,0,0,24,20,14285.714,14285.714,2,6,3.3333333,2.309401,5.3333335,0,0,0,1,0,0,0,0,1,5.0,2.0,6.0,24,0,0,0,0,0,0,1,2,1,6,1024,0,0,24,0.0,0.0,0,0,0.0,0.0,0,0,PortScan
80,19436,3,4,26,11601,20,0,8.666667,10.263203,8760,0,2900.25,4128.3193,598219.8,360.1564,3239.3333,6717.5854,16934,60,17980,8990.0,11319.365,16994,986,19376,6458.6665,10076.525,18094,616,0,0,0,0,72,92,154.35275,205.80367,0,8760,1453.375,3113.9526,9696701.0,0,0,0,1,0,0,0,0,1,1661.0,8.666667,2900.25,72,0,0,0,0,0,0,3,26,4,11601,8192,229,2,20,0.0,0.0,0,0,0.0,0.0,0,0,DDoS
56078,175,1,1,0,0,0,0,0.0,0.0,0,0,0.0,0.0,0.0,11428.571,175.0,0.0,175,175,0,0.0,0.0,0,0,0,0.0,0.0,0,0,0,0,0,0,20,20,5714.2856,5714.2856,0,0,0.0,0.0,0.0,0,0,0,0,1,1,0,0,1,0.0,0.0,0.0,20,0,0,0,0,0,0,1,0,1,0,946,252,0,20,0.0,0.0,0,0,0.0,0.0,0,0,BENIGN
1056,62,1,1,2,6,2,2,2.0,0.0,6,6,6.0,0.0,129032.26,32258.064,62.0,0.0,62,62,0,0.0,0.0,0,0,0,0.0,0.0,0,0,0,0,0,0,24,20,16129.032,16129.032,2,6,3.3333333,2.309401,5.3333335,0,0,0,1,0,0,0,0,1,5.0,2.0,6.0,24,0,0,0,0,0,0,1,2,1,6,1024,0,0,24,0.0,0.0,0,0,0.0,0.0,0,0,PortScan
80,101174723,9,6,351,11595,351,0,39.0,117.0,5792,0,1932.5,2181.0083,118.07297,0.14825837,7226766.0,27000000.0,101000000,1,101000000,12600000.0,35700000.0,101000000,1,142455,28491.0,56603.47,129259,47,0,0,0,0,296,200,0.08895502,0.05930335,0,5792,746.625,1578.9309,2493022.8,0,0,0,0,1,0,0,0,0,796.4,39.0,1932.5,296,0,0,0,0,0,0,9,351,6,11595,251,235,1,32,3022.0,0.0,3022,3022,101000000.0,0.0,101000000,101000000,DoS Hulk
80,100585120,9,6,331,11595,331,0,36.77778,110.333336,4344,0,1932.5,2178.085,118.566246,0.14912742,7184651.5,26800000.0,100000000,0,100000000,12600000.0,35500000.0,100000000,0,131752,26350.4,56369.12,127132,16,0,0,0,0,296,200,0.08947645,0.05965097,0,4344,745.375,1577.9275,2489855.2,0,0,0,0,1,0,0,0,0,795.06665,36.77778,1932.5,296,0,0,0,0,0,0,9,331,6,11595,251,235,1,32,1014.0,0.0,1014,1014,100000000.0,0.0,100000000,100000000,DoS Hulk
80,1491667,3,4,26,11607,20,0,8.666667,10.263203,11595,0,2901.75,5795.5005,7798.6577,4.692736,248611.17,608470.4,1490646,5,863,431.5,364.16,689,174,1491621,497207.0,860343.56,1490646,5,0,0,0,0,72,92,2.0111728,2.6815636,0,11595,1454.125,4097.5376,16800000.0,0,0,0,1,0,0,0,0,1,1661.8572,8.666667,2901.75,72,0,0,0,0,0,0,3,26,4,11607,8192,229,2,20,0.0,0.0,0,0,0.0,0.0,0,0,DDoS
80,85342082,7,6,373,11595,373,0,53.285713,140.98074,5792,0,1932.5,2181.0083,140.23563,0.15232813,7111840.0,24600000.0,85200000,1,85200000,14200000.0,34800000.0,85200000,1,150427,30085.4,60107.055,137143,46,0,0,0,0,232,200,0.08202284,0.070305295,0,5792,854.8571,1666.3992,2776886.2,0,0,0,0,1,0,0,0,0,920.61536,53.285713,1932.5,232,0,0,0,0,0,0,7,373,6,11595,274,235,1,32,986.0,0.0,986,986,85200000.0,0.0,85200000,85200000,DoS Hulk
53,30636,2,2,76,108,38,38,38.0,0.0,54,54,54.0,0.0,6006.006,130.56535,10212.0,17642.684,30584,4,4,4.0,0.0,4,4,48,48.0,0.0,48,48,0,0,0,0,80,64,65.28268,65.28268,38,54,44.4,8.763561,76.8,0,0,0,0,0,0,0,0,1,55.5,38.0,54.0,80,0,0,0,0,0,0,2,76,2,108,-1,-1,1,40,0.0,0.0,0,0,0.0,0.0,0,0,BENIGN
80,11548905,7,5,367,11632,367,0,52.42857,138.71297,7288,0,2326.4,3351.2905,1038.9729,1.0390595,1049900.5,2360200.8,6547011,48,6552175,1092029.1,2674099.0,6550511,228,11500000,2887214.2,3392536.0,6547011,94,0,0,0,0,232,168,0.6061181,0.43294147,0,7288,923.0,2255.4543,5087074.5,0,0,0,1,0,0,0,0,0,999.9167,52.42857,2326.4,232,0,0,0,0,0,0,7,367,5,11632,29200,235,1,32,943.0,0.0,943,943,6547011.0,0.0,6547011,6547011,DoS GoldenEye
4126,38,1,1,2,6,2,2,2.0,0.0,6,6,6.0,0.0,210526.31,52631.58,38.0,0.0,38,38,0,0.0,0.0,0,0,0,0.0,0.0,0,0,0,0,0,0,24,20,26315.79,26315.79,2,6,3.3333333,2.309401,5.3333335,0,0,0,1,0,0,0,0,1,5.0,2.0,6.0,24,0,0,0,0,0,0,1,2,1,6,1024,0,0,24,0.0,0.0,0,0,0.0,0.0,0,0,PortScan
80,80891932,8,5,56,11601,20,0,7.0,5.656854,5840,0,2320.2,2436.833,144.10583,0.16070823,6740994.5,21400000.0,74500000,2,80800000,11500000.0,27900000.0,74500000,2,143251,35812.75,60791.33,126314,193,0,0,0,0,172,112,0.098897375,0.061810862,0,5840,833.0714,1774.9062,3150292.5,0,0,0,0,1,0,0,0,0,897.1539,7.0,2320.2,172,0,0,0,0,0,0,8,56,5,11601,256,229,6,20,976.0,0.0,976,976,40400000.0,48200000.0,74500000,6257915,DDoS
3370,56,1,1,2,6,2,2,2.0,0.0,6,6,6.0,0.0,142857.14,35714.285,56.0,0.0,56,56,0,0.0,0.0,0,0,0,0.0,0.0,0,0,0,0,0,0,24,20,17857.143,17857.143,2,6,3.3333333,2.309401,5.3333335,0,0,0,1,0,0,0,0,1,5.0,2.0,6.0,24,0,0,0,0,0,0,1,2,1,6,1024,0,0,24,0.0,0.0,0,0,0.0,0.0,0,0,PortScan
80,1175655,3,8,26,11601,20,0,8.666667,10.263203,2920,0,1450.125,1102.9415,9889.806,9.356486,117565.5,362034.0,1147653,1,26998,13499.0,19089.055,26997,1,1175609,167944.14,432129.34,1147653,50,0,0,0,0,72,172,2.551769,6.8047175,0,2920,968.9167,1131.0938,1279373.0,0,0,0,1,0,0,0,0,2,1057.0,8.666667,1450.125,72,0,0,0,0,0,0,3,26,8,11601,8192,229,2,20,0.0,0.0,0,0,0.0,0.0,0,0,DDoS
80,1689471,3,5,26,11607,20,0,8.666667,10.263203,8760,0,2321.4,3802.3154,6885.5874,4.73521,241353.0,638060.44,1688338,2,835,417.5,488.61078,763,72,1689440,422360.0,843985.44,1688338,2,0,0,0,0,72,112,1.7757038,2.9595063,0,8760,1292.5555,2952.5208,8717379.0,0,0,0,1,0,0,0,0,1,1454.125,8.666667,2321.4,72,0,0,0,0,0,0,3,26,5,11607,8192,229,2,20,0.0,0.0,0,0,0.0,0.0,0,0,DDoS
80,97824437,9,5,62,11601,20,0,6.888889,5.3019915,7300,0,2320.2,3022.508,119.223785,0.14311352,7524956.5,25700000.0,92900000,1,97200000,12100000.0,32700000.0,92900000,1,685200,171300.0,327582.47,662431,189,0,0,0,0,192,112,0.09200155,0.051111974,0,7300,777.93335,1970.8926,3884417.5,0,0,0,0,1,0,0,0,0,833.5,6.888889,2320.2,192,0,0,0,0,0,0,9,62,5,11601,256,229,7,20,4197920.0,0.0,4197920,4197920,92900000.0,0.0,92900000,92900000,DDoS
80,98495814,6,7,352,11595,334,0,58.666668,134.91725,5792,0,1656.4286,2425.838,121.294495,0.1319853,8207984.5,28400000.0,98500000,39,98500000,19700000.0,44000000.0,98500000,117,98500000,16400000.0,40200000.0,98500000,49,0,0,0,0,164,232,0.060916293,0.07106901,0,5792,853.7857,1848.5093,3416986.5,1,0,0,0,0,0,0,0,1,919.46155,58.666668,1656.4286,164,0,0,0,0,0,0,6,352,7,11595,0,235,3,20,13988.0,0.0,13988,13988,98500000.0,0.0,98500000,98500000,DoS Hulk
443,264246,15,10,974,7387,469,0,64.933334,134.26598,1581,0,738.7,750.4129,31640.97,94.60881,11010.25,22858.105,77652,0,264246,18874.715,27872.146,77719,0,206518,22946.445,34766.938,78997,1,0,0,0,0,492,328,56.765285,37.843525,0,1581,321.57693,571.0263,326071.06,0,0,0,1,0,0,0,0,0,334.44,64.933334,738.7,492,0,0,0,0,0,0,15,974,10,7387,65535,357,6,32,0.0,0.0,0,0,0.0,0.0,0,0,BENIGN
53,370847,2,2,68,170,34,34,34.0,0.0,85,85,85.0,0.0,641.7741,10.786119,123615.664,214063.58,370795,4,48,48.0,0.0,48,48,4,4.0,0.0,4,4,0,0,0,0,40,40,5.3930597,5.3930597,34,85,54.4,27.933851,780.3,0,0,0,0,0,0,0,0,1,68.0,34.0,85.0,40,0,0,0,0,0,0,2,68,2,170,-1,-1,1,20,0.0,0.0,0,0,0.0,0.0,0,0,BENIGN
587,73,1,1,2,6,2,2,2.0,0.0,6,6,6.0,0.0,109589.04,27397.26,73.0,0.0,73,73,0,0.0,0.0,0,0,0,0.0,0.0,0,0,0,0,0,0,24,20,13698.63,13698.63,2,6,3.3333333,2.309401,5.3333335,0,0,0,1,0,0,0,0,1,5.0,2.0,6.0,24,0,0,0,0,0,0,1,2,1,6,1024,0,0,24,0.0,0.0,0,0,0.0,0.0,0,0,PortScan
80,9049768,5,0,30,0,6,6,6.0,0.0,0,0,0.0,0.0,3.3150022,0.55250037,2262442.0,4523559.5,9047781,1,9049768,2262442.0,4523559.5,9047781,1,0,0.0,0.0,0,0,0,0,0,0,100,0,0.55250037,0.0,6,6,6.0,0.0,0.0,0,0,0,0,1,0,0,0,0,7.2,6.0,0.0,100,0,0,0,0,0,0,5,30,0,0,256,-1,4,20,1987.0,0.0,1987,1987,9047781.0,0.0,9047781,9047781,DDoS
80,46828,3,5,26,11607,20,0,8.666667,10.263203,7300,0,2321.4,3346.364,248419.75,170.83797,6689.7144,17335.045,45999,2,706,353.0,373.3524,617,89,46815,11703.75,22866.176,45999,2,0,0,0,0,72,112,64.06423,106.77373,0,7300,1292.5555,2662.265,7087654.5,0,0,0,1,0,0,0,0,1,1454.125,8.666667,2321.4,72,0,0,0,0,0,0,3,26,5,11607,8192,229,2,20,0.0,0.0,0,0,0.0,0.0,0,0,DDoS
80,13009,3,1,18,0,6,6,6.0,0.0,0,0,0.0,0.0,1383.6575,307.47943,4336.3335,6644.226,11988,26,13009,6504.5,7754.84,11988,1021,0,0.0,0.0,0,0,0,0,0,0,60,32,230.60957,76.86986,0,6,4.8,2.6832817,7.2,1,0,0,0,0,0,0,0,0,6.0,6.0,0.0,60,0,0,0,0,0,0,3,18,1,0,0,235,2,20,0.0,0.0,0,0,0.0,0.0,0,0,DoS Hulk
135,46,1,3,6,18,6,6,6.0,0.0,6,6,6.0,0.0,521739.12,86956.52,15.333333,23.115652,42,1,0,0.0,0.0,0,0,4,2.0,1.4142135,3,1,0,0,0,0,20,60,21739.13,65217.39,6,6,6.0,0.0,0.0,0,0,0,0,1,1,0,0,3,7.5,6.0,6.0,20,0,0,0,0,0,0,1,6,3,18,254,2051,0,20,0.0,0.0,0,0,0.0,0.0,0,0,BENIGN
110,44,1,1,0,6,0,0,0.0,0.0,6,6,6.0,0.0,136363.64,45454.547,44.0,0.0,44,44,0,0.0,0.0,0,0,0,0.0,0.0,0,0,0,0,0,0,40,20,22727.273,22727.273,0,6,2.0,3.4641016,12.0,0,0,0,1,0,0,0,0,1,3.0,0.0,6.0,40,0,0,0,0,0,0,1,0,1,6,29200,0,0,40,0.0,0.0,0,0,0.0,0.0,0,0,PortScan
80,14524,2,2,12,0,6,6,6.0,0.0,0,0,0.0,0.0,826.2187,275.40622,4841.3335,8212.713,14324,11,200,200.0,0.0,200,200,14513,14513.0,0.0,14513,14513,0,0,0,0,40,64,137.70311,137.70311,0,6,3.6,3.2863352,10.8,1,0,0,0,0,0,0,0,1,4.5,6.0,0.0,40,0,0,0,0,0,0,2,12,2,0,0,235,1,20,0.0,0.0,0,0,0.0,0.0,0,0,DoS Hulk
54031,48,2,2,12,4,6,6,6.0,0.0,2,2,2.0,0.0,333333.34,83333.336,16.0,13.076696,25,1,48,48.0,0.0,48,48,1,1.0,0.0,1,1,0,0,0,0,40,48,41666.668,41666.668,2,6,4.4,2.1908903,4.8,1,0,0,0,1,0,0,0,1,5.5,6.0,2.0,40,0,0,0,0,0,0,2,12,2,4,0,1024,1,20,0.0,0.0,0,0,0.0,0.0,0,0,BENIGN
800,85,1,1,0,6,0,0,0.0,0.0,6,6,6.0,0.0,70588.234,23529.412,85.0,0.0,85,85,0,0.0,0.0,0,0,0,0.0,0.0,0,0,0,0,0,0,40,20,11764.706,11764.706,0,6,2.0,3.4641016,12.0,0,0,0,1,0,0,0,0,1,3.0,0.0,6.0,40,0,0,0,0,0,0,1,0,1,6,29200,0,0,40,0.0,0.0,0,0,0.0,0.0,0,0,PortScan
80,53062,3,4,26,11607,20,0,8.666667,10.263203,11595,0,2901.75,5795.5005,219234.11,131.92114,8843.667,21292.818,52306,5,693,346.5,253.85133,526,167,53018,17672.666,29995.4,52306,5,0,0,0,0,72,92,56.537636,75.383514,0,11595,1454.125,4097.5376,16800000.0,0,0,0,1,0,0,0,0,1,1661.8572,8.666667,2901.75,72,0,0,0,0,0,0,3,26,4,11607,8192,229,2,20,0.0,0.0,0,0,0.0,0.0,0,0,DDoS
80,105562,3,6,354,11595,354,0,118.0,204.38199,4344,0,1932.5,1754.8314,113194.14,85.25795,13195.25,32935.316,94160,4,11035,5517.5,7797.2666,11031,4,105481,21096.2,41117.46,94160,47,0,0,0,0,104,200,28.419317,56.838634,0,4344,1194.9,1621.1094,2627995.8,0,0,0,1,0,0,0,0,2,1327.6666,118.0,1932.5,104,0,0,0,0,0,0,3,354,6,11595,29200,235,1,32,0.0,0.0,0,0,0.0,0.0,0,0,DoS Hulk
443,63490,5,4,121,3110,121,0,24.2,54.112846,1338,0,777.5,671.02386,50889.902,141.75461,7936.25,12784.484,28600,25,63490,15872.5,14955.467,28826,521,29297,9765.667,16663.76,29007,49,0,0,0,0,172,136,78.752556,63.00205,0,1338,323.1,551.7194,304394.3,0,0,0,1,0,0,0,0,0,359.0,24.2,777.5,172,0,0,0,0,0,0,5,121,4,3110,65535,4050,1,32,0.0,0.0,0,0,0.0,0.0,0,0,BENIGN
80,63139309,7,0,0,0,0,0,0.0,0.0,0,0,0.0,0.0,0.0,0.11086596,10500000.0,11900000.0,32100000,996152,63100000,10500000.0,11900000.0,32100000,996152,0,0.0,0.0,0,0,0,0,0,0,280,0,0.11086596,0.0,0,0,0.0,0.0,0.0,0,0,0,1,0,0,0,0,0,0.0,0.0,0.0,280,0,0,0,0,0,0,7,0,0,0,29200,-1,0,40,7012065.0,0.0,7012065,7012065,18700000.0,12200000.0,32100000,8015930,DoS Slowhttptest
80,85519027,6,7,826,11595,407,0,137.66667,208.64195,4344,0,1656.4286,1760.5973,145.24254,0.15201296,7126585.5,24600000.0,85100000,15,85400000,17100000.0,38100000.0,85100000,1011,85500000,14300000.0,34700000.0,85200000,15,0,0,0,0,176,232,0.07015982,0.08185313,0,4344,887.6429,1443.9575,2085013.4,1,0,0,0,0,0,0,0,1,955.9231,137.66667,1656.4286,176,0,0,0,0,0,0,6,826,7,11595,0,235,3,20,10975.0,0.0,10975,10975,85100000.0,0.0,85100000,85100000,DoS Hulk
80,116247334,6,8,369,11595,357,0,61.5,144.79468,5792,0,1449.375,2046.6735,102.91849,0.12043287,8942103.0,27700000.0,100000000,4,116000000,23200000.0,43500000.0,100000000,4,116000000,16600000.0,43900000.0,116000000,47,0,0,0,0,184,264,0.051614087,0.068818785,0,5792,798.0,1619.1511,2621650.5,1,0,0,0,0,0,0,0,1,855.0,61.5,1449.375,184,0,0,0,0,0,0,6,369,8,11595,0,235,2,20,11979.0,0.0,11979,11979,58000000.0,59400000.0,100000000,16000000,DoS Hulk
80,98278715,6,7,307,11595,289,0,51.166668,116.55113,4344,0,1656.4286,1760.5973,121.10455,0.13227686,8189893.0,28400000.0,98200000,7,98300000,19700000.0,43900000.0,98200000,7,98300000,16400000.0,40100000.0,98300000,50,0,0,0,0,164,232,0.06105086,0.071226,0,4344,850.5714,1461.284,2135351.2,1,0,0,0,0,0,0,0,1,916.0,51.166668,1656.4286,164,0,0,0,0,0,0,6,307,7,11595,0,235,3,20,10978.0,0.0,10978,10978,98200000.0,0.0,98200000,98200000,DoS Hulk
55347,3143,2,1,280,6,274,6,140.0,189.50462,6,6,6.0,0.0,90995.87,954.5021,1571.5,2124.856,3074,69,3143,3143.0,0.0,3143,3143,0,0.0,0.0,0,0,1,0,0,0,40,20,636.3347,318.16736,6,274,140.0,154.72987,23941.334,0,1,0,0,1,0,0,0,0,186.66667,140.0,6.0,40,0,0,0,0,0,0,2,280,1,6,60,0,1,20,0.0,0.0,0,0,0.0,0.0,0,0,BENIGN
80,99397660,6,5,379,11595,361,0,63.166668,145.93755,8688,0,2319.0,3776.347,120.465614,0.11066659,9939766.0,31400000.0,99300000,1,99300000,19900000.0,44400000.0,99300000,1,99400000,24800000.0,49600000.0,99300000,185,0,0,0,0,164,168,0.060363594,0.050302994,0,8688,998.3333,2560.2278,6554766.0,1,0,0,0,0,0,0,0,0,1089.091,63.166668,2319.0,164,0,0,0,0,0,0,6,379,5,11595,0,235,3,20,11001.0,0.0,11001,11001,99300000.0,0.0,99300000,99300000,DoS Hulk
53,48944,1,1,50,101,50,50,50.0,0.0,101,101,101.0,0.0,3085.1584,40.863026,48944.0,0.0,48944,48944,0,0.0,0.0,0,0,0,0.0,0.0,0,0,0,0,0,0,20,20,20.431513,20.431513,50,101,67.0,29.444864,867.0,0,0,0,0,0,0,0,0,1,100.5,50.0,101.0,20,0,0,0,0,0,0,1,50,1,101,-1,-1,0,20,0.0,0.0,0,0,0.0,0.0,0,0,BENIGN
80,98436857,6,7,362,11595,344,0,60.333332,138.9988,4344,0,1656.4286,1947.6382,121.46873,0.13206436,8203071.5,28400000.0,98300000,1,98300000,19700000.0,43900000.0,98300000,1,98400000,16400000.0,40100000.0,98300000,88,0,0,0,0,164,232,0.06095278,0.071111575,0,4344,854.5,1565.5461,2450935.0,1,0,0,0,0,0,0,0,1,920.2308,60.333332,1656.4286,164,0,0,0,0,0,0,6,362,7,11595,0,235,3,20,12991.0,0.0,12991,12991,98300000.0,0.0,98300000,98300000,DoS Hulk
80,1860812,3,5,26,11607,20,0,8.666667,10.263203,10135,0,2321.4,4413.202,6251.572,4.2991986,265830.28,703022.75,1860136,5,443,221.5,205.76807,367,76,1860794,465198.5,929958.4,1860136,5,0,0,0,0,72,112,1.6121994,2.686999,0,10135,1292.5555,3350.635,11200000.0,0,0,0,1,0,0,0,0,1,1454.125,8.666667,2321.4,72,0,0,0,0,0,0,3,26,5,11607,8192,229,2,20,0.0,0.0,0,0,0.0,0.0,0,0,DDoS
80,85437117,8,6,369,11595,369,0,46.125,130.4612,5792,0,1932.5,2181.0083,140.03282,0.16386321,6572086.0,23700000.0,85300000,1,85300000,12200000.0,32200000.0,85300000,1,150411,30082.2,60129.887,137185,45,0,0,0,0,264,200,0.09363612,0.07022709,0,5792,797.6,1620.9564,2627499.8,0,0,0,0,1,0,0,0,0,854.5714,46.125,1932.5,264,0,0,0,0,0,0,8,369,6,11595,274,235,1,32,1002.0,0.0,1002,1002,85300000.0,0.0,85300000,85300000,DoS Hulk
10163,91,3,1,43,6,31,6,14.333333,14.433757,6,6,6.0,0.0,538461.56,43956.043,30.333334,49.08496,87,1,4,2.0,1.4142135,3,1,0,0.0,0.0,0,0,0,0,0,0,60,20,32967.03,10989.011,6,31,11.0,11.18034,125.0,0,0,0,0,1,0,0,0,0,13.75,14.333333,6.0,60,0,0,0,0,0,0,3,43,1,6,990,0,2,20,0.0,0.0,0,0,0.0,0.0,0,0,BENIGN
80,98864886,7,5,316,11595,316,0,45.142857,119.436775,8688,0,2319.0,3774.2375,120.477554,0.12137777,8987717.0,29800000.0,98700000,0,98700000,16500000.0,40300000.0,98700000,0,152646,38161.5,67675.33,139270,188,0,0,0,0,232,168,0.0708037,0.05057407,0,8688,916.2308,2467.369,6087909.5,0,0,0,0,1,0,0,0,0,992.5833,45.142857,2319.0,232,0,0,0,0,0,0,7,316,5,11595,274,235,1,32,6.0,0.0,6,6,98700000.0,0.0,98700000,98700000,DoS Hulk
80,933346,3,4,26,11601,20,0,8.666667,10.263203,8675,0,2900.25,4088.042,12457.331,7.4998984,155557.67,378894.06,928966,2,3896,1948.0,2752.0596,3894,2,933283,311094.34,535096.3,928966,159,0,0,0,0,72,92,3.214242,4.285656,0,8675,1453.375,3091.0957,9554872.0,0,0,0,1,0,0,0,0,1,1661.0,8.666667,2900.25,72,0,0,0,0,0,0,3,26,4,11601,8192,229,2,20,0.0,0.0,0,0,0.0,0.0,0,0,DDoS
53,213,2,2,92,124,46,46,46.0,0.0,62,62,62.0,0.0,1014084.5,18779.342,71.0,117.77946,207,3,3,3.0,0.0,3,3,3,3.0,0.0,3,3,0,0,0,0,64,64,9389.671,9389.671,46,62,52.4,8.763561,76.8,0,0,0,0,0,0,0,0,1,65.5,46.0,62.0,64,0,0,0,0,0,0,2,92,2,124,-1,-1,1,32,0.0,0.0,0,0,0.0,0.0,0,0,BENIGN
80,102626988,14,3,2541,6,231,0,181.5,98.363335,6,0,2.0,3.4641016,24.818033,0.16564843,6414187.0,13200000.0,51300000,96,103000000,7894374.0,14300000.0,51300000,365,103000000,51300000.0,27900000.0,71000000,31600000,0,0,0,0,456,100,0.13641636,0.029232077,0,231,141.5,115.45473,13329.794,0,0,0,1,0,0,0,0,0,149.82353,181.5,2.0,456,0,0,0,0,0,0,14,2541,3,6,29200,0,11,32,3206329.0,4533373.5,6411908,750,19200000.0,18800000.0,51300000,5926060,DoS slowloris
80,37049,4,0,24,0,6,6,6.0,0.0,0,0,0.0,0.0,647.7908,107.965126,12349.667,20522.607,36040,1,37049,12349.667,20522.607,36040,1,0,0.0,0.0,0,0,0,0,0,0,80,0,107.965126,0.0,6,6,6.0,0.0,0.0,0,0,0,0,1,0,0,0,0,7.5,6.0,0.0,80,0,0,0,0,0,0,4,24,0,0,256,-1,3,20,0.0,0.0,0,0,0.0,0.0,0,0,DDoS
80,76988988,8,5,56,11607,20,0,7.0,5.656854,5840,0,2321.4,3173.3738,151.4892,0.16885532,6415749.0,21000000.0,73100000,3,77000000,11000000.0,27400000.0,73100000,3,28513,7128.25,13556.233,27454,4,0,0,0,0,172,112,0.10391097,0.06494436,0,5840,833.5,2103.1155,4423095.0,0,0,0,0,1,0,0,0,0,897.61536,7.0,2321.4,172,0,0,0,0,0,0,8,56,5,11607,256,229,6,20,3833913.0,0.0,3833913,3833913,73100000.0,0.0,73100000,73100000,DDoS
80,100532663,8,6,327,11595,327,0,40.875,115.61196,5792,0,1932.5,2181.0083,118.588326,0.13925822,7733282.0,27800000.0,100000000,1,100000000,14300000.0,37900000.0,100000000,1,148312,29662.4,58723.883,134169,46,0,0,0,0,264,200,0.07957613,0.059682097,0,5792,794.8,1621.7858,2630189.0,0,0,0,0,1,0,0,0,0,851.5714,40.875,1932.5,264,0,0,0,0,0,0,8,327,6,11595,274,235,1,32,1998.0,0.0,1998,1998,100000000.0,0.0,100000000,100000000,DoS Hulk
366,58,1,1,2,6,2,2,2.0,0.0,6,6,6.0,0.0,137931.03,34482.758,58.0,0.0,58,58,0,0.0,0.0,0,0,0,0.0,0.0,0,0,0,0,0,0,24,20,17241.379,17241.379,2,6,3.3333333,2.309401,5.3333335,0,0,0,1,0,0,0,0,1,5.0,2.0,6.0,24,0,0,0,0,0,0,1,2,1,6,1024,0,0,24,0.0,0.0,0,0,0.0,0.0,0,0,PortScan
80,81758976,8,5,56,11607,20,0,7.0,5.656854,10135,0,2321.4,4413.202,142.651,0.15900394,6813248.0,22700000.0,79000000,4,81700000,11700000.0,29700000.0,79000000,4,76974,19243.5,37702.71,75794,4,0,0,0,0,172,112,0.09784859,0.061155364,0,10135,833.5,2705.0442,7317264.5,0,0,0,0,1,0,0,0,0,897.61536,7.0,2321.4,172,0,0,0,0,0,0,8,56,5,11607,256,229,6,20,2688526.0,0.0,2688526,2688526,79000000.0,0.0,79000000,79000000,DDoS
53,196,2,2,64,96,32,32,32.0,0.0,48,48,48.0,0.0,816326.5,20408.164,65.333336,29.160475,99,48,49,49.0,0.0,49,49,48,48.0,0.0,48,48,0,0,0,0,64,64,10204.082,10204.082,32,48,38.4,8.763561,76.8,0,0,0,0,0,0,0,0,1,48.0,32.0,48.0,64,0,0,0,0,0,0,2,64,2,96,-1,-1,1,32,0.0,0.0,0,0,0.0,0.0,0,0,BENIGN
80,90401,3,6,26,11607,20,0,8.666667,10.263203,5840,0,1934.5,2538.9192,128682.2,99.55642,11300.125,31656.965,89646,4,579,289.5,341.53256,531,48,90388,18077.6,40008.816,89646,4,0,0,0,0,72,132,33.185474,66.37095,0,5840,1163.3,2138.329,4572451.5,0,0,0,1,0,0,0,0,2,1292.5555,8.666667,1934.5,72,0,0,0,0,0,0,3,26,6,11607,8192,229,2,20,0.0,0.0,0,0,0.0,0.0,0,0,DDoS
3322,43,1,1,0,6,0,0,0.0,0.0,6,6,6.0,0.0,139534.89,46511.63,43.0,0.0,43,43,0,0.0,0.0,0,0,0,0.0,0.0,0,0,0,0,0,0,40,20,23255.814,23255.814,0,6,2.0,3.4641016,12.0,0,0,0,1,0,0,0,0,1,3.0,0.0,6.0,40,0,0,0,0,0,0,1,0,1,6,29200,0,0,40,0.0,0.0,0,0,0.0,0.0,0,0,PortScan
53,204,2,2,68,220,34,34,34.0,0.0,110,110,110.0,0.0,1411764.8,19607.844,68.0,34.641018,108,48,48,48.0,0.0,48,48,48,48.0,0.0,48,48,0,0,0,0,40,40,9803.922,9803.922,34,110,64.4,41.626915,1732.8,0,0,0,0,0,0,0,0,1,80.5,34.0,110.0,40,0,0,0,0,0,0,2,68,2,220,-1,-1,1,20,0.0,0.0,0,0,0.0,0.0,0,0,BENIGN
80,450400,3,5,26,11607,20,0,8.666667,10.263203,7215,0,2321.4,3327.7698,25828.152,17.76199,64342.855,169821.66,449462,4,679,339.5,241.12341,510,169,450385,112596.25,224577.4,449462,4,0,0,0,0,72,112,6.660746,11.101243,0,7215,1292.5555,2650.5857,7025604.5,0,0,0,1,0,0,0,0,1,1454.125,8.666667,2321.4,72,0,0,0,0,0,0,3,26,5,11607,8192,229,2,20,0.0,0.0,0,0,0.0,0.0,0,0,DDoS
80,117138490,6,8,362,11595,350,0,60.333332,141.93755,4344,0,1449.375,1729.3801,102.07576,0.11951665,9010653.0,28000000.0,101000000,15,117000000,23400000.0,43900000.0,101000000,992,117000000,16700000.0,44200000.0,117000000,15,0,0,0,0,184,264,0.051221423,0.068295226,0,4344,797.5333,1422.3348,2023036.4,1,0,0,0,0,0,0,0,1,854.5,60.333332,1449.375,184,0,0,0,0,0,0,6,362,8,11595,0,235,2,20,12986.0,0.0,12986,12986,58500000.0,60000000.0,101000000,16000000,DoS Hulk
80,9270824,4,0,24,0,6,6,6.0,0.0,0,0,0.0,0.0,2.5887666,0.4314611,3090274.8,5352511.0,9270822,1,9270824,3090274.8,5352511.0,9270822,1,0,0.0,0.0,0,0,0,0,0,0,80,0,0.4314611,0.0,6,6,6.0,0.0,0.0,0,0,0,0,1,0,0,0,0,7.5,6.0,0.0,80,0,0,0,0,0,0,4,24,0,0,256,-1,3,20,2.0,0.0,2,2,9270822.0,0.0,9270822,9270822,DDoS
53,698,1,1,75,153,75,75,75.0,0.0,153,153,153.0,0.0,326647.56,2865.3296,698.0,0.0,698,698,0,0.0,0.0,0,0,0,0.0,0.0,0,0,0,0,0,0,32,32,1432.6648,1432.6648,75,153,101.0,45.03332,2028.0,0,0,0,0,0,0,0,0,1,151.5,75.0,153.0,32,0,0,0,0,0,0,1,75,1,153,-1,-1,0,32,0.0,0.0,0,0,0.0,0.0,0,0,BENIGN
80,98622985,7,7,290,11595,290,0,41.42857,109.609695,5792,0,1656.4286,2118.2273,120.50943,0.14195473,7586383.5,27300000.0,98600000,1,98600000,16400000.0,40300000.0,98600000,1,9778,1629.6666,3681.8455,9144,45,0,0,0,0,232,232,0.07097737,0.07097737,0,5792,792.3333,1621.173,2628202.0,0,0,0,0,1,0,0,0,1,848.9286,41.42857,1656.4286,232,0,0,0,0,0,0,7,290,7,11595,274,235,1,32,982.0,0.0,982,982,98600000.0,0.0,98600000,98600000,DoS Hulk
45717,60,1,1,0,0,0,0,0.0,0.0,0,0,0.0,0.0,0.0,33333.332,60.0,0.0,60,60,0,0.0,0.0,0,0,0,0.0,0.0,0,0,0,0,0,0,32,32,16666.666,16666.666,0,0,0.0,0.0,0.0,0,0,0,0,1,1,0,0,1,0.0,0.0,0.0,32,0,0,0,0,0,0,1,0,1,0,3,229,0,32,0.0,0.0,0,0,0.0,0.0,0,0,BENIGN
80,87937433,8,4,56,11607,20,0,7.0,5.656854,11595,0,2901.75,5795.5005,132.62839,0.13646066,7994312.0,26100000.0,86600000,3,87200000,12500000.0,32700000.0,86600000,3,727745,242581.67,419444.3,726914,5,0,0,0,0,172,92,0.09097377,0.045486886,0,11595,897.61536,3214.1675,10300000.0,0,0,0,0,1,0,0,0,0,972.4167,7.0,2901.75,172,0,0,0,0,0,0,8,56,4,11607,256,229,6,20,564985.0,0.0,564985,564985,86600000.0,0.0,86600000,86600000,DDoS
80,13080,3,2,18,0,6,6,6.0,0.0,0,0,0.0,0.0,1376.1467,382.263,3270.0,5222.601,10970,11,2110,1055.0,1476.439,2099,11,13033,13033.0,0.0,13033,13033,0,0,0,0,60,64,229.3578,152.9052,0,6,4.0,3.0983868,9.6,1,0,0,0,0,0,0,0,0,4.8,6.0,0.0,60,0,0,0,0,0,0,3,18,2,0,0,235,2,20,0.0,0.0,0,0,0.0,0.0,0,0,DoS Hulk
80,1966464,4,0,24,0,6,6,6.0,0.0,0,0,0.0,0.0,12.204647,2.034108,655488.0,1134685.5,1965710,342,1966464,655488.0,1134685.5,1965710,342,0,0.0,0.0,0,0,0,0,0,0,80,0,2.034108,0.0,6,6,6.0,0.0,0.0,0,0,0,0,1,0,0,0,0,7.5,6.0,0.0,80,0,0,0,0,0,0,4,24,0,0,256,-1,3,20,0.0,0.0,0,0,0.0,0.0,0,0,DDoS
443,175978,19,22,933,21510,302,0,49.105263,82.71766,2347,0,977.7273,717.17566,127532.984,232.98367,4399.45,10793.507,36876,1,175978,9776.556,16505.31,50332,20,138567,6598.4287,14183.921,49380,1,0,0,0,0,392,452,107.96804,125.015625,0,2347,534.3571,698.5782,488011.5,0,0,0,1,0,0,0,0,1,547.39026,49.105263,977.7273,392,0,0,0,0,0,0,19,933,22,21510,8192,360,18,20,0.0,0.0,0,0,0.0,0.0,0,0,BENIGN
80,85183244,5,7,369,11595,357,0,73.8,158.34204,7240,0,1656.4286,2566.8853,140.45015,0.14087278,7743931.5,25600000.0,85000000,27,85100000,21300000.0,42500000.0,85000000,999,85200000,14200000.0,34700000.0,85000000,88,0,0,0,0,144,232,0.05869699,0.082175784,0,7240,920.7692,1996.7815,3987136.5,1,0,0,0,0,0,0,0,1,997.5,73.8,1656.4286,144,0,0,0,0,0,0,5,369,7,11595,0,235,2,20,10968.0,0.0,10968,10968,85000000.0,0.0,85000000,85000000,DoS Hulk
80,116509,3,6,325,11595,325,0,108.333336,187.63884,5792,0,1932.5,2179.547,102309.695,77.24725,14563.625,34828.63,100060,49,16040,8020.0,7092.2812,13035,3005,116394,23278.8,43470.02,100060,49,0,0,0,0,104,200,25.749084,51.49817,0,5792,1192.0,1887.2805,3561827.8,0,0,0,1,0,0,0,0,2,1324.4445,108.333336,1932.5,104,0,0,0,0,0,0,3,325,6,11595,29200,235,1,32,0.0,0.0,0,0,0.0,0.0,0,0,DoS Hulk
80,84997226,5,7,383,11595,371,0,76.6,164.60194,5792,0,1656.4286,2120.7322,140.92224,0.14118108,7727020.5,25600000.0,84800000,3,84900000,21200000.0,42400000.0,84800000,3,85000000,14200000.0,34600000.0,84800000,45,0,0,0,0,144,232,0.05882545,0.082355626,0,5792,921.8461,1714.6833,2940138.8,1,0,0,0,0,0,0,0,1,998.6667,76.6,1656.4286,144,0,0,0,0,0,0,5,383,7,11595,0,235,2,20,10008.0,0.0,10008,10008,84800000.0,0.0,84800000,84800000,DoS Hulk
9040,12,1,1,2,6,2,2,2.0,0.0,6,6,6.0,0.0,666666.7,166666.67,12.0,0.0,12,12,0,0.0,0.0,0,0,0,0.0,0.0,0,0,0,0,0,0,24,20,83333.336,83333.336,2,6,3.3333333,2.309401,5.3333335,0,0,0,1,0,0,0,0,1,5.0,2.0,6.0,24,0,0,0,0,0,0,1,2,1,6,1024,0,0,24,0.0,0.0,0,0,0.0,0.0,0,0,PortScan
47944,87,1,1,6,6,6,6,6.0,0.0,6,6,6.0,0.0,137931.03,22988.506,87.0,0.0,87,87,0,0.0,0.0,0,0,0,0.0,0.0,0,0,0,0,0,0,20,20,11494.253,11494.253,6,6,6.0,0.0,0.0,0,0,0,0,1,1,0,0,1,9.0,6.0,6.0,20,0,0,0,0,0,0,1,6,1,6,65535,708,0,20,0.0,0.0,0,0,0.0,0.0,0,0,BENIGN
80,98864720,5,7,404,11595,392,0,80.8,173.99196,5792,0,1656.4286,2120.7322,121.36787,0.12137798,8987702.0,29800000.0,98700000,5,98700000,24700000.0,49300000.0,98700000,5,98900000,16500000.0,40300000.0,98700000,46,0,0,0,0,144,232,0.050574157,0.07080382,0,5792,923.46155,1714.1309,2938244.8,1,0,0,0,0,0,0,0,1,1000.4167,80.8,1656.4286,144,0,0,0,0,0,0,5,404,7,11595,0,235,2,20,14004.0,0.0,14004,14004,98700000.0,0.0,98700000,98700000,DoS Hulk
80,4406263,10,5,484,11632,484,0,48.4,153.05424,5792,0,2326.4,2639.7417,2749.7224,3.4042454,314733.06,920942.5,3378504,1,4406263,489584.78,1132911.2,3380367,1,3379454,844863.5,1689093.8,3378504,49,0,0,0,0,336,168,2.269497,1.1347485,0,5792,757.25,1751.0577,3066203.2,0,0,0,1,0,0,0,0,0,807.73334,48.4,2326.4,336,0,0,0,0,0,0,10,484,5,11632,29200,235,1,32,0.0,0.0,0,0,0.0,0.0,0,0,DoS GoldenEye
53,173,2,2,78,110,39,39,39.0,0.0,55,55,55.0,0.0,1086705.2,23121.387,57.666668,63.67365,126,0,0,0.0,0.0,0,0,47,47.0,0.0,47,47,0,0,0,0,64,64,11560.693,11560.693,39,55,45.4,8.763561,76.8,0,0,0,0,0,0,0,0,1,56.75,39.0,55.0,64,0,0,0,0,0,0,2,78,2,110,-1,-1,1,32,0.0,0.0,0,0,0.0,0.0,0,0,BENIGN
53063,62,1,1,0,0,0,0,0.0,0.0,0,0,0.0,0.0,0.0,32258.064,62.0,0.0,62,62,0,0.0,0.0,0,0,0,0.0,0.0,0,0,0,0,0,0,32,32,16129.032,16129.032,0,0,0.0,0.0,0.0,0,0,0,0,1,0,0,0,1,0.0,0.0,0.0,32,0,0,0,0,0,0,1,0,1,0,122,33304,0,32,0.0,0.0,0,0,0.0,0.0,0,0,BENIGN
80,8046780,4,0,24,0,6,6,6.0,0.0,0,0,0.0,0.0,2.9825594,0.49709326,2682260.0,4645480.0,8046398,3,8046780,2682260.0,4645480.0,8046398,3,0,0.0,0.0,0,0,0,0,0,0,80,0,0.49709326,0.0,6,6,6.0,0.0,0.0,0,0,0,0,1,0,0,0,0,7.5,6.0,0.0,80,0,0,0,0,0,0,4,24,0,0,256,-1,3,20,382.0,0.0,382,382,8046398.0,0.0,8046398,8046398,DDoS
1417,23,1,1,2,6,2,2,2.0,0.0,6,6,6.0,0.0,347826.1,86956.52,23.0,0.0,23,23,0,0.0,0.0,0,0,0,0.0,0.0,0,0,0,0,0,0,24,20,43478.26,43478.26,2,6,3.3333333,2.309401,5.3333335,0,0,0,1,0,0,0,0,1,5.0,2.0,6.0,24,0,0,0,0,0,0,1,2,1,6,1024,0,0,24,0.0,0.0,0,0,0.0,0.0,0,0,PortScan
443,116053668,21,19,820,4330,447,0,39.04762,106.62902,1448,0,227.89473,474.67062,44.376022,0.34466812,2975735.0,4558284.0,10025121,4,116053668,5802683.5,4954299.5,10048012,32,110545098,6141394.5,5035160.0,10048251,4,0,0,0,0,680,616,0.18095076,0.16371736,0,1448,125.60976,341.13516,116373.195,0,0,0,1,0,0,0,0,0,128.75,39.04762,227.89473,680,0,0,0,0,0,0,21,820,19,4330,29200,1006,4,32,27335.75,14875.882,74572,22891,9643800.0,1309589.2,10025121,5485366,BENIGN
5730,63,1,1,0,6,0,0,0.0,0.0,6,6,6.0,0.0,95238.09,31746.031,63.0,0.0,63,63,0,0.0,0.0,0,0,0,0.0,0.0,0,0,0,0,0,0,40,20,15873.016,15873.016,0,6,2.0,3.4641016,12.0,0,0,0,1,0,0,0,0,1,3.0,0.0,6.0,40,0,0,0,0,0,0,1,0,1,6,29200,0,0,40,0.0,0.0,0,0,0.0,0.0,0,0,PortScan
53,160,2,2,62,94,31,31,31.0,0.0,47,47,47.0,0.0,975000.0,25000.0,53.333332,86.315315,153,3,4,4.0,0.0,4,4,3,3.0,0.0,3,3,0,0,0,0,40,40,12500.0,12500.0,31,47,37.4,8.763561,76.8,0,0,0,0,0,0,0,0,1,46.75,31.0,47.0,40,0,0,0,0,0,0,2,62,2,94,-1,-1,1,20,0.0,0.0,0,0,0.0,0.0,0,0,BENIGN
443,247483,7,3,376,3508,201,0,53.714287,78.68654,3502,0,1169.3334,2020.1509,15694.007,40.406815,27498.111,35347.477,85414,66,247483,41247.168,37625.055,88148,319,88506,44253.0,58810.07,85838,2668,0,0,0,0,152,72,28.284771,12.122045,0,3502,353.0909,1046.4215,1094998.1,0,0,0,1,0,0,0,0,0,388.4,53.714287,1169.3334,152,0,0,0,0,0,0,7,376,3,3508,8192,60,6,20,0.0,0.0,0,0,0.0,0.0,0,0,BENIGN
80,115248862,16,14,513,802,429,0,32.0625,105.86058,796,0,57.285713,212.6226,11.410091,0.26030627,3974098.8,4869857.5,10000000,53,115000000,7683257.5,4173100.0,10000000,369,110000000,8493699.0,3761589.8,10000000,1085,0,0,0,0,332,424,0.13883,0.121476255,0,796,42.419353,159.41722,25413.852,0,0,0,1,0,0,0,0,0,43.833332,32.0625,57.285713,332,0,0,0,0,0,0,16,513,14,802,8192,288,15,20,42470.184,26202.807,121474,34397,9995551.0,15107.64,10000000,9950058,BENIGN
80,98789827,7,6,333,11595,327,0,47.57143,123.23671,5792,0,1932.5,2181.0083,120.74118,0.1315925,8232485.5,28500000.0,98600000,1,98700000,16400000.0,40300000.0,98600000,1,147538,29507.6,59882.5,136295,14,0,0,0,0,220,200,0.070857495,0.060735,0,5792,852.0,1667.2324,2779663.8,0,0,0,0,1,0,0,0,0,917.53845,47.57143,1932.5,220,0,0,0,0,0,0,7,333,6,11595,251,235,2,20,2015.0,0.0,2015,2015,98600000.0,0.0,98600000,98600000,DoS Hulk
53,207,2,2,64,96,32,32,32.0,0.0,48,48,48.0,0.0,772946.9,19323.672,69.0,35.510563,110,48,48,48.0,0.0,48,48,49,49.0,0.0,49,49,0,0,0,0,40,40,9661.836,9661.836,32,48,38.4,8.763561,76.8,0,0,0,0,0,0,0,0,1,48.0,32.0,48.0,40,0,0,0,0,0,0,2,64,2,96,-1,-1,1,20,0.0,0.0,0,0,0.0,0.0,0,0,BENIGN
64680,19,1,1,0,6,0,0,0.0,0.0,6,6,6.0,0.0,315789.47,105263.16,19.0,0.0,19,19,0,0.0,0.0,0,0,0,0.0,0.0,0,0,0,0,0,0,40,20,52631.58,52631.58,0,6,2.0,3.4641016,12.0,0,0,0,1,0,0,0,0,1,3.0,0.0,6.0,40,0,0,0,0,0,0,1,0,1,6,29200,0,0,40,0.0,0.0,0,0,0.0,0.0,0,0,PortScan
80,98225656,8,6,361,11595,355,0,45.125,125.22601,5792,0,1932.5,2181.0083,121.71973,0.14252895,7555819.5,27200000.0,98200000,1,98200000,14000000.0,37100000.0,98200000,1,5400,1080.0,2189.3784,4995,45,0,0,0,0,252,200,0.08144512,0.06108384,0,5792,797.06665,1621.015,2627689.5,0,0,0,0,1,0,0,0,0,854.0,45.125,1932.5,252,0,0,0,0,0,0,8,361,6,11595,251,235,2,20,1010.0,0.0,1010,1010,98200000.0,0.0,98200000,98200000,DoS Hulk
80,792406,3,6,26,11607,20,0,8.666667,10.263203,5840,0,1934.5,2538.9192,14680.605,11.357814,99050.75,279630.62,791101,4,878,439.0,483.66104,781,97,792314,158462.8,353655.72,791101,4,0,0,0,0,72,132,3.785938,7.571876,0,5840,1163.3,2138.329,4572451.5,0,0,0,1,0,0,0,0,2,1292.5555,8.666667,1934.5,72,0,0,0,0,0,0,3,26,6,11607,8192,229,2,20,0.0,0.0,0,0,0.0,0.0,0,0,DDoS
80,85580074,7,6,385,11595,385,0,55.0,145.51633,5792,0,1932.5,2181.0083,139.98586,0.15190452,7131673.0,24700000.0,85400000,3,85400000,14200000.0,34900000.0,85400000,3,156429,31285.8,62254.43,142127,46,0,0,0,0,232,200,0.08179474,0.07010978,0,5792,855.7143,1666.1353,2776006.8,0,0,0,0,1,0,0,0,0,921.53845,55.0,1932.5,232,0,0,0,0,0,0,7,385,6,11595,274,235,1,32,989.0,0.0,989,989,85400000.0,0.0,85400000,85400000,DoS Hulk
80,888861,3,5,26,11607,20,0,8.666667,10.263203,8675,0,2321.4,3769.5361,13087.535,9.000282,126980.14,335508.16,887841,4,800,400.0,275.77164,595,205,888834,222208.5,443755.16,887841,4,0,0,0,0,72,112,3.3751059,5.6251764,0,8675,1292.5555,2931.4294,8593279.0,0,0,0,1,0,0,0,0,1,1454.125,8.666667,2321.4,72,0,0,0,0,0,0,3,26,5,11607,8192,229,2,20,0.0,0.0,0,0,0.0,0.0,0,0,DDoS
80,13931,2,0,12,0,6,6,6.0,0.0,0,0,0.0,0.0,861.38824,143.56471,13931.0,0.0,13931,13931,13931,13931.0,0.0,13931,13931,0,0.0,0.0,0,0,0,0,0,0,40,0,143.56471,0.0,6,6,6.0,0.0,0.0,0,0,0,0,1,0,0,0,0,9.0,6.0,0.0,40,0,0,0,0,0,0,2,12,0,0,16425,-1,1,20,0.0,0.0,0,0,0.0,0.0,0,0,BENIGN
80,96161,3,5,26,11607,20,0,8.666667,10.263203,5840,0,2321.4,3173.3738,120974.2,83.19381,13737.286,36032.332,95450,3,600,300.0,354.9676,551,49,96112,24028.0,47615.426,95450,3,0,0,0,0,72,112,31.19768,51.99613,0,5840,1292.5555,2554.1592,6523729.5,0,0,0,1,0,0,0,0,1,1454.125,8.666667,2321.4,72,0,0,0,0,0,0,3,26,5,11607,8192,229,2,20,0.0,0.0,0,0,0.0,0.0,0,0,DDoS
53,23750,2,2,72,370,36,36,36.0,0.0,185,185,185.0,0.0,18610.525,168.42105,7916.6665,13706.873,23744,3,3,3.0,0.0,3,3,3,3.0,0.0,3,3,0,0,0,0,64,80,84.210526,84.210526,36,185,95.6,81.610664,6660.3,0,0,0,0,0,0,0,0,1,119.5,36.0,185.0,64,0,0,0,0,0,0,2,72,2,370,-1,-1,1,32,0.0,0.0,0,0,0.0,0.0,0,0,BENIGN
80,111666,3,4,26,11601,20,0,8.666667,10.263203,8760,0,2900.25,4128.3193,104123.01,62.686943,18611.0,43474.254,107302,85,3988,1994.0,2678.5205,3888,100,111581,37193.668,60746.887,107302,190,0,0,0,0,72,92,26.865831,35.82111,0,8760,1453.375,3113.9526,9696701.0,0,0,0,1,0,0,0,0,1,1661.0,8.666667,2900.25,72,0,0,0,0,0,0,3,26,4,11601,8192,229,2,20,0.0,0.0,0,0,0.0,0.0,0,0,DDoS
80,369561,3,5,26,11607,20,0,8.666667,10.263203,10220,0,2321.4,4455.1826,31477.889,21.647306,52794.43,138368.61,366578,2,2761,1380.5,1781.202,2640,121,369473,92368.25,182810.72,366578,2,0,0,0,0,72,112,8.11774,13.529566,0,10220,1292.5555,3378.299,11400000.0,0,0,0,1,0,0,0,0,1,1454.125,8.666667,2321.4,72,0,0,0,0,0,0,3,26,5,11607,8192,229,2,20,0.0,0.0,0,0,0.0,0.0,0,0,DDoS
80,84036392,9,5,325,11595,325,0,36.11111,108.333336,8688,0,2319.0,3774.2375,141.8433,0.16659449,6464338.0,23300000.0,83900000,1,83900000,10500000.0,29700000.0,83900000,1,150764,37691.0,66078.85,136323,189,0,0,0,0,296,168,0.107096456,0.059498034,0,8688,794.6667,2306.845,5321534.0,0,0,0,0,1,0,0,0,0,851.4286,36.11111,2319.0,296,0,0,0,0,0,0,9,325,5,11595,251,235,1,32,1005.0,0.0,1005,1005,83900000.0,0.0,83900000,83900000,DoS Hulk
80,98819655,9,6,351,11595,351,0,39.0,117.0,5792,0,1932.5,2181.0083,120.88688,0.15179166,7058547.0,26400000.0,98700000,1,98700000,12300000.0,34900000.0,98700000,1,151466,30293.2,61072.62,139152,48,0,0,0,0,296,200,0.091074996,0.060716666,0,5792,746.625,1578.9309,2493022.8,0,0,0,0,1,0,0,0,0,796.4,39.0,1932.5,296,0,0,0,0,0,0,9,351,6,11595,251,235,1,32,1997.0,0.0,1997,1997,98700000.0,0.0,98700000,98700000,DoS Hulk
80,9547678,5,0,30,0,6,6,6.0,0.0,0,0,0.0,0.0,3.1421251,0.52368754,2386919.5,4772542.5,9545733,4,9547678,2386919.5,4772542.5,9545733,4,0,0.0,0.0,0,0,0,0,0,0,100,0,0.52368754,0.0,6,6,6.0,0.0,0.0,0,0,0,0,1,0,0,0,0,7.2,6.0,0.0,100,0,0,0,0,0,0,5,30,0,0,256,-1,4,20,1945.0,0.0,1945,1945,9545733.0,0.0,9545733,9545733,DDoS
2051,51,1,1,6,6,6,6,6.0,0.0,6,6,6.0,0.0,235294.12,39215.688,51.0,0.0,51,51,0,0.0,0.0,0,0,0,0.0,0.0,0,0,0,0,0,0,20,20,19607.844,19607.844,6,6,6.0,0.0,0.0,0,0,0,0,1,1,0,0,1,9.0,6.0,6.0,20,0,0,0,0,0,0,1,6,1,6,60,253,0,20,0.0,0.0,0,0,0.0,0.0,0,0,BENIGN
80,99993290,9,6,351,11595,351,0,39.0,117.0,4344,0,1932.5,1754.8314,119.46802,0.15001006,7142378.0,26700000.0,100000000,1,100000000,12500000.0,35300000.0,100000000,1,32069,6413.8,10622.969,24596,16,0,0,0,0,296,200,0.09000604,0.060004026,0,4344,746.625,1390.648,1933901.6,0,0,0,0,1,0,0,0,0,796.4,39.0,1932.5,296,0,0,0,0,0,0,9,351,6,11595,251,235,1,32,1984.0,0.0,1984,1984,100000000.0,0.0,100000000,100000000,DoS Hulk
53,60683,2,2,72,192,36,36,36.0,0.0,96,96,96.0,0.0,4350.477,65.91632,20227.666,35031.883,60679,1,1,1.0,0.0,1,1,3,3.0,0.0,3,3,0,0,0,0,64,64,32.95816,32.95816,36,96,60.0,32.863354,1080.0,0,0,0,0,0,0,0,0,1,75.0,36.0,96.0,64,0,0,0,0,0,0,2,72,2,192,-1,-1,1,32,0.0,0.0,0,0,0.0,0.0,0,0,BENIGN
1096,50,1,1,0,6,0,0,0.0,0.0,6,6,6.0,0.0,120000.0,40000.0,50.0,0.0,50,50,0,0.0,0.0,0,0,0,0.0,0.0,0,0,0,0,0,0,40,20,20000.0,20000.0,0,6,2.0,3.4641016,12.0,0,0,0,1,0,0,0,0,1,3.0,0.0,6.0,40,0,0,0,0,0,0,1,0,1,6,29200,0,0,40,0.0,0.0,0,0,0.0,0.0,0,0,PortScan
80,86223058,9,6,1134,11595,376,0,126.0,187.51,4344,0,1932.5,1754.8314,147.62872,0.17396739,6158790.0,22900000.0,85600000,1,86100000,10800000.0,30200000.0,85600000,1,630514,126102.8,203989.75,468987,14,0,0,0,0,284,200,0.10438043,0.069586955,0,4344,795.5625,1368.7452,1873463.6,0,0,0,0,1,0,0,0,0,848.6,126.0,1932.5,284,0,0,0,0,0,0,9,1134,6,11595,251,235,4,20,3.0,0.0,3,3,85600000.0,0.0,85600000,85600000,DoS Hulk
80,98054955,7,6,342,11595,342,0,48.857143,129.26385,5803,0,1932.5,2539.0752,121.737854,0.13257872,8171246.0,28300000.0,98100000,1,98100000,16300000.0,40000000.0,98100000,1,1721,344.2,609.39575,1427,3,0,0,0,0,232,200,0.07138854,0.061190177,0,5803,852.6429,1851.8352,3429293.5,0,0,0,0,1,0,0,0,0,918.2308,48.857143,1932.5,232,0,0,0,0,0,0,7,342,6,11595,274,235,1,32,6.0,0.0,6,6,98100000.0,0.0,98100000,98100000,DoS Hulk
1192,24,1,1,2,6,2,2,2.0,0.0,6,6,6.0,0.0,333333.34,83333.336,24.0,0.0,24,24,0,0.0,0.0,0,0,0,0.0,0.0,0,0,0,0,0,0,24,20,41666.668,41666.668,2,6,3.3333333,2.309401,5.3333335,0,0,0,1,0,0,0,0,1,5.0,2.0,6.0,24,0,0,0,0,0,0,1,2,1,6,1024,0,0,24,0.0,0.0,0,0,0.0,0.0,0,0,PortScan
1164,58,1,1,0,6,0,0,0.0,0.0,6,6,6.0,0.0,103448.27,34482.758,58.0,0.0,58,58,0,0.0,0.0,0,0,0,0.0,0.0,0,0,0,0,0,0,40,20,17241.379,17241.379,0,6,2.0,3.4641016,12.0,0,0,0,1,0,0,0,0,1,3.0,0.0,6.0,40,0,0,0,0,0,0,1,0,1,6,29200,0,0,40,0.0,0.0,0,0,0.0,0.0,0,0,PortScan
80,1199355,3,6,26,11607,20,0,8.666667,10.263203,5755,0,1934.5,2529.1245,9699.38,7.5040336,149919.38,423724.94,1198585,3,654,327.0,435.5778,635,19,1199306,239861.2,535942.94,1198585,3,0,0,0,0,72,132,2.5013444,5.002689,0,5755,1163.3,2131.8708,4544874.0,0,0,0,1,0,0,0,0,2,1292.5555,8.666667,1934.5,72,0,0,0,0,0,0,3,26,6,11607,8192,229,2,20,0.0,0.0,0,0,0.0,0.0,0,0,DDoS
80,57785,2,0,12,0,6,6,6.0,0.0,0,0,0.0,0.0,207.66635,34.611057,57785.0,0.0,57785,57785,57785,57785.0,0.0,57785,57785,0,0.0,0.0,0,0,0,0,0,0,40,0,34.611057,0.0,6,6,6.0,0.0,0.0,0,0,0,0,1,0,0,0,0,9.0,6.0,0.0,40,0,0,0,0,0,0,2,12,0,0,256,-1,1,20,0.0,0.0,0,0,0.0,0.0,0,0,BENIGN
53,30966,1,1,56,72,56,56,56.0,0.0,72,72,72.0,0.0,4133.566,64.58697,30966.0,0.0,30966,30966,0,0.0,0.0,0,0,0,0.0,0.0,0,0,0,0,0,0,20,20,32.293484,32.293484,56,72,61.333332,9.237604,85.333336,0,0,0,0,0,0,0,0,1,92.0,56.0,72.0,20,0,0,0,0,0,0,1,56,1,72,-1,-1,0,20,0.0,0.0,0,0,0.0,0.0,0,0,BENIGN
80,80830360,9,5,62,11601,20,0,6.888889,5.3019915,7300,0,2320.2,3022.508,144.28984,0.17320225,6217720.0,19600000.0,70800000,3,80800000,10100000.0,24800000.0,70800000,3,39646,9911.5,18912.576,38278,187,0,0,0,0,192,112,0.1113443,0.061857946,0,7300,777.93335,1970.8926,3884417.5,0,0,0,0,1,0,0,0,0,833.5,6.888889,2320.2,192,0,0,0,0,0,0,9,62,5,11601,256,229,7,20,1991.0,0.0,1991,1991,40400000.0,43000000.0,70800000,9999748,DDoS
60850,43,1,1,6,6,6,6,6.0,0.0,6,6,6.0,0.0,279069.78,46511.63,43.0,0.0,43,43,0,0.0,0.0,0,0,0,0.0,0.0,0,0,0,0,0,0,20,20,23255.814,23255.814,6,6,6.0,0.0,0.0,0,0,0,0,1,1,0,0,1,9.0,6.0,6.0,20,0,0,0,0,0,0,1,6,1,6,980,253,0,20,0.0,0.0,0,0,0.0,0.0,0,0,BENIGN
53,570,1,1,47,109,47,47,47.0,0.0,109,109,109.0,0.0,273684.22,3508.772,570.0,0.0,570,570,0,0.0,0.0,0,0,0,0.0,0.0,0,0,0,0,0,0,32,32,1754.386,1754.386,47,109,67.666664,35.795715,1281.3334,0,0,0,0,0,0,0,0,1,101.5,47.0,109.0,32,0,0,0,0,0,0,1,47,1,109,-1,-1,0,32,0.0,0.0,0,0,0.0,0.0,0,0,BENIGN
3371,69,1,1,0,6,0,0,0.0,0.0,6,6,6.0,0.0,86956.52,28985.508,69.0,0.0,69,69,0,0.0,0.0,0,0,0,0.0,0.0,0,0,0,0,0,0,40,20,14492.754,14492.754,0,6,2.0,3.4641016,12.0,0,0,0,1,0,0,0,0,1,3.0,0.0,6.0,40,0,0,0,0,0,0,1,0,1,6,29200,0,0,40,0.0,0.0,0,0,0.0,0.0,0,0,PortScan
53,180,2,2,68,196,34,34,34.0,0.0,98,98,98.0,0.0,1466666.6,22222.223,60.0,97.862144,173,3,3,3.0,0.0,3,3,4,4.0,0.0,4,4,0,0,0,0,40,40,11111.111,11111.111,34,98,59.6,35.054245,1228.8,0,0,0,0,0,0,0,0,1,74.5,34.0,98.0,40,0,0,0,0,0,0,2,68,2,196,-1,-1,1,20,0.0,0.0,0,0,0.0,0.0,0,0,BENIGN
5810,31,1,1,2,6,2,2,2.0,0.0,6,6,6.0,0.0,258064.52,64516.13,31.0,0.0,31,31,0,0.0,0.0,0,0,0,0.0,0.0,0,0,0,0,0,0,24,20,32258.064,32258.064,2,6,3.3333333,2.309401,5.3333335,0,0,0,1,0,0,0,0,1,5.0,2.0,6.0,24,0,0,0,0,0,0,1,2,1,6,1024,0,0,24,0.0,0.0,0,0,0.0,0.0,0,0,PortScan
7937,69,1,1,0,6,0,0,0.0,0.0,6,6,6.0,0.0,86956.52,28985.508,69.0,0.0,69,69,0,0.0,0.0,0,0,0,0.0,0.0,0,0,0,0,0,0,40,20,14492.754,14492.754,0,6,2.0,3.4641016,12.0,0,0,0,1,0,0,0,0,1,3.0,0.0,6.0,40,0,0,0,0,0,0,1,0,1,6,29200,0,0,40,0.0,0.0,0,0,0.0,0.0,0,0,PortScan
443,36867,1,1,0,0,0,0,0.0,0.0,0,0,0.0,0.0,0.0,54.249058,36867.0,0.0,36867,36867,0,0.0,0.0,0,0,0,0.0,0.0,0,0,0,0,0,0,32,32,27.124529,27.124529,0,0,0.0,0.0,0.0,0,0,0,0,1,1,0,0,1,0.0,0.0,0.0,32,0,0,0,0,0,0,1,0,1,0,352,357,0,32,0.0,0.0,0,0,0.0,0.0,0,0,BENIGN
80,4086069,4,0,24,0,6,6,6.0,0.0,0,0,0.0,0.0,5.8736157,0.978936,1362023.0,2358529.2,4085418,321,4086069,1362023.0,2358529.2,4085418,321,0,0.0,0.0,0,0,0,0,0,0,80,0,0.978936,0.0,6,6,6.0,0.0,0.0,0,0,0,0,1,0,0,0,0,7.5,6.0,0.0,80,0,0,0,0,0,0,4,24,0,0,256,-1,3,20,0.0,0.0,0,0,0.0,0.0,0,0,DDoS
51392,214,2,1,280,6,274,6,140.0,189.50462,6,6,6.0,0.0,1336448.6,14018.691,107.0,19.79899,121,93,214,214.0,0.0,214,214,0,0.0,0.0,0,0,1,0,0,0,40,20,9345.794,4672.897,6,274,140.0,154.72987,23941.334,0,1,0,0,1,0,0,0,0,186.66667,140.0,6.0,40,0,0,0,0,0,0,2,280,1,6,60,0,1,20,0.0,0.0,0,0,0.0,0.0,0,0,BENIGN
80,84553296,9,7,330,11595,330,0,36.666668,110.0,4344,0,1656.4286,1757.579,141.03531,0.18922976,5636886.5,21800000.0,84400000,1,84400000,10600000.0,29800000.0,84400000,1,149662,24943.666,55649.668,138191,49,0,0,0,0,296,232,0.10644174,0.08278802,0,4344,701.4706,1357.4944,1842791.0,0,0,0,0,1,0,0,0,0,745.3125,36.666668,1656.4286,296,0,0,0,0,0,0,9,330,7,11595,251,235,1,32,959.0,0.0,959,959,84400000.0,0.0,84400000,84400000,DoS Hulk
52782,3,2,0,0,0,0,0,0.0,0.0,0,0,0.0,0.0,0.0,666666.7,3.0,0.0,3,3,3,3.0,0.0,3,3,0,0.0,0.0,0,0,0,0,0,0,40,0,666666.7,0.0,0,0,0.0,0.0,0.0,1,0,0,0,0,0,0,0,0,0.0,0.0,0.0,40,0,0,0,0,0,0,2,0,0,0,0,-1,0,20,0.0,0.0,0,0,0.0,0.0,0,0,BENIGN
80,100858721,10,6,1226,11595,305,0,122.6,156.99554,5792,0,1932.5,2181.0083,127.11841,0.15863775,6723914.5,25800000.0,99900000,0,101000000,11200000.0,33300000.0,99900000,0,995497,199099.4,373626.38,859108,45,0,0,0,0,316,200,0.09914859,0.059489153,0,5792,754.17645,1518.514,2305885.0,0,0,0,0,1,0,0,0,0,801.3125,122.6,1932.5,316,0,0,0,0,0,0,10,1226,6,11595,251,235,5,20,4.0,0.0,4,4,99900000.0,0.0,99900000,99900000,DoS Hulk
80,98495908,6,5,373,11595,355,0,62.166668,143.48856,11595,0,2319.0,5185.4414,121.50758,0.11167976,9849591.0,31100000.0,98500000,1,98500000,19700000.0,44000000.0,98500000,1,98500000,24600000.0,49200000.0,98500000,187,0,0,0,0,164,168,0.060916238,0.05076353,0,11595,997.8333,3338.7822,11100000.0,1,0,0,0,0,0,0,0,0,1088.5454,62.166668,2319.0,164,0,0,0,0,0,0,6,373,5,11595,0,235,3,20,13996.0,0.0,13996,13996,98500000.0,0.0,98500000,98500000,DoS Hulk
1059,3,1,1,2,6,2,2,2.0,0.0,6,6,6.0,0.0,2666666.8,666666.7,3.0,0.0,3,3,0,0.0,0.0,0,0,0,0.0,0.0,0,0,0,0,0,0,24,20,333333.34,333333.34,2,6,3.3333333,2.309401,5.3333335,0,0,0,1,0,0,0,0,1,5.0,2.0,6.0,24,0,0,0,0,0,0,1,2,1,6,1024,0,0,24,0.0,0.0,0,0,0.0,0.0,0,0,PortScan
80,59029,3,4,26,11607,20,0,8.666667,10.263203,11595,0,2901.75,5795.5005,197072.62,118.58578,9838.167,23823.607,58467,6,511,255.5,270.8219,447,64,58982,19660.666,33608.21,58467,6,0,0,0,0,72,92,50.822475,67.763306,0,11595,1454.125,4097.5376,16800000.0,0,0,0,1,0,0,0,0,1,1661.8572,8.666667,2901.75,72,0,0,0,0,0,0,3,26,4,11607,8192,229,2,20,0.0,0.0,0,0,0.0,0.0,0,0,DDoS
80,20996658,2,1,20,0,20,0,10.0,14.142136,0,0,0.0,0.0,0.95253253,0.14287989,10500000.0,14800000.0,21000000,57,21000000,21000000.0,0.0,21000000,21000000,0,0.0,0.0,0,0,1,0,0,0,64,32,0.09525325,0.047626626,0,20,10.0,11.547006,133.33333,0,1,0,0,1,0,0,0,0,13.333333,10.0,0.0,64,0,0,0,0,0,0,2,20,1,0,229,235,0,32,0.0,0.0,0,0,0.0,0.0,0,0,DoS Slowhttptest
443,152,2,0,0,0,0,0,0.0,0.0,0,0,0.0,0.0,0.0,13157.895,152.0,0.0,152,152,152,152.0,0.0,152,152,0,0.0,0.0,0,0,0,0,0,0,40,0,13157.895,0.0,0,0,0.0,0.0,0.0,0,0,0,0,1,0,0,0,0,0.0,0.0,0.0,40,0,0,0,0,0,0,2,0,0,0,255,-1,0,20,0.0,0.0,0,0,0.0,0.0,0,0,BENIGN
1080,91,1,1,2,6,2,2,2.0,0.0,6,6,6.0,0.0,87912.086,21978.021,91.0,0.0,91,91,0,0.0,0.0,0,0,0,0.0,0.0,0,0,0,0,0,0,24,20,10989.011,10989.011,2,6,3.3333333,2.309401,5.3333335,0,0,0,1,0,0,0,0,1,5.0,2.0,6.0,24,0,0,0,0,0,0,1,2,1,6,1024,0,0,24,0.0,0.0,0,0,0.0,0.0,0,0,PortScan
53,188,2,2,90,164,45,45,45.0,0.0,82,82,82.0,0.0,1351063.9,21276.596,62.666668,103.345695,182,3,3,3.0,0.0,3,3,3,3.0,0.0,3,3,0,0,0,0,64,64,10638.298,10638.298,45,82,59.8,20.265734,410.7,0,0,0,0,0,0,0,0,1,74.75,45.0,82.0,64,0,0,0,0,0,0,2,90,2,164,-1,-1,1,32,0.0,0.0,0,0,0.0,0.0,0,0,BENIGN
37,52,1,1,2,6,2,2,2.0,0.0,6,6,6.0,0.0,153846.16,38461.54,52.0,0.0,52,52,0,0.0,0.0,0,0,0,0.0,0.0,0,0,0,0,0,0,24,20,19230.77,19230.77,2,6,3.3333333,2.309401,5.3333335,0,0,0,1,0,0,0,0,1,5.0,2.0,6.0,24,0,0,0,0,0,0,1,2,1,6,1024,0,0,24,0.0,0.0,0,0,0.0,0.0,0,0,PortScan
80,8082784,5,0,30,0,6,6,6.0,0.0,0,0,0.0,0.0,3.7115924,0.61859876,2020696.0,4040065.2,8080794,4,8082784,2020696.0,4040065.2,8080794,4,0,0.0,0.0,0,0,0,0,0,0,100,0,0.61859876,0.0,6,6,6.0,0.0,0.0,0,0,0,0,1,0,0,0,0,7.2,6.0,0.0,100,0,0,0,0,0,0,5,30,0,0,256,-1,4,20,1990.0,0.0,1990,1990,8080794.0,0.0,8080794,8080794,DDoS
80,13004,2,1,12,0,6,6,6.0,0.0,0,0,0.0,0.0,922.79297,230.69824,6502.0,9075.009,12919,85,13004,13004.0,0.0,13004,13004,0,0.0,0.0,0,0,0,0,0,0,40,32,153.79883,76.899414,0,6,4.5,3.0,9.0,1,0,0,0,0,0,0,0,0,6.0,6.0,0.0,40,0,0,0,0,0,0,2,12,1,0,0,235,1,20,0.0,0.0,0,0,0.0,0.0,0,0,DoS Hulk
1141,35,1,1,2,6,2,2,2.0,0.0,6,6,6.0,0.0,228571.42,57142.855,35.0,0.0,35,35,0,0.0,0.0,0,0,0,0.0,0.0,0,0,0,0,0,0,24,20,28571.428,28571.428,2,6,3.3333333,2.309401,5.3333335,0,0,0,1,0,0,0,0,1,5.0,2.0,6.0,24,0,0,0,0,0,0,1,2,1,6,1024,0,0,24,0.0,0.0,0,0,0.0,0.0,0,0,PortScan
80,3001541,3,0,0,0,0,0,0.0,0.0,0,0,0.0,0.0,0.0,0.9994866,1500770.5,711402.44,2003808,997733,3001541,1500770.5,711402.44,2003808,997733,0,0.0,0.0,0,0,0,0,0,0,120,0,0.9994866,0.0,0,0,0.0,0.0,0.0,0,0,0,1,0,0,0,0,0,0.0,0.0,0.0,120,0,0,0,0,0,0,3,0,0,0,29200,-1,0,40,0.0,0.0,0,0,0.0,0.0,0,0,DoS slowloris
80,10613380,8,4,388,11632,388,0,48.5,137.17871,11632,0,2908.0,5816.0,1132.5327,1.1306483,964852.75,2150146.5,5607426,3,5610539,801505.56,2119755.8,5608660,3,10600000,3537778.0,3077801.5,5607426,899,0,0,0,0,264,136,0.7537655,0.37688276,0,11632,924.61536,3218.9556,10400000.0,0,0,0,1,0,0,0,0,0,1001.6667,48.5,2908.0,264,0,0,0,0,0,0,8,388,4,11632,29200,235,1,32,945.0,0.0,945,945,5607426.0,0.0,5607426,5607426,DoS GoldenEye
443,341134,15,11,974,7419,469,0,64.933334,134.26598,1581,0,674.4545,743.4742,24603.234,76.216385,13645.36,24990.865,93532,1,341134,24366.715,33632.625,110577,1,277996,27799.6,43196.004,112513,3,0,0,0,0,492,360,43.97099,32.24539,0,1581,310.85184,562.8897,316844.8,0,0,0,1,0,0,0,0,0,322.80768,64.933334,674.4545,492,0,0,0,0,0,0,15,974,11,7419,65535,357,6,32,0.0,0.0,0,0,0.0,0.0,0,0,BENIGN
80,7046832,4,0,24,0,6,6,6.0,0.0,0,0,0.0,0.0,3.4057858,0.56763095,2348944.0,4066746.2,7044818,997,7046832,2348944.0,4066746.2,7044818,997,0,0.0,0.0,0,0,0,0,0,0,80,0,0.56763095,0.0,6,6,6.0,0.0,0.0,0,0,0,0,1,0,0,0,0,7.5,6.0,0.0,80,0,0,0,0,0,0,4,24,0,0,256,-1,3,20,2014.0,0.0,2014,2014,7044818.0,0.0,7044818,7044818,DDoS
80,102557749,7,5,337,11595,325,0,48.142857,122.11529,11595,0,2319.0,5185.4414,116.34421,0.11700725,9323432.0,29900000.0,99500000,3,103000000,17100000.0,40400000.0,99500000,179,103000000,25600000.0,51300000.0,103000000,3,0,0,0,0,224,168,0.068254225,0.04875302,0,11595,918.3077,3209.1926,10300000.0,1,0,0,0,0,0,0,0,0,994.8333,48.142857,2319.0,224,0,0,0,0,0,0,7,337,5,11595,0,235,2,20,13942.0,0.0,13942,13942,99500000.0,0.0,99500000,99500000,DoS Hulk
80,975,2,1,0,0,0,0,0.0,0.0,0,0,0.0,0.0,0.0,3076.923,487.5,683.7723,971,4,975,975.0,0.0,975,975,0,0.0,0.0,0,0,0,0,0,0,64,32,2051.282,1025.641,0,0,0.0,0.0,0.0,0,0,0,0,1,0,0,0,0,0.0,0.0,0.0,64,0,0,0,0,0,0,2,0,1,0,274,235,0,32,0.0,0.0,0,0,0.0,0.0,0,0,DoS Hulk
5355,410023,26,0,1170,0,45,45,45.0,0.0,0,0,0.0,0.0,2853.4985,63.411076,16400.92,81997.93,409991,0,410023,16400.92,81997.93,409991,0,0,0.0,0.0,0,0,0,0,0,0,832,0,63.411076,0.0,45,45,45.0,0.0,0.0,0,0,0,0,0,0,0,0,0,46.73077,45.0,0.0,832,0,0,0,0,0,0,26,1170,0,0,-1,-1,25,32,0.0,0.0,0,0,0.0,0.0,0,0,BENIGN
443,115651209,22,18,732,5704,344,0,33.272728,87.071495,2043,0,316.8889,636.3192,55.65009,0.34586754,2965415.5,4541568.0,10000000,3,116000000,5507200.5,4981753.5,10100000,3,111000000,6517485.0,4925879.5,10100000,48,0,0,0,0,712,584,0.19022715,0.1556404,0,2043,156.97562,443.39996,196603.53,0,0,0,1,0,0,0,0,0,160.9,33.272728,316.8889,712,0,0,0,0,0,0,22,732,18,5704,29200,126,4,32,56848.184,85324.48,314111,30949,10000000.0,5617.042,10000000,9999107,BENIGN
80,85095041,9,5,321,11595,321,0,35.666668,107.0,10136,0,2319.0,4414.366,140.03166,0.16452193,6545772.5,23600000.0,84900000,0,85000000,10600000.0,30000000.0,84900000,0,151376,37844.0,66518.39,137137,40,0,0,0,0,296,168,0.1057641,0.05875783,0,10136,794.4,2611.4075,6819449.5,0,0,0,0,1,0,0,0,0,851.1429,35.666668,2319.0,296,0,0,0,0,0,0,9,321,5,11595,251,235,1,32,1014.0,0.0,1014,1014,84900000.0,0.0,84900000,84900000,DoS Hulk
53,24234,2,2,86,196,43,43,43.0,0.0,98,98,98.0,0.0,11636.544,165.05736,8078.0,13910.1,24140,47,47,47.0,0.0,47,47,47,47.0,0.0,47,47,0,0,0,0,64,64,82.52868,82.52868,43,98,65.0,30.12474,907.5,0,0,0,0,0,0,0,0,1,81.25,43.0,98.0,64,0,0,0,0,0,0,2,86,2,196,-1,-1,1,32,0.0,0.0,0,0,0.0,0.0,0,0,BENIGN
80,36616,2,0,12,0,6,6,6.0,0.0,0,0,0.0,0.0,327.7256,54.62093,36616.0,0.0,36616,36616,36616,36616.0,0.0,36616,36616,0,0.0,0.0,0,0,0,0,0,0,40,0,54.62093,0.0,6,6,6.0,0.0,0.0,0,0,0,0,1,0,0,0,0,9.0,6.0,0.0,40,0,0,0,0,0,0,2,12,0,0,253,-1,1,20,0.0,0.0,0,0,0.0,0.0,0,0,BENIGN
80,1229003,4,0,24,0,6,6,6.0,0.0,0,0,0.0,0.0,19.528025,3.2546706,409667.66,707905.06,1227086,924,1229003,409667.66,707905.06,1227086,924,0,0.0,0.0,0,0,0,0,0,0,80,0,3.2546706,0.0,6,6,6.0,0.0,0.0,0,0,0,0,1,0,0,0,0,7.5,6.0,0.0,80,0,0,0,0,0,0,4,24,0,0,256,-1,3,20,0.0,0.0,0,0,0.0,0.0,0,0,DDoS
21,8103521,9,15,118,188,33,0,13.111111,11.698766,34,0,12.533334,14.54975,37.761364,2.9616756,352327.0,916748.2,2986234,3,5663213,707901.6,1312308.4,3028614,3,8103417,578815.5,1131855.5,2986234,3,0,0,0,0,296,488,1.1106284,1.8510473,0,34,12.24,13.25481,175.69,0,0,0,1,0,0,0,0,1,12.75,13.111111,12.533334,296,0,0,0,0,0,0,9,118,15,188,29200,227,6,32,0.0,0.0,0,0,0.0,0.0,0,0,FTP-Patator
80,84978544,7,7,346,11595,346,0,49.42857,130.77571,4344,0,1656.4286,1757.579,140.51782,0.16474746,6536811.0,23500000.0,84800000,1,84800000,14100000.0,34600000.0,84800000,1,149855,24975.834,54815.152,136371,47,0,0,0,0,232,232,0.08237373,0.08237373,0,4344,796.06665,1423.1423,2025334.1,0,0,0,0,1,0,0,0,1,852.9286,49.42857,1656.4286,232,0,0,0,0,0,0,7,346,7,11595,274,235,1,32,1009.0,0.0,1009,1009,84800000.0,0.0,84800000,84800000,DoS Hulk
53,166255,1,1,46,139,46,46,46.0,0.0,139,139,139.0,0.0,1112.7485,12.029714,166255.0,0.0,166255,166255,0,0.0,0.0,0,0,0,0.0,0.0,0,0,0,0,0,0,32,20,6.014857,6.014857,46,139,77.0,53.693577,2883.0,0,0,0,0,0,0,0,0,1,115.5,46.0,139.0,32,0,0,0,0,0,0,1,46,1,139,-1,-1,0,32,0.0,0.0,0,0,0.0,0.0,0,0,BENIGN
80,83776122,6,6,371,11595,371,0,61.833332,151.46011,5792,0,1932.5,2181.0083,142.83307,0.1432389,7616011.0,25200000.0,83700000,1,83700000,16700000.0,37400000.0,83700000,1,113319,22663.8,44110.773,101031,44,0,0,0,0,200,200,0.07161945,0.07161945,0,5792,920.46155,1715.4863,2942893.2,0,0,0,0,1,0,0,0,1,997.1667,61.833332,1932.5,200,0,0,0,0,0,0,6,371,6,11595,274,235,1,32,2.0,0.0,2,2,83700000.0,0.0,83700000,83700000,DoS Hulk
80,100773322,8,5,56,11607,20,0,7.0,5.656854,7300,0,2321.4,3346.364,115.73499,0.12900239,8397777.0,28000000.0,97100000,2,100000000,14300000.0,36500000.0,97100000,152,561105,140276.25,279900.03,560126,2,0,0,0,0,172,112,0.07938609,0.049616307,0,7300,833.5,2184.0618,4770126.0,0,0,0,0,1,0,0,0,0,897.61536,7.0,2321.4,172,0,0,0,0,0,0,8,56,5,11607,256,229,6,20,3077022.0,0.0,3077022,3077022,97100000.0,0.0,97100000,97100000,DDoS
80,100454854,8,6,784,11595,392,0,98.0,181.46074,4344,0,1932.5,1754.8314,123.229485,0.13936609,7727296.5,27800000.0,100000000,1,100000000,14300000.0,37800000.0,100000000,1,357544,71508.8,101293.39,215939,16,0,0,0,0,264,200,0.079637766,0.059728324,0,4344,825.26666,1411.581,1992561.2,0,0,0,0,1,0,0,0,0,884.2143,98.0,1932.5,264,0,0,0,0,0,0,8,784,6,11595,274,235,2,32,1009.0,0.0,1009,1009,100000000.0,0.0,100000000,100000000,DoS Hulk
80,85210085,6,7,347,11595,329,0,57.833332,132.87651,5792,0,1656.4286,2120.7322,140.14774,0.15256411,7100840.5,24500000.0,85100000,2,85100000,17000000.0,38000000.0,85100000,2,85200000,14200000.0,34700000.0,85100000,46,0,0,0,0,164,232,0.0704142,0.0821499,0,5792,853.4286,1666.4781,2777149.2,1,0,0,0,0,0,0,0,1,919.0769,57.833332,1656.4286,164,0,0,0,0,0,0,6,347,7,11595,0,235,3,20,9983.0,0.0,9983,9983,85100000.0,0.0,85100000,85100000,DoS Hulk
80,5947206,4,0,24,0,6,6,6.0,0.0,0,0,0.0,0.0,4.0355086,0.6725847,1982402.0,3432945.5,5946426,273,5947206,1982402.0,3432945.5,5946426,273,0,0.0,0.0,0,0,0,0,0,0,80,0,0.6725847,0.0,6,6,6.0,0.0,0.0,0,0,0,0,1,0,0,0,0,7.5,6.0,0.0,80,0,0,0,0,0,0,4,24,0,0,256,-1,3,20,780.0,0.0,780,780,5946426.0,0.0,5946426,5946426,DDoS
80,9863770,5,0,30,0,6,6,6.0,0.0,0,0,0.0,0.0,3.0414333,0.50690556,2465942.5,4931223.0,9862777,1,9863770,2465942.5,4931223.0,9862777,1,0,0.0,0.0,0,0,0,0,0,0,100,0,0.50690556,0.0,6,6,6.0,0.0,0.0,0,0,0,0,1,0,0,0,0,7.2,6.0,0.0,100,0,0,0,0,0,0,5,30,0,0,256,-1,4,20,993.0,0.0,993,993,9862777.0,0.0,9862777,9862777,DDoS
80,434635,3,5,26,11607,20,0,8.666667,10.263203,5840,0,2321.4,3173.3738,26764.986,18.406248,62090.715,163783.36,433516,4,918,459.0,493.56055,808,110,434589,108647.25,216579.58,433516,4,0,0,0,0,72,112,6.9023433,11.503905,0,5840,1292.5555,2554.1592,6523729.5,0,0,0,1,0,0,0,0,1,1454.125,8.666667,2321.4,72,0,0,0,0,0,0,3,26,5,11607,8192,229,2,20,0.0,0.0,0,0,0.0,0.0,0,0,DDoS
301,83,2,2,4,12,2,2,2.0,0.0,6,6,6.0,0.0,192771.08,48192.77,27.666666,23.180452,49,3,49,49.0,0.0,49,49,3,3.0,0.0,3,3,0,0,0,0,48,40,24096.385,24096.385,2,6,3.6,2.1908903,4.8,0,0,0,1,0,0,0,0,1,4.5,2.0,6.0,48,0,0,0,0,0,0,2,4,2,12,1024,0,1,24,0.0,0.0,0,0,0.0,0.0,0,0,BENIGN
61316,53,2,1,0,0,0,0,0.0,0.0,0,0,0.0,0.0,0.0,56603.773,26.5,31.819805,49,4,4,4.0,0.0,4,4,0,0.0,0.0,0,0,0,0,0,0,64,32,37735.848,18867.924,0,0,0.0,0.0,0.0,0,0,0,0,1,1,0,0,0,0.0,0.0,0.0,64,0,0,0,0,0,0,2,0,1,0,349,32832,0,32,0.0,0.0,0,0,0.0,0.0,0,0,BENIGN
80,748569,3,5,26,11607,20,0,8.666667,10.263203,5840,0,2321.4,3173.3738,15540.317,10.6870575,106938.43,282354.5,747258,3,1076,538.0,692.96466,1028,48,748260,187065.0,373462.2,747258,3,0,0,0,0,72,112,4.0076466,6.679411,0,5840,1292.5555,2554.1592,6523729.5,0,0,0,1,0,0,0,0,1,1454.125,8.666667,2321.4,72,0,0,0,0,0,0,3,26,5,11607,8192,229,2,20,0.0,0.0,0,0,0.0,0.0,0,0,DDoS
80,1772445,3,4,26,11601,20,0,8.666667,10.263203,5840,0,2900.25,3345.637,6559.865,3.9493468,295407.5,720000.4,1765092,70,7088,3544.0,4852.1665,6975,113,1772297,590765.7,1017002.1,1765092,195,0,0,0,0,72,92,1.6925772,2.2567697,0,5840,1453.375,2681.3564,7189672.5,0,0,0,1,0,0,0,0,1,1661.0,8.666667,2900.25,72,0,0,0,0,0,0,3,26,4,11601,8192,229,2,20,0.0,0.0,0,0,0.0,0.0,0,0,DDoS
80,63120159,7,0,0,0,0,0,0.0,0.0,0,0,0.0,0.0,0.0,0.1108996,10500000.0,11900000.0,32100000,996873,63100000,10500000.0,11900000.0,32100000,996873,0,0.0,0.0,0,0,0,0,0,0,280,0,0.1108996,0.0,0,0,0.0,0.0,0.0,0,0,0,1,0,0,0,0,0,0.0,0.0,0.0,280,0,0,0,0,0,0,7,0,0,0,29200,-1,0,40,7008809.0,0.0,7008809,7008809,18700000.0,12200000.0,32100000,8015922,DoS Slowhttptest
443,116047267,19,16,1021,645,517,0,53.736843,135.55107,481,0,40.3125,123.43296,14.356219,0.30160123,3413155.0,4721106.5,10000000,1,116000000,6447070.5,4780400.0,10000000,4,110000000,7355943.0,4582006.0,10000000,1,0,0,0,0,392,464,0.16372639,0.13787486,0,517,46.27778,126.833664,16086.777,0,0,0,1,0,0,0,0,0,47.6,53.736843,40.3125,392,0,0,0,0,0,0,19,1021,16,645,8192,980,18,20,33299.582,33028.77,138121,23118,9637306.0,1245960.2,10000000,5681141,BENIGN
80,9302777,4,0,24,0,6,6,6.0,0.0,0,0,0.0,0.0,2.5798748,0.42997915,3100925.8,5366631.0,9297777,998,9302777,3100925.8,5366631.0,9297777,998,0,0.0,0.0,0,0,0,0,0,0,80,0,0.42997915,0.0,6,6,6.0,0.0,0.0,0,0,0,0,1,0,0,0,0,7.5,6.0,0.0,80,0,0,0,0,0,0,4,24,0,0,256,-1,3,20,5000.0,0.0,5000,5000,9297777.0,0.0,9297777,9297777,DDoS
1864,55,1,1,0,6,0,0,0.0,0.0,6,6,6.0,0.0,109090.91,36363.637,55.0,0.0,55,55,0,0.0,0.0,0,0,0,0.0,0.0,0,0,0,0,0,0,40,20,18181.818,18181.818,0,6,2.0,3.4641016,12.0,0,0,0,1,0,0,0,0,1,3.0,0.0,6.0,40,0,0,0,0,0,0,1,0,1,6,29200,0,0,40,0.0,0.0,0,0,0.0,0.0,0,0,PortScan
80,3573498,3,3,0,0,0,0,0.0,0.0,0,0,0.0,0.0,0.0,1.6790271,714699.6,983775.6,2024563,9,1548935,774467.5,1061513.6,1525071,23864,3549701,1774850.5,353159.53,2024572,1525129,0,0,0,0,104,112,0.83951354,0.83951354,0,0,0.0,0.0,0.0,0,0,0,1,0,0,0,0,1,0.0,0.0,0.0,104,0,0,0,0,0,0,3,0,3,0,29200,29,0,32,0.0,0.0,0,0,0.0,0.0,0,0,BENIGN
80,344747,3,4,26,11601,20,0,8.666667,10.263203,10135,0,2900.25,4871.8257,33726.184,20.304745,57457.832,130484.52,323264,5,21007,10503.5,14847.121,21002,5,344715,114905.0,180751.38,323264,192,0,0,0,0,72,92,8.702034,11.602712,0,10135,1453.375,3544.652,12600000.0,0,0,0,1,0,0,0,0,1,1661.0,8.666667,2900.25,72,0,0,0,0,0,0,3,26,4,11601,8192,229,2,20,0.0,0.0,0,0,0.0,0.0,0,0,DDoS
48042,244,3,1,31,6,31,0,10.333333,17.897858,6,6,6.0,0.0,151639.34,16393.443,81.333336,92.19725,182,1,244,122.0,171.11984,243,1,0,0.0,0.0,0,0,0,0,0,0,96,20,12295.082,4098.361,0,31,7.4,13.446189,180.8,0,0,0,0,1,0,0,0,0,9.25,10.333333,6.0,96,0,0,0,0,0,0,3,31,1,6,59,0,1,32,0.0,0.0,0,0,0.0,0.0,0,0,BENIGN
443,142720,20,23,1228,26075,901,0,61.4,200.35873,2920,0,1133.6957,718.9142,191304.66,301.28925,3398.0952,8856.384,37840,1,142720,7511.579,20713.977,89396,1,125991,5726.864,11558.008,37840,2,0,0,0,0,424,472,140.13454,161.15471,0,2920,620.5227,759.8583,577384.56,0,0,0,1,0,0,0,0,1,634.9535,61.4,1133.6957,424,0,0,0,0,0,0,20,1228,23,26075,65535,32,19,20,0.0,0.0,0,0,0.0,0.0,0,0,BENIGN
2003,55,1,1,2,6,2,2,2.0,0.0,6,6,6.0,0.0,145454.55,36363.637,55.0,0.0,55,55,0,0.0,0.0,0,0,0,0.0,0.0,0,0,0,0,0,0,24,20,18181.818,18181.818,2,6,3.3333333,2.309401,5.3333335,0,0,0,1,0,0,0,0,1,5.0,2.0,6.0,24,0,0,0,0,0,0,1,2,1,6,1024,0,0,24,0.0,0.0,0,0,0.0,0.0,0,0,PortScan
80,85352044,6,7,382,11595,364,0,63.666668,147.16205,5792,0,1656.4286,2120.7322,140.3247,0.15231036,7112670.5,24600000.0,85200000,2,85200000,17000000.0,38100000.0,85200000,2,85400000,14200000.0,34800000.0,85200000,45,0,0,0,0,164,232,0.070297085,0.082013264,0,5792,855.9286,1665.657,2774413.0,1,0,0,0,0,0,0,0,1,921.7692,63.666668,1656.4286,164,0,0,0,0,0,0,6,382,7,11595,0,235,3,20,7962.0,0.0,7962,7962,85200000.0,0.0,85200000,85200000,DoS Hulk
80,85145081,9,6,358,11595,358,0,39.77778,119.333336,5792,0,1932.5,2181.0083,140.38391,0.1761699,6081791.5,22700000.0,85000000,0,85000000,10600000.0,30000000.0,85000000,0,148466,29693.2,59738.02,136156,45,0,0,0,0,296,200,0.10570194,0.07046796,0,5792,747.0625,1578.815,2492656.5,0,0,0,0,1,0,0,0,0,796.86664,39.77778,1932.5,296,0,0,0,0,0,0,9,358,6,11595,251,235,1,32,1018.0,0.0,1018,1018,85000000.0,0.0,85000000,85000000,DoS Hulk
443,101773,20,24,2126,43937,1527,0,106.3,353.67145,4380,0,1830.7084,1150.1632,452605.3,432.33472,2366.814,6778.3594,23500,3,101773,5356.4736,9804.938,24349,3,75188,3269.0435,8061.6646,24417,48,0,0,0,0,412,492,196.51578,235.81892,0,4380,1023.6222,1227.6497,1507123.6,0,0,0,1,0,0,0,0,1,1046.8864,106.3,1830.7084,412,0,0,0,0,0,0,20,2126,24,43937,8192,66,4,20,0.0,0.0,0,0,0.0,0.0,0,0,BENIGN
443,5741004,9,5,416,3519,182,0,46.22222,78.63329,1805,0,703.8,858.6054,685.42017,2.438598,441615.7,1445835.1,5249215,3,5741004,717625.5,1832799.6,5249215,3,307520,76880.0,84477.555,152643,268,0,0,0,0,296,168,1.56767,0.8709278,0,1805,262.33334,564.5414,318706.94,0,0,0,1,0,0,0,0,0,281.07144,46.22222,703.8,296,0,0,0,0,0,0,9,416,5,3519,29200,61,3,32,491786.0,0.0,491786,491786,5249215.0,0.0,5249215,5249215,BENIGN
80,4815904,5,0,30,0,6,6,6.0,0.0,0,0,0.0,0.0,6.22936,1.0382267,1203976.0,2407273.5,4814886,1,4815904,1203976.0,2407273.5,4814886,1,0,0.0,0.0,0,0,0,0,0,0,100,0,1.0382267,0.0,6,6,6.0,0.0,0.0,0,0,0,0,1,0,0,0,0,7.2,6.0,0.0,100,0,0,0,0,0,0,5,30,0,0,256,-1,4,20,0.0,0.0,0,0,0.0,0.0,0,0,DDoS
53,210,2,2,84,366,42,42,42.0,0.0,183,183,183.0,0.0,2142857.2,19047.62,70.0,118.65496,207,0,0,0.0,0.0,0,0,3,3.0,0.0,3,3,0,0,0,0,64,64,9523.81,9523.81,42,183,98.4,77.22888,5964.3,0,0,0,0,0,0,0,0,1,123.0,42.0,183.0,64,0,0,0,0,0,0,2,84,2,366,-1,-1,1,32,0.0,0.0,0,0,0.0,0.0,0,0,BENIGN
80,73991188,9,5,62,11607,20,0,6.888889,5.3019915,10135,0,2321.4,4413.202,157.70796,0.18921173,5691630.0,18900000.0,68500000,4,74000000,9243923.0,24000000.0,68500000,4,41865,10466.25,18999.537,38933,177,0,0,0,0,192,112,0.12163611,0.06757562,0,10135,778.3333,2615.3877,6840253.0,0,0,0,0,1,0,0,0,0,833.9286,6.888889,2321.4,192,0,0,0,0,0,0,9,62,5,11607,256,229,7,20,1922.0,0.0,1922,1922,37000000.0,44500000.0,68500000,5486426,DDoS
53,690,2,2,82,176,41,41,41.0,0.0,88,88,88.0,0.0,373913.03,5797.1016,230.0,394.0444,685,1,1,1.0,0.0,1,1,4,4.0,0.0,4,4,0,0,0,0,80,80,2898.5508,2898.5508,41,88,59.8,25.74296,662.7,0,0,0,0,0,0,0,0,1,74.75,41.0,88.0,80,0,0,0,0,0,0,2,82,2,176,-1,-1,1,40,0.0,0.0,0,0,0.0,0.0,0,0,BENIGN
53,1677,1,1,51,67,51,51,51.0,0.0,67,67,67.0,0.0,70363.74,1192.6058,1677.0,0.0,1677,1677,0,0.0,0.0,0,0,0,0.0,0.0,0,0,0,0,0,0,32,32,596.3029,596.3029,51,67,56.333332,9.237604,85.333336,0,0,0,0,0,0,0,0,1,84.5,51.0,67.0,32,0,0,0,0,0,0,1,51,1,67,-1,-1,0,32,0.0,0.0,0,0,0.0,0.0,0,0,BENIGN
80,82235039,8,4,56,11607,20,0,7.0,5.656854,11595,0,2901.75,5795.5005,141.8252,0.1459232,7475912.5,21100000.0,70600000,5,80700000,11500000.0,26300000.0,70600000,18,1581697,527232.3,912407.8,1580790,5,0,0,0,0,172,92,0.097282134,0.048641067,0,11595,897.61536,3214.1675,10300000.0,0,0,0,0,1,0,0,0,0,972.4167,7.0,2901.75,172,0,0,0,0,0,0,8,56,4,11607,256,229,6,20,903.0,0.0,903,903,40300000.0,42800000.0,70600000,10100000,DDoS
416,50,1,1,0,6,0,0,0.0,0.0,6,6,6.0,0.0,120000.0,40000.0,50.0,0.0,50,50,0,0.0,0.0,0,0,0,0.0,0.0,0,0,0,0,0,0,40,20,20000.0,20000.0,0,6,2.0,3.4641016,12.0,0,0,0,1,0,0,0,0,1,3.0,0.0,6.0,40,0,0,0,0,0,0,1,0,1,6,29200,0,0,40,0.0,0.0,0,0,0.0,0.0,0,0,PortScan
80,34046538,5,7,367,11595,355,0,73.4,157.44777,5792,0,1656.4286,2120.7322,351.34262,0.35245875,3095139.8,10200000.0,33900000,2,33900000,8478011.0,16900000.0,33900000,976,34000000,5674422.5,13800000.0,33900000,45,0,0,0,0,144,232,0.14685781,0.20560093,0,5792,920.61536,1715.1173,2941627.5,1,0,0,0,0,0,0,0,1,997.3333,73.4,1656.4286,144,0,0,0,0,0,0,5,367,7,11595,0,235,2,20,11034.0,0.0,11034,11034,33900000.0,0.0,33900000,33900000,DoS Hulk
49160,31,1,1,2,6,2,2,2.0,0.0,6,6,6.0,0.0,258064.52,64516.13,31.0,0.0,31,31,0,0.0,0.0,0,0,0,0.0,0.0,0,0,0,0,0,0,24,20,32258.064,32258.064,2,6,3.3333333,2.309401,5.3333335,0,0,0,1,0,0,0,0,1,5.0,2.0,6.0,24,0,0,0,0,0,0,1,2,1,6,1024,0,0,24,0.0,0.0,0,0,0.0,0.0,0,0,PortScan
443,32298167,2,1,12,6,6,6,6.0,0.0,6,6,6.0,0.0,0.5573072,0.092884526,16149084.0,22705548.0,32204330,93837,32298167,32298168.0,0.0,32298167,32298167,0,0.0,0.0,0,0,0,0,0,0,40,20,0.06192302,0.03096151,6,6,6.0,0.0,0.0,0,0,0,0,1,0,0,0,0,8.0,6.0,6.0,40,0,0,0,0,0,0,2,12,1,6,252,5120,1,20,0.0,0.0,0,0,0.0,0.0,0,0,BENIGN
80,115251005,2,0,0,0,0,0,0.0,0.0,0,0,0.0,0.0,0.0,0.017353429,115000000.0,0.0,115000000,115000000,115000000,115000000.0,0.0,115000000,115000000,0,0.0,0.0,0,0,0,0,0,0,64,0,0.017353429,0.0,0,0,0.0,0.0,0.0,0,0,0,0,1,0,0,0,0,0.0,0.0,0.0,64,0,0,0,0,0,0,2,0,0,0,410,-1,0,32,0.0,0.0,0,0,115000000.0,0.0,115000000,115000000,DoS GoldenEye
80,1354618,3,7,26,11601,20,0,8.666667,10.263203,2920,0,1657.2858,1299.1721,8583.231,7.382155,150513.11,448124.88,1345498,17,8011,4005.5,4249.005,7010,1001,1354568,225761.33,548565.56,1345498,17,0,0,0,0,72,152,2.2146466,5.1675086,0,2920,1057.0,1306.2909,1706395.8,0,0,0,1,0,0,0,0,2,1162.7,8.666667,1657.2858,72,0,0,0,0,0,0,3,26,7,11601,8192,229,2,20,0.0,0.0,0,0,0.0,0.0,0,0,DDoS
58887,680,2,0,12,0,6,6,6.0,0.0,0,0,0.0,0.0,17647.059,2941.1765,680.0,0.0,680,680,680,680.0,0.0,680,680,0,0.0,0.0,0,0,0,0,0,0,40,0,2941.1765,0.0,6,6,6.0,0.0,0.0,0,0,0,0,1,0,0,0,0,9.0,6.0,0.0,40,0,0,0,0,0,0,2,12,0,0,27740,-1,1,20,0.0,0.0,0,0,0.0,0.0,0,0,BENIGN
2383,68,2,2,4,12,2,2,2.0,0.0,6,6,6.0,0.0,235294.12,58823.53,22.666666,6.350853,30,19,49,49.0,0.0,49,49,49,49.0,0.0,49,49,0,0,0,0,48,40,29411.766,29411.766,2,6,3.6,2.1908903,4.8,0,0,0,1,0,0,0,0,1,4.5,2.0,6.0,48,0,0,0,0,0,0,2,4,2,12,1024,0,1,24,0.0,0.0,0,0,0.0,0.0,0,0,BENIGN
4242,45,1,1,2,6,2,2,2.0,0.0,6,6,6.0,0.0,177777.78,44444.445,45.0,0.0,45,45,0,0.0,0.0,0,0,0,0.0,0.0,0,0,0,0,0,0,24,20,22222.223,22222.223,2,6,3.3333333,2.309401,5.3333335,0,0,0,1,0,0,0,0,1,5.0,2.0,6.0,24,0,0,0,0,0,0,1,2,1,6,1024,0,0,24,0.0,0.0,0,0,0.0,0.0,0,0,PortScan
6000,76,1,1,2,6,2,2,2.0,0.0,6,6,6.0,0.0,105263.16,26315.79,76.0,0.0,76,76,0,0.0,0.0,0,0,0,0.0,0.0,0,0,0,0,0,0,24,20,13157.895,13157.895,2,6,3.3333333,2.309401,5.3333335,0,0,0,1,0,0,0,0,1,5.0,2.0,6.0,24,0,0,0,0,0,0,1,2,1,6,1024,0,0,24,0.0,0.0,0,0,0.0,0.0,0,0,PortScan
443,61596136,16,17,3022,8041,1377,0,188.875,455.31378,2636,0,473.0,803.3889,179.60542,0.5357479,1924879.2,3926076.0,10000000,26,61600000,4106409.0,4990351.5,10100000,333,61500000,3846589.5,4963295.5,10100000,244,0,0,0,0,332,344,0.25975657,0.27599135,0,2636,325.38235,656.23047,430638.44,0,0,0,1,0,0,0,0,1,335.24243,188.875,473.0,332,0,0,0,0,0,0,16,3022,17,8041,8192,34425,10,20,231148.0,442126.53,1133635,50505,9966726.0,81394.92,10000000,9800579,BENIGN
80,161318,3,5,26,11607,20,0,8.666667,10.263203,7300,0,2321.4,3346.364,72112.23,49.59149,23045.428,60503.37,160253,6,788,394.0,486.48947,738,50,161301,40325.25,79952.664,160253,6,0,0,0,0,72,112,18.59681,30.99468,0,7300,1292.5555,2662.265,7087654.5,0,0,0,1,0,0,0,0,1,1454.125,8.666667,2321.4,72,0,0,0,0,0,0,3,26,5,11607,8192,229,2,20,0.0,0.0,0,0,0.0,0.0,0,0,DDoS
53,212,2,2,70,326,35,35,35.0,0.0,163,163,163.0,0.0,1867924.5,18867.924,70.666664,81.40229,161,3,3,3.0,0.0,3,3,48,48.0,0.0,48,48,0,0,0,0,64,64,9433.962,9433.962,35,163,86.2,70.10849,4915.2,0,0,0,0,0,0,0,0,1,107.75,35.0,163.0,64,0,0,0,0,0,0,2,70,2,326,-1,-1,1,32,0.0,0.0,0,0,0.0,0.0,0,0,BENIGN
80,84262099,6,6,356,11595,356,0,59.333332,145.3364,5792,0,1932.5,2181.0083,141.83127,0.14241278,7660191.0,25400000.0,84100000,1,84100000,16800000.0,37600000.0,84100000,1,150425,30085.0,60606.2,138106,45,0,0,0,0,200,200,0.07120639,0.07120639,0,5792,919.3077,1715.8917,2944284.2,0,0,0,0,1,0,0,0,1,995.9167,59.333332,1932.5,200,0,0,0,0,0,0,6,356,6,11595,274,235,1,32,4.0,0.0,4,4,84100000.0,0.0,84100000,84100000,DoS Hulk
53,158,2,2,68,100,34,34,34.0,0.0,50,50,50.0,0.0,1063291.1,25316.455,52.666668,86.02519,152,3,3,3.0,0.0,3,3,3,3.0,0.0,3,3,0,0,0,0,40,40,12658.228,12658.228,34,50,40.4,8.763561,76.8,0,0,0,0,0,0,0,0,1,50.5,34.0,50.0,40,0,0,0,0,0,0,2,68,2,100,-1,-1,1,20,0.0,0.0,0,0,0.0,0.0,0,0,BENIGN
48508,4,3,0,76,0,45,0,25.333334,23.028967,0,0,0.0,0.0,19000000.0,750000.0,2.0,1.4142135,3,1,4,2.0,1.4142135,3,1,0,0.0,0.0,0,0,1,0,0,0,96,0,750000.0,0.0,0,45,30.25,21.219095,450.25,0,1,0,0,1,0,0,0,0,40.333332,25.333334,0.0,96,0,0,0,0,0,0,3,76,0,0,171,-1,1,32,0.0,0.0,0,0,0.0,0.0,0,0,BENIGN
80,14501,2,2,12,0,6,6,6.0,0.0,0,0,0.0,0.0,827.5291,275.84305,4833.6665,7848.424,13891,38,610,610.0,0.0,610,610,14463,14463.0,0.0,14463,14463,0,0,0,0,40,64,137.92152,137.92152,0,6,3.6,3.2863352,10.8,1,0,0,0,0,0,0,0,1,4.5,6.0,0.0,40,0,0,0,0,0,0,2,12,2,0,0,235,1,20,0.0,0.0,0,0,0.0,0.0,0,0,DoS Hulk
53,30510,1,1,57,73,57,57,57.0,0.0,73,73,73.0,0.0,4260.898,65.55228,30510.0,0.0,30510,30510,0,0.0,0.0,0,0,0,0.0,0.0,0,0,0,0,0,0,20,20,32.77614,32.77614,57,73,62.333332,9.237604,85.333336,0,0,0,0,0,0,0,0,1,93.5,57.0,73.0,20,0,0,0,0,0,0,1,57,1,73,-1,-1,0,20,0.0,0.0,0,0,0.0,0.0,0,0,BENIGN
53,24511,1,1,57,181,57,57,57.0,0.0,181,181,181.0,0.0,9709.926,81.596016,24511.0,0.0,24511,24511,0,0.0,0.0,0,0,0,0.0,0.0,0,0,0,0,0,0,32,32,40.798008,40.798008,57,181,98.333336,71.59143,5125.3335,0,0,0,0,0,0,0,0,1,147.5,57.0,181.0,32,0,0,0,0,0,0,1,57,1,181,-1,-1,0,32,0.0,0.0,0,0,0.0,0.0,0,0,BENIGN
53,23877,1,1,35,91,35,35,35.0,0.0,91,91,91.0,0.0,5277.045,83.76262,23877.0,0.0,23877,23877,0,0.0,0.0,0,0,0,0.0,0.0,0,0,0,0,0,0,32,32,41.88131,41.88131,35,91,53.666668,32.331615,1045.3334,0,0,0,0,0,0,0,0,1,80.5,35.0,91.0,32,0,0,0,0,0,0,1,35,1,91,-1,-1,0,32,0.0,0.0,0,0,0.0,0.0,0,0,BENIGN
80,86011344,4,7,418,11595,412,0,104.5,205.01952,4344,0,1656.4286,1757.579,139.66762,0.12789011,8601134.0,27100000.0,85900000,2,85900000,28600000.0,49600000.0,85900000,2,147717,24619.5,55334.375,137282,16,0,0,0,0,124,232,0.046505492,0.081384614,0,4344,1001.5833,1533.6403,2352052.8,1,0,0,0,0,0,0,0,1,1092.6364,104.5,1656.4286,124,0,0,0,0,0,0,4,418,7,11595,0,235,1,20,0.0,0.0,0,0,85900000.0,0.0,85900000,85900000,DoS Hulk
80,11688276,7,5,399,11632,399,0,57.0,150.80783,7240,0,2326.4,3340.9048,1029.322,1.0266699,1062570.5,2392559.5,6685838,1,6692019,1115336.5,2731012.2,6689992,1,11700000,2922064.2,3442789.8,6685838,189,0,0,0,0,232,168,0.5988907,0.42777908,0,7240,925.46155,2249.6711,5061020.0,0,0,0,1,0,0,0,0,0,1002.5833,57.0,2326.4,232,0,0,0,0,0,0,7,399,5,11632,29200,235,1,32,1068.0,0.0,1068,1068,6685838.0,0.0,6685838,6685838,DoS GoldenEye
80,1050115,3,6,26,11601,20,0,8.666667,10.263203,5840,0,1933.5,2189.773,11072.121,8.57049,131264.38,365033.5,1034584,1,14996,7498.0,10602.359,14995,1,1050108,210021.6,460991.3,1034584,14,0,0,0,0,72,132,2.85683,5.71366,0,5840,1162.7,1911.5957,3654198.2,0,0,0,1,0,0,0,0,2,1291.8889,8.666667,1933.5,72,0,0,0,0,0,0,3,26,6,11601,8192,229,2,20,0.0,0.0,0,0,0.0,0.0,0,0,DDoS
53,70584,1,1,49,130,49,49,49.0,0.0,130,130,130.0,0.0,2535.9856,28.335033,70584.0,0.0,70584,70584,0,0.0,0.0,0,0,0,0.0,0.0,0,0,0,0,0,0,32,20,14.167517,14.167517,49,130,76.0,46.765373,2187.0,0,0,0,0,0,0,0,0,1,114.0,49.0,130.0,32,0,0,0,0,0,0,1,49,1,130,-1,-1,0,32,0.0,0.0,0,0,0.0,0.0,0,0,BENIGN
443,5630316,9,6,367,3710,210,0,40.77778,75.805305,1448,0,618.3333,674.5504,724.11566,2.6641488,402165.44,1463790.9,5487674,10,5630316,703789.5,1933155.1,5487674,18,69383,13876.6,16842.488,34409,49,0,0,0,0,296,200,1.5984893,1.0656595,0,1448,254.8125,489.2971,239411.62,0,0,0,1,0,0,0,0,0,271.8,40.77778,618.3333,296,0,0,0,0,0,0,9,367,6,3710,29200,118,3,32,142624.0,0.0,142624,142624,5487674.0,0.0,5487674,5487674,BENIGN
80,98427946,6,6,332,11595,332,0,55.333332,135.53844,5792,0,1932.5,2534.0515,121.174934,0.12191659,8947995.0,29700000.0,98400000,3,98400000,19700000.0,44000000.0,98400000,4,43698,8739.6,13576.383,31232,49,0,0,0,0,200,200,0.060958296,0.060958296,0,5792,917.46155,1907.924,3640173.8,0,0,0,0,1,0,0,0,1,993.9167,55.333332,1932.5,200,0,0,0,0,0,0,6,332,6,11595,274,235,1,32,1025.0,0.0,1025,1025,98400000.0,0.0,98400000,98400000,DoS Hulk
443,24067,2,2,6,31,6,0,3.0,4.2426405,31,0,15.5,21.920311,1537.3749,166.20268,8022.3335,13696.793,23838,89,23927,23927.0,0.0,23927,23927,229,229.0,0.0,229,229,0,0,0,0,52,64,83.10134,83.10134,0,31,7.4,13.446189,180.8,0,0,0,0,1,1,0,0,1,9.25,3.0,15.5,52,0,0,0,0,0,0,2,6,2,31,3670,1368,1,20,0.0,0.0,0,0,0.0,0.0,0,0,BENIGN
80,66339675,8,6,389,11595,383,0,48.625,135.12422,5792,0,1932.5,2179.547,180.64604,0.2110351,5103052.0,18400000.0,66200000,1,66200000,9456734.0,25000000.0,66200000,1,156505,31301.0,62254.867,142143,48,0,0,0,0,252,200,0.120591484,0.09044362,0,5792,798.93335,1619.7833,2623698.0,0,0,0,0,1,0,0,0,0,856.0,48.625,1932.5,252,0,0,0,0,0,0,8,389,6,11595,274,235,2,20,992.0,0.0,992,992,66200000.0,0.0,66200000,66200000,DoS Hulk
5002,74,1,1,2,6,2,2,2.0,0.0,6,6,6.0,0.0,108108.11,27027.027,74.0,0.0,74,74,0,0.0,0.0,0,0,0,0.0,0.0,0,0,0,0,0,0,24,20,13513.514,13513.514,2,6,3.3333333,2.309401,5.3333335,0,0,0,1,0,0,0,0,1,5.0,2.0,6.0,24,0,0,0,0,0,0,1,2,1,6,1024,0,0,24,0.0,0.0,0,0,0.0,0.0,0,0,PortScan
80,98666841,7,8,436,11595,412,0,62.285713,154.23544,5792,0,1449.375,1895.881,121.93559,0.15202676,7047631.5,26400000.0,98600000,5,98700000,16400000.0,40300000.0,98600000,5,98700000,14100000.0,37300000.0,98600000,44,0,0,0,0,184,264,0.07094582,0.081080936,0,5792,752.3125,1485.0454,2205359.8,1,0,0,0,0,0,0,0,1,802.4667,62.285713,1449.375,184,0,0,0,0,0,0,7,436,8,11595,0,235,4,20,13992.0,0.0,13992,13992,98600000.0,0.0,98600000,98600000,DoS Hulk
80,43094631,2,0,0,0,0,0,0.0,0.0,0,0,0.0,0.0,0.0,0.046409495,43100000.0,0.0,43100000,43100000,43100000,43100000.0,0.0,43100000,43100000,0,0.0,0.0,0,0,0,0,0,0,64,0,0.046409495,0.0,0,0,0.0,0.0,0.0,0,0,0,0,1,0,0,0,0,0.0,0.0,0.0,64,0,0,0,0,0,0,2,0,0,0,284,-1,0,32,0.0,0.0,0,0,43100000.0,0.0,43100000,43100000,DoS GoldenEye
80,99417699,5,7,369,11595,357,0,73.8,158.34204,5792,0,1656.4286,2120.7322,120.340744,0.120702855,9037973.0,29900000.0,99300000,34,99300000,24800000.0,49600000.0,99300000,973,99400000,16600000.0,40500000.0,99300000,45,0,0,0,0,144,232,0.050292857,0.07041,0,5792,920.7692,1715.0625,2941439.2,1,0,0,0,0,0,0,0,1,997.5,73.8,1656.4286,144,0,0,0,0,0,0,5,369,7,11595,0,235,2,20,11007.0,0.0,11007,11007,99300000.0,0.0,99300000,99300000,DoS Hulk
443,117727341,39,39,3607,35977,466,0,92.48718,169.24599,4145,0,922.4872,1027.2515,336.23456,0.6625479,1528926.5,3531083.5,10000000,3,118000000,3098088.0,4555607.5,10000000,3,112000000,2959916.0,4576688.0,10000000,48,0,0,0,0,792,924,0.33127394,0.33127394,0,4145,501.0633,838.7693,703533.94,0,0,0,1,0,0,0,0,1,507.48718,92.48718,922.4872,792,0,0,0,0,0,0,39,3607,39,35977,8192,1181,38,20,211006.67,649162.06,2272373,23468,9599605.0,1377433.2,10000000,5226973,BENIGN
80,903317,3,5,26,11601,20,0,8.666667,10.263203,5840,0,2320.2,2436.833,12871.45,8.856249,129045.29,337730.2,894917,17,7977,3988.5,5616.5493,7960,17,903253,225813.25,446084.47,894917,144,0,0,0,0,72,112,3.3210933,5.5351553,0,5840,1291.8889,2110.9507,4456113.0,0,0,0,1,0,0,0,0,1,1453.375,8.666667,2320.2,72,0,0,0,0,0,0,3,26,5,11601,8192,229,2,20,0.0,0.0,0,0,0.0,0.0,0,0,DDoS
80,1875982,3,6,26,11607,20,0,8.666667,10.263203,4380,0,1934.5,2177.345,6201.019,4.7974873,234497.75,662970.1,1875265,2,630,315.0,377.59503,582,48,1875936,375187.2,838569.0,1875265,2,0,0,0,0,72,132,1.5991625,3.198325,0,4380,1163.3,1903.9626,3625073.8,0,0,0,1,0,0,0,0,2,1292.5555,8.666667,1934.5,72,0,0,0,0,0,0,3,26,6,11607,8192,229,2,20,0.0,0.0,0,0,0.0,0.0,0,0,DDoS
80,98738709,9,6,370,11595,370,0,41.11111,123.333336,4344,0,1932.5,1754.8314,121.17841,0.1519161,7052765.0,26400000.0,98700000,1,98700000,12300000.0,34900000.0,98700000,1,44458,8891.6,13981.531,32128,47,0,0,0,0,296,200,0.091149665,0.060766444,0,4344,747.8125,1390.2957,1932921.9,0,0,0,0,1,0,0,0,0,797.6667,41.11111,1932.5,296,0,0,0,0,0,0,9,370,6,11595,251,235,1,32,1016.0,0.0,1016,1016,98700000.0,0.0,98700000,98700000,DoS Hulk
1002,66,1,1,2,6,2,2,2.0,0.0,6,6,6.0,0.0,121212.125,30303.031,66.0,0.0,66,66,0,0.0,0.0,0,0,0,0.0,0.0,0,0,0,0,0,0,24,20,15151.516,15151.516,2,6,3.3333333,2.309401,5.3333335,0,0,0,1,0,0,0,0,1,5.0,2.0,6.0,24,0,0,0,0,0,0,1,2,1,6,1024,0,0,24,0.0,0.0,0,0,0.0,0.0,0,0,PortScan
80,98747167,4,6,293,11595,287,0,73.25,142.52806,5792,0,1932.5,2181.0083,120.38827,0.10126873,11000000.0,32900000.0,98600000,5,98600000,32900000.0,56900000.0,98600000,5,148543,29708.6,60235.223,137121,46,0,0,0,0,124,200,0.04050749,0.060761236,0,5792,1081.2727,1827.9252,3341310.5,1,0,0,0,0,0,0,0,1,1189.4,73.25,1932.5,124,0,0,0,0,0,0,4,293,6,11595,0,235,1,20,0.0,0.0,0,0,98600000.0,0.0,98600000,98600000,DoS Hulk
26,19,1,1,2,6,2,2,2.0,0.0,6,6,6.0,0.0,421052.62,105263.16,19.0,0.0,19,19,0,0.0,0.0,0,0,0,0.0,0.0,0,0,0,0,0,0,24,20,52631.58,52631.58,2,6,3.3333333,2.309401,5.3333335,0,0,0,1,0,0,0,0,1,5.0,2.0,6.0,24,0,0,0,0,0,0,1,2,1,6,1024,0,0,24,0.0,0.0,0,0,0.0,0.0,0,0,PortScan
80,85531108,7,6,372,11595,372,0,53.142857,140.60278,5792,0,1932.5,2181.0083,139.914,0.15199149,7127592.5,24700000.0,85400000,1,85400000,14200000.0,34900000.0,85400000,1,95453,19090.6,35234.6,81190,10,0,0,0,0,232,200,0.081841566,0.07014991,0,5792,854.7857,1666.4214,2776960.2,0,0,0,0,1,0,0,0,0,920.53845,53.142857,1932.5,232,0,0,0,0,0,0,7,372,6,11595,251,235,1,32,50.0,0.0,50,50,85400000.0,0.0,85400000,85400000,DoS Hulk
1073,29,1,1,0,6,0,0,0.0,0.0,6,6,6.0,0.0,206896.55,68965.516,29.0,0.0,29,29,0,0.0,0.0,0,0,0,0.0,0.0,0,0,0,0,0,0,40,20,34482.758,34482.758,0,6,2.0,3.4641016,12.0,0,0,0,1,0,0,0,0,1,3.0,0.0,6.0,40,0,0,0,0,0,0,1,0,1,6,29200,0,0,40,0.0,0.0,0,0,0.0,0.0,0,0,PortScan
443,78,2,0,0,0,0,0,0.0,0.0,0,0,0.0,0.0,0.0,25641.025,78.0,0.0,78,78,78,78.0,0.0,78,78,0,0.0,0.0,0,0,0,0,0,0,64,0,25641.025,0.0,0,0,0.0,0.0,0.0,0,0,0,0,1,0,0,0,0,0.0,0.0,0.0,64,0,0,0,0,0,0,2,0,0,0,319,-1,0,32,0.0,0.0,0,0,0.0,0.0,0,0,BENIGN
80,98734737,8,6,365,11595,365,0,45.625,129.04698,5792,0,1932.5,2181.0083,121.132645,0.14179407,7594980.0,27300000.0,98600000,0,98600000,14100000.0,37300000.0,98600000,0,149498,29899.6,60213.477,137218,45,0,0,0,0,264,200,0.08102518,0.060768887,0,5792,797.3333,1621.0322,2627745.8,0,0,0,0,1,0,0,0,0,854.2857,45.625,1932.5,264,0,0,0,0,0,0,8,365,6,11595,274,235,1,32,1004.0,0.0,1004,1004,98600000.0,0.0,98600000,98600000,DoS Hulk
80,85218132,6,6,349,11595,349,0,58.166668,142.47865,4344,0,1932.5,1754.8314,140.15796,0.14081511,7747103.0,25600000.0,85100000,1,85100000,17000000.0,38000000.0,85100000,1,142439,28487.8,57638.094,131251,14,0,0,0,0,200,200,0.070407555,0.070407555,0,4344,918.7692,1498.6807,2246043.8,0,0,0,0,1,0,0,0,1,995.3333,58.166668,1932.5,200,0,0,0,0,0,0,6,349,6,11595,251,235,1,32,4.0,0.0,4,4,85100000.0,0.0,85100000,85100000,DoS Hulk
80,1324,2,0,0,0,0,0,0.0,0.0,0,0,0.0,0.0,0.0,1510.574,1324.0,0.0,1324,1324,1324,1324.0,0.0,1324,1324,0,0.0,0.0,0,0,0,0,0,0,64,0,1510.574,0.0,0,0,0.0,0.0,0.0,0,0,0,0,1,1,0,0,0,0.0,0.0,0.0,64,0,0,0,0,0,0,2,0,0,0,227,-1,0,32,0.0,0.0,0,0,0.0,0.0,0,0,DoS GoldenEye
53,32184,2,2,68,458,34,34,34.0,0.0,229,229,229.0,0.0,16343.524,124.28536,10728.0,18538.154,32134,2,48,48.0,0.0,48,48,2,2.0,0.0,2,2,0,0,0,0,64,40,62.14268,62.14268,34,229,112.0,106.8059,11407.5,0,0,0,0,0,0,0,0,1,140.0,34.0,229.0,64,0,0,0,0,0,0,2,68,2,458,-1,-1,1,32,0.0,0.0,0,0,0.0,0.0,0,0,BENIGN
7007,21,1,1,0,6,0,0,0.0,0.0,6,6,6.0,0.0,285714.28,95238.09,21.0,0.0,21,21,0,0.0,0.0,0,0,0,0.0,0.0,0,0,0,0,0,0,40,20,47619.047,47619.047,0,6,2.0,3.4641016,12.0,0,0,0,1,0,0,0,0,1,3.0,0.0,6.0,40,0,0,0,0,0,0,1,0,1,6,29200,0,0,40,0.0,0.0,0,0,0.0,0.0,0,0,PortScan
53,266,2,2,102,306,51,51,51.0,0.0,153,153,153.0,0.0,1533834.6,15037.594,88.666664,110.74896,214,4,4,4.0,0.0,4,4,48,48.0,0.0,48,48,0,0,0,0,40,40,7518.797,7518.797,51,153,91.8,55.867702,3121.2,0,0,0,0,0,0,0,0,1,114.75,51.0,153.0,40,0,0,0,0,0,0,2,102,2,306,-1,-1,1,20,0.0,0.0,0,0,0.0,0.0,0,0,BENIGN
80,84605524,7,8,1002,11595,330,0,143.14285,174.80602,4344,0,1449.375,1729.3801,148.89099,0.17729339,6043251.5,22400000.0,84000000,2,84500000,14100000.0,34200000.0,84000000,2,84600000,12100000.0,31700000.0,84000000,16,0,0,0,0,208,264,0.08273692,0.09455647,0,4344,787.6875,1369.6807,1876025.0,1,0,0,0,0,0,0,0,1,840.2,143.14285,1449.375,208,0,0,0,0,0,0,7,1002,8,11595,0,235,4,20,10983.0,0.0,10983,10983,84000000.0,0.0,84000000,84000000,DoS Hulk
80,3716611,5,0,30,0,6,6,6.0,0.0,0,0,0.0,0.0,8.07187,1.3453116,929152.75,1857492.9,3715392,219,3716611,929152.75,1857492.9,3715392,219,0,0.0,0.0,0,0,0,0,0,0,100,0,1.3453116,0.0,6,6,6.0,0.0,0.0,0,0,0,0,1,0,0,0,0,7.2,6.0,0.0,100,0,0,0,0,0,0,5,30,0,0,256,-1,4,20,0.0,0.0,0,0,0.0,0.0,0,0,DDoS
80,10171726,4,0,24,0,6,6,6.0,0.0,0,0,0.0,0.0,2.3594816,0.39324692,3390575.2,5870048.5,10200000,3,10200000,3390575.2,5870048.5,10200000,3,0,0.0,0.0,0,0,0,0,0,0,80,0,0.39324692,0.0,6,6,6.0,0.0,0.0,0,0,0,0,1,0,0,0,0,7.5,6.0,0.0,80,0,0,0,0,0,0,4,24,0,0,256,-1,3,20,3003.0,0.0,3003,3003,10200000.0,0.0,10200000,10200000,DDoS
80,3261939,5,0,30,0,6,6,6.0,0.0,0,0,0.0,0.0,9.196983,1.5328306,815484.75,1630966.1,3261934,1,3261939,815484.75,1630966.1,3261934,1,0,0.0,0.0,0,0,0,0,0,0,100,0,1.5328306,0.0,6,6,6.0,0.0,0.0,0,0,0,0,1,0,0,0,0,7.2,6.0,0.0,100,0,0,0,0,0,0,5,30,0,0,256,-1,4,20,0.0,0.0,0,0,0.0,0.0,0,0,DDoS
80,51065,1,1,0,0,0,0,0.0,0.0,0,0,0.0,0.0,0.0,39.165768,51065.0,0.0,51065,51065,0,0.0,0.0,0,0,0,0.0,0.0,0,0,0,0,0,0,32,32,19.582884,19.582884,0,0,0.0,0.0,0.0,0,0,0,0,1,1,0,0,1,0.0,0.0,0.0,32,0,0,0,0,0,0,1,0,1,0,237,110,0,32,0.0,0.0,0,0,0.0,0.0,0,0,BENIGN
80,6077863,6,0,36,0,6,6,6.0,0.0,0,0,0.0,0.0,5.9231343,0.98718905,1215572.6,2716985.0,6075863,1,6077863,1215572.6,2716985.0,6075863,1,0,0.0,0.0,0,0,0,0,0,0,120,0,0.98718905,0.0,6,6,6.0,0.0,0.0,0,0,0,0,1,0,0,0,0,7.0,6.0,0.0,120,0,0,0,0,0,0,6,36,0,0,256,-1,5,20,2000.0,0.0,2000,2000,6075863.0,0.0,6075863,6075863,DDoS
9485,65,1,1,0,6,0,0,0.0,0.0,6,6,6.0,0.0,92307.695,30769.23,65.0,0.0,65,65,0,0.0,0.0,0,0,0,0.0,0.0,0,0,0,0,0,0,40,20,15384.615,15384.615,0,6,2.0,3.4641016,12.0,0,0,0,1,0,0,0,0,1,3.0,0.0,6.0,40,0,0,0,0,0,0,1,0,1,6,29200,0,0,40,0.0,0.0,0,0,0.0,0.0,0,0,PortScan
80,97722327,5,7,374,11595,362,0,74.8,160.57771,5792,0,1656.4286,2120.7322,122.47969,0.122796915,8883848.0,29500000.0,97700000,46,97700000,24400000.0,48800000.0,97700000,945,97700000,16300000.0,39900000.0,97700000,46,0,0,0,0,144,232,0.05116538,0.07163153,0,5792,921.1539,1714.926,2940971.2,1,0,0,0,0,0,0,0,1,997.9167,74.8,1656.4286,144,0,0,0,0,0,0,5,374,7,11595,0,235,2,20,12032.0,0.0,12032,12032,97700000.0,0.0,97700000,97700000,DoS Hulk
80,84886271,7,4,336,11595,336,0,48.0,126.99606,8688,0,2898.75,4095.5662,140.55276,0.12958515,8488627.0,26800000.0,84700000,3,84800000,14100000.0,34600000.0,84700000,3,144634,48211.332,71558.69,130455,188,0,0,0,0,232,136,0.08246328,0.04712187,0,8688,994.25,2561.649,6562045.0,0,0,0,0,1,0,0,0,0,1084.6364,48.0,2898.75,232,0,0,0,0,0,0,7,336,4,11595,251,235,1,32,987.0,0.0,987,987,84700000.0,0.0,84700000,84700000,DoS Hulk
80,12152702,4,0,24,0,6,6,6.0,0.0,0,0,0.0,0.0,1.9748695,0.32914492,4050900.8,7016362.5,12200000,1,12200000,4050900.8,7016362.5,12200000,1,0,0.0,0.0,0,0,0,0,0,0,80,0,0.32914492,0.0,6,6,6.0,0.0,0.0,0,0,0,0,1,0,0,0,0,7.5,6.0,0.0,80,0,0,0,0,0,0,4,24,0,0,256,-1,3,20,4.0,0.0,4,4,12200000.0,0.0,12200000,12200000,DDoS
3920,19,1,1,0,6,0,0,0.0,0.0,6,6,6.0,0.0,315789.47,105263.16,19.0,0.0,19,19,0,0.0,0.0,0,0,0,0.0,0.0,0,0,0,0,0,0,40,20,52631.58,52631.58,0,6,2.0,3.4641016,12.0,0,0,0,1,0,0,0,0,1,3.0,0.0,6.0,40,0,0,0,0,0,0,1,0,1,6,29200,0,0,40,0.0,0.0,0,0,0.0,0.0,0,0,PortScan
53,213,2,2,150,406,75,75,75.0,0.0,203,203,203.0,0.0,2610328.8,18779.342,71.0,80.987656,161,4,4,4.0,0.0,4,4,48,48.0,0.0,48,48,0,0,0,0,40,40,9389.671,9389.671,75,203,126.2,70.10849,4915.2,0,0,0,0,0,0,0,0,1,157.75,75.0,203.0,40,0,0,0,0,0,0,2,150,2,406,-1,-1,1,20,0.0,0.0,0,0,0.0,0.0,0,0,BENIGN
80,98409672,6,6,367,11595,367,0,61.166668,149.82712,5792,0,1932.5,2181.0083,121.55309,0.121939234,8946334.0,29700000.0,98400000,3,98400000,19700000.0,44000000.0,98400000,3,35439,7087.8,10352.403,23147,46,0,0,0,0,200,200,0.060969617,0.060969617,0,5792,920.1539,1715.5934,2943260.8,0,0,0,0,1,0,0,0,1,996.8333,61.166668,1932.5,200,0,0,0,0,0,0,6,367,6,11595,274,235,1,32,992.0,0.0,992,992,98400000.0,0.0,98400000,98400000,DoS Hulk
53,453541,1,1,39,147,39,39,39.0,0.0,147,147,147.0,0.0,410.10626,4.4097447,453541.0,0.0,453541,453541,0,0.0,0.0,0,0,0,0.0,0.0,0,0,0,0,0,0,20,20,2.2048724,2.2048724,39,147,75.0,62.35383,3888.0,0,0,0,0,0,0,0,0,1,112.5,39.0,147.0,20,0,0,0,0,0,0,1,39,1,147,-1,-1,0,20,0.0,0.0,0,0,0.0,0.0,0,0,BENIGN
6779,37,1,1,0,6,0,0,0.0,0.0,6,6,6.0,0.0,162162.16,54054.055,37.0,0.0,37,37,0,0.0,0.0,0,0,0,0.0,0.0,0,0,0,0,0,0,40,20,27027.027,27027.027,0,6,2.0,3.4641016,12.0,0,0,0,1,0,0,0,0,1,3.0,0.0,6.0,40,0,0,0,0,0,0,1,0,1,6,29200,0,0,40,0.0,0.0,0,0,0.0,0.0,0,0,PortScan
4907,273,2,0,12,0,6,6,6.0,0.0,0,0,0.0,0.0,43956.043,7326.0073,273.0,0.0,273,273,273,273.0,0.0,273,273,0,0.0,0.0,0,0,0,0,0,0,40,0,7326.0073,0.0,6,6,6.0,0.0,0.0,0,0,0,0,1,0,0,0,0,9.0,6.0,0.0,40,0,0,0,0,0,0,2,12,0,0,62,-1,1,20,0.0,0.0,0,0,0.0,0.0,0,0,BENIGN
39317,72,1,1,0,0,0,0,0.0,0.0,0,0,0.0,0.0,0.0,27777.777,72.0,0.0,72,72,0,0.0,0.0,0,0,0,0.0,0.0,0,0,0,0,0,0,32,32,13888.889,13888.889,0,0,0.0,0.0,0.0,0,0,0,0,1,1,0,0,1,0.0,0.0,0.0,32,0,0,0,0,0,0,1,0,1,0,349,305,0,32,0.0,0.0,0,0,0.0,0.0,0,0,BENIGN
80,220199,3,6,26,11601,20,0,8.666667,10.263203,5840,0,1933.5,2189.773,52802.24,40.87212,27524.875,73818.164,210037,19,9807,4903.5,6561.2437,9543,264,220097,44019.4,92902.02,210037,19,0,0,0,0,72,132,13.62404,27.24808,0,5840,1162.7,1911.5957,3654198.2,0,0,0,1,0,0,0,0,2,1291.8889,8.666667,1933.5,72,0,0,0,0,0,0,3,26,6,11601,8192,229,2,20,0.0,0.0,0,0,0.0,0.0,0,0,DDoS
80,85058105,5,8,363,11595,351,0,72.6,155.65924,5792,0,1449.375,1895.881,140.58624,0.1528367,7088175.5,24500000.0,84900000,0,84900000,21200000.0,42400000.0,84900000,4,85100000,12200000.0,32100000.0,84900000,3,0,0,0,0,144,264,0.058783345,0.09405335,0,5792,854.5714,1565.6228,2451175.0,1,0,0,0,0,0,0,0,1,920.3077,72.6,1449.375,144,0,0,0,0,0,0,5,363,8,11595,0,235,2,20,9978.0,0.0,9978,9978,84900000.0,0.0,84900000,84900000,DoS Hulk
443,310,2,0,0,0,0,0,0.0,0.0,0,0,0.0,0.0,0.0,6451.613,310.0,0.0,310,310,310,310.0,0.0,310,310,0,0.0,0.0,0,0,0,0,0,0,64,0,6451.613,0.0,0,0,0.0,0.0,0.0,0,0,0,0,1,0,0,0,0,0.0,0.0,0.0,64,0,0,0,0,0,0,2,0,0,0,342,-1,0,32,0.0,0.0,0,0,0.0,0.0,0,0,BENIGN
443,5123923,6,7,2078,959,1510,0,346.33334,605.03046,768,0,137.0,284.31262,592.7099,2.5371184,426993.6,1444042.9,5012230,1,47642,9528.4,12746.299,23590,185,5100571,850095.2,2039081.2,5012230,1,0,0,0,0,200,232,1.1709778,1.3661407,0,1510,216.92857,439.19183,192889.45,0,0,0,1,0,0,0,0,1,233.61539,346.33334,137.0,200,0,0,0,0,0,0,6,2078,7,959,29200,65,3,32,111689.0,0.0,111689,111689,5012230.0,0.0,5012230,5012230,BENIGN
53,24341,2,2,60,448,30,30,30.0,0.0,224,224,224.0,0.0,20870.137,164.33179,8113.6665,14007.401,24288,4,49,49.0,0.0,49,49,4,4.0,0.0,4,4,0,0,0,0,64,40,82.16589,82.16589,30,224,107.6,106.25818,11290.8,0,0,0,0,0,0,0,0,1,134.5,30.0,224.0,64,0,0,0,0,0,0,2,60,2,448,-1,-1,1,32,0.0,0.0,0,0,0.0,0.0,0,0,BENIGN
80,100144586,6,5,431,11595,413,0,71.833336,167.16269,11595,0,2319.0,5185.4414,120.08637,0.10984118,10000000.0,31700000.0,100000000,19,100000000,20000000.0,44800000.0,100000000,19,100000000,25000000.0,50100000.0,100000000,187,0,0,0,0,164,168,0.059913374,0.049927812,0,11595,1002.6667,3337.8088,11100000.0,1,0,0,0,0,0,0,0,0,1093.8182,71.833336,2319.0,164,0,0,0,0,0,0,6,431,5,11595,0,235,3,20,10998.0,0.0,10998,10998,100000000.0,0.0,100000000,100000000,DoS Hulk
80,98653776,6,6,353,11595,353,0,58.833332,144.11165,5792,0,1932.5,2181.0083,121.11042,0.121637516,8968525.0,29700000.0,98600000,1,98600000,19700000.0,44100000.0,98600000,1,40552,8110.4,12715.451,29217,45,0,0,0,0,200,200,0.060818758,0.060818758,0,5792,919.0769,1715.974,2944566.5,0,0,0,0,1,0,0,0,1,995.6667,58.833332,1932.5,200,0,0,0,0,0,0,6,353,6,11595,274,235,1,32,5.0,0.0,5,5,98600000.0,0.0,98600000,98600000,DoS Hulk
80,12045735,4,0,24,0,6,6,6.0,0.0,0,0,0.0,0.0,1.9924065,0.33206773,4015245.0,6953675.5,12000000,2,12000000,4015245.0,6953675.5,12000000,2,0,0.0,0.0,0,0,0,0,0,0,80,0,0.33206773,0.0,6,6,6.0,0.0,0.0,0,0,0,0,1,0,0,0,0,7.5,6.0,0.0,80,0,0,0,0,0,0,4,24,0,0,256,-1,3,20,1077.0,0.0,1077,1077,12000000.0,0.0,12000000,12000000,DDoS
80,84882119,7,6,314,11595,308,0,44.857143,116.05663,5792,0,1932.5,2179.547,140.30046,0.15315357,7073510.0,24500000.0,84700000,1,84700000,14100000.0,34600000.0,84700000,1,147470,29494.0,58206.137,133052,49,0,0,0,0,220,200,0.08246731,0.070686266,0,5792,850.6429,1666.9655,2778773.8,0,0,0,0,1,0,0,0,0,916.0769,44.857143,1932.5,220,0,0,0,0,0,0,7,314,6,11595,251,235,2,20,5.0,0.0,5,5,84700000.0,0.0,84700000,84700000,DoS Hulk
53,241,2,2,98,530,49,49,49.0,0.0,265,265,265.0,0.0,2605809.2,16597.51,80.333336,132.21321,233,4,4,4.0,0.0,4,4,4,4.0,0.0,4,4,0,0,0,0,40,40,8298.755,8298.755,49,265,135.4,118.308075,13996.8,0,0,0,0,0,0,0,0,1,169.25,49.0,265.0,40,0,0,0,0,0,0,2,98,2,530,-1,-1,1,20,0.0,0.0,0,0,0.0,0.0,0,0,BENIGN
80,16494250,8,5,270,11632,270,0,33.75,95.45942,10184,0,2326.4,4437.056,721.5848,0.78815347,1374520.9,3495392.2,11500000,59,11500000,1642272.9,4344220.5,11500000,201,16500000,4123534.2,5449002.5,11500000,192,0,0,0,0,264,168,0.4850175,0.30313593,0,10184,850.1429,2714.1377,7366543.0,0,0,0,1,0,0,0,0,0,915.53845,33.75,2326.4,264,0,0,0,0,0,0,8,270,5,11632,29200,235,1,32,759.0,0.0,759,759,11500000.0,0.0,11500000,11500000,DoS GoldenEye
1110,69,2,2,4,12,2,2,2.0,0.0,6,6,6.0,0.0,231884.06,57971.016,23.0,4.358899,28,20,48,48.0,0.0,48,48,49,49.0,0.0,49,49,0,0,0,0,48,40,28985.508,28985.508,2,6,3.6,2.1908903,4.8,0,0,0,1,0,0,0,0,1,4.5,2.0,6.0,48,0,0,0,0,0,0,2,4,2,12,1024,0,1,24,0.0,0.0,0,0,0.0,0.0,0,0,BENIGN
443,116388218,23,19,1085,3669,389,0,47.173912,108.25208,1460,0,193.10527,455.8177,40.846058,0.36086127,2838737.0,4542429.5,10200000,1,116000000,5290373.5,5099104.0,10300000,1,113000000,6271003.5,5099958.5,10300000,2,0,0,0,0,480,392,0.1976145,0.16324677,0,1460,110.558136,317.42102,100756.11,0,0,0,1,0,0,0,0,0,113.190475,47.173912,193.10527,480,0,0,0,0,0,0,23,1085,19,3669,29200,5120,22,20,65740.82,123629.61,438498,28287,10200000.0,64619.875,10200000,10000000,BENIGN
80,67835788,8,7,361,11595,361,0,45.125,127.632774,4344,0,1656.4286,1547.7377,176.24915,0.22112222,4845413.5,18100000.0,67800000,1,67800000,9683583.0,25600000.0,67800000,1,63679,10613.167,20068.27,50206,47,0,0,0,0,264,232,0.11793185,0.10319037,0,4344,747.25,1285.1832,1651696.1,0,0,0,0,1,0,0,0,0,797.06665,45.125,1656.4286,264,0,0,0,0,0,0,8,361,7,11595,274,235,1,32,1000.0,0.0,1000,1000,67800000.0,0.0,67800000,67800000,DoS Hulk
123,66101072,2,2,96,96,48,48,48.0,0.0,48,48,48.0,0.0,2.9046428,0.060513392,22000000.0,38000000.0,65900000,101049,66000000,66000000.0,0.0,66000000,66000000,66000000,66000000.0,0.0,66000000,66000000,0,0,0,0,52,40,0.030256694,0.030256694,48,48,48.0,0.0,0.0,0,0,0,0,0,0,0,0,1,60.0,48.0,48.0,52,0,0,0,0,0,0,2,96,2,96,-1,-1,1,20,101049.0,0.0,101049,101049,65900000.0,0.0,65900000,65900000,BENIGN
80,5971899,4,0,24,0,6,6,6.0,0.0,0,0,0.0,0.0,4.018822,0.6698037,1990633.0,3442674.0,5965889,2,5971899,1990633.0,3442674.0,5965889,2,0,0.0,0.0,0,0,0,0,0,0,80,0,0.6698037,0.0,6,6,6.0,0.0,0.0,0,0,0,0,1,0,0,0,0,7.5,6.0,0.0,80,0,0,0,0,0,0,4,24,0,0,256,-1,3,20,6010.0,0.0,6010,6010,5965889.0,0.0,5965889,5965889,DDoS
53,4388263,4,4,154,420,45,32,38.5,7.5055537,128,82,105.0,26.558113,130.80347,1.8230448,626894.7,1645007.1,4357330,3,4388086,1462695.4,2533456.5,4388079,3,4357513,1452504.4,2515805.2,4357506,3,0,0,0,0,80,104,0.9115224,0.9115224,32,128,68.77778,38.349636,1470.6945,0,0,0,0,0,0,0,0,1,77.375,38.5,105.0,80,0,0,0,0,0,0,4,154,4,420,-1,-1,3,20,0.0,0.0,0,0,0.0,0.0,0,0,BENIGN
80,3426720,4,0,24,0,6,6,6.0,0.0,0,0,0.0,0.0,7.0037823,1.167297,1142240.0,1975839.6,3423743,956,3426720,1142240.0,1975839.6,3423743,956,0,0.0,0.0,0,0,0,0,0,0,80,0,1.167297,0.0,6,6,6.0,0.0,0.0,0,0,0,0,1,0,0,0,0,7.5,6.0,0.0,80,0,0,0,0,0,0,4,24,0,0,256,-1,3,20,0.0,0.0,0,0,0.0,0.0,0,0,DDoS
80,97476887,6,5,361,11595,361,0,60.166668,147.37764,10136,0,2319.0,4414.366,122.65472,0.11284726,9747689.0,30800000.0,97400000,4,97500000,19500000.0,43600000.0,97400000,4,30286,7571.5,9198.055,19029,62,0,0,0,0,200,168,0.061553054,0.05129421,0,10136,996.3333,2908.506,8459407.0,0,0,0,0,1,0,0,0,0,1086.909,60.166668,2319.0,200,0,0,0,0,0,0,6,361,5,11595,251,235,1,32,478.0,0.0,478,478,97400000.0,0.0,97400000,97400000,DoS Hulk
443,1071518,10,10,703,3950,267,0,70.3,100.477806,1448,0,395.0,587.48315,4342.4375,18.66511,56395.684,111644.37,477420,1,973333,108148.11,180509.89,572388,49,976411,108490.11,154840.28,477420,3,0,0,0,0,352,328,9.332555,9.332555,0,1448,221.57143,434.49908,188789.45,0,0,0,1,0,0,0,0,1,232.65,70.3,395.0,352,0,0,0,0,0,0,10,703,10,3950,29200,252,4,32,0.0,0.0,0,0,0.0,0.0,0,0,BENIGN
80,14982,1,1,6,6,6,6,6.0,0.0,6,6,6.0,0.0,800.9612,133.49353,14982.0,0.0,14982,14982,0,0.0,0.0,0,0,0,0.0,0.0,0,0,0,0,0,0,20,20,66.746765,66.746765,6,6,6.0,0.0,0.0,0,0,0,0,1,1,0,0,1,9.0,6.0,6.0,20,0,0,0,0,0,0,1,6,1,6,465,35,0,20,0.0,0.0,0,0,0.0,0.0,0,0,BENIGN
53,31643,2,2,74,130,37,37,37.0,0.0,65,65,65.0,0.0,6446.9233,126.41026,10547.667,18265.63,31639,1,1,1.0,0.0,1,1,3,3.0,0.0,3,3,0,0,0,0,64,40,63.20513,63.20513,37,65,48.2,15.336231,235.2,0,0,0,0,0,0,0,0,1,60.25,37.0,65.0,64,0,0,0,0,0,0,2,74,2,130,-1,-1,1,32,0.0,0.0,0,0,0.0,0.0,0,0,BENIGN
80,115981419,7,7,396,11595,396,0,56.57143,149.67393,4344,0,1656.4286,1946.2748,103.38725,0.12070899,8921648.0,27700000.0,99900000,1,116000000,19300000.0,40000000.0,99900000,3,4631,771.8333,1596.4823,4019,1,0,0,0,0,240,232,0.060354494,0.060354494,0,4344,799.4,1523.7504,2321815.0,0,0,0,0,1,0,0,0,1,856.5,56.57143,1656.4286,240,0,0,0,0,0,0,7,396,7,11595,274,235,1,32,997.0,0.0,997,997,58000000.0,59300000.0,99900000,16000000,DoS Hulk
80,1739021,5,0,30,0,6,6,6.0,0.0,0,0,0.0,0.0,17.251085,2.875181,434755.25,868833.3,1738005,1,1739021,434755.25,868833.3,1738005,1,0,0.0,0.0,0,0,0,0,0,0,100,0,2.875181,0.0,6,6,6.0,0.0,0.0,0,0,0,0,1,0,0,0,0,7.2,6.0,0.0,100,0,0,0,0,0,0,5,30,0,0,256,-1,4,20,0.0,0.0,0,0,0.0,0.0,0,0,DDoS
80,75310,3,4,436,860,436,0,145.33333,251.72472,860,0,215.0,430.0,17208.87,92.94914,12551.667,13632.926,28038,4,51545,25772.5,3203.901,28038,23507,51999,17333.0,29655.172,51575,4,0,0,0,0,72,92,39.835346,53.113796,0,860,162.0,320.65646,102820.57,0,0,0,1,0,0,0,0,1,185.14285,145.33333,215.0,72,0,0,0,0,0,0,3,436,4,860,8192,31,1,20,0.0,0.0,0,0,0.0,0.0,0,0,BENIGN
1163,79,1,1,2,6,2,2,2.0,0.0,6,6,6.0,0.0,101265.82,25316.455,79.0,0.0,79,79,0,0.0,0.0,0,0,0,0.0,0.0,0,0,0,0,0,0,24,20,12658.228,12658.228,2,6,3.3333333,2.309401,5.3333335,0,0,0,1,0,0,0,0,1,5.0,2.0,6.0,24,0,0,0,0,0,0,1,2,1,6,1024,0,0,24,0.0,0.0,0,0,0.0,0.0,0,0,PortScan
80,84458058,9,5,291,11595,291,0,32.333332,97.0,7240,0,2319.0,3331.6382,140.73257,0.16576275,6496773.5,23400000.0,84300000,1,84300000,10500000.0,29800000.0,84300000,3,136402,34100.5,59124.113,122245,52,0,0,0,0,296,168,0.106561765,0.059200983,0,7240,792.4,2103.6409,4425305.0,0,0,0,0,1,0,0,0,0,849.0,32.333332,2319.0,296,0,0,0,0,0,0,9,291,5,11595,251,235,1,32,2982.0,0.0,2982,2982,84300000.0,0.0,84300000,84300000,DoS Hulk
515,56,1,1,2,6,2,2,2.0,0.0,6,6,6.0,0.0,142857.14,35714.285,56.0,0.0,56,56,0,0.0,0.0,0,0,0,0.0,0.0,0,0,0,0,0,0,24,20,17857.143,17857.143,2,6,3.3333333,2.309401,5.3333335,0,0,0,1,0,0,0,0,1,5.0,2.0,6.0,24,0,0,0,0,0,0,1,2,1,6,1024,0,0,24,0.0,0.0,0,0,0.0,0.0,0,0,PortScan
5902,66,1,1,2,6,2,2,2.0,0.0,6,6,6.0,0.0,121212.125,30303.031,66.0,0.0,66,66,0,0.0,0.0,0,0,0,0.0,0.0,0,0,0,0,0,0,24,20,15151.516,15151.516,2,6,3.3333333,2.309401,5.3333335,0,0,0,1,0,0,0,0,1,5.0,2.0,6.0,24,0,0,0,0,0,0,1,2,1,6,1024,0,0,24,0.0,0.0,0,0,0.0,0.0,0,0,PortScan
53,198,2,2,74,154,37,37,37.0,0.0,77,77,77.0,0.0,1151515.1,20202.02,66.0,73.36893,147,4,4,4.0,0.0,4,4,47,47.0,0.0,47,47,0,0,0,0,64,64,10101.01,10101.01,37,77,53.0,21.908903,480.0,0,0,0,0,0,0,0,0,1,66.25,37.0,77.0,64,0,0,0,0,0,0,2,74,2,154,-1,-1,1,32,0.0,0.0,0,0,0.0,0.0,0,0,BENIGN
1090,38,1,1,2,6,2,2,2.0,0.0,6,6,6.0,0.0,210526.31,52631.58,38.0,0.0,38,38,0,0.0,0.0,0,0,0,0.0,0.0,0,0,0,0,0,0,24,20,26315.79,26315.79,2,6,3.3333333,2.309401,5.3333335,0,0,0,1,0,0,0,0,1,5.0,2.0,6.0,24,0,0,0,0,0,0,1,2,1,6,1024,0,0,24,0.0,0.0,0,0,0.0,0.0,0,0,PortScan
53,191,2,2,92,156,46,46,46.0,0.0,78,78,78.0,0.0,1298429.4,20942.408,63.666668,68.85008,139,4,4,4.0,0.0,4,4,48,48.0,0.0,48,48,0,0,0,0,40,40,10471.204,10471.204,46,78,58.8,17.527122,307.2,0,0,0,0,0,0,0,0,1,73.5,46.0,78.0,40,0,0,0,0,0,0,2,92,2,156,-1,-1,1,20,0.0,0.0,0,0,0.0,0.0,0,0,BENIGN
53,165,2,2,72,136,36,36,36.0,0.0,68,68,68.0,0.0,1260606.0,24242.424,55.0,55.434647,114,4,4,4.0,0.0,4,4,47,47.0,0.0,47,47,0,0,0,0,40,40,12121.212,12121.212,36,68,48.8,17.527122,307.2,0,0,0,0,0,0,0,0,1,61.0,36.0,68.0,40,0,0,0,0,0,0,2,72,2,136,-1,-1,1,20,0.0,0.0,0,0,0.0,0.0,0,0,BENIGN
443,103100,3,2,18,0,6,6,6.0,0.0,0,0,0.0,0.0,174.58778,48.496605,25775.0,51386.676,102855,48,245,122.5,105.35891,197,48,102932,102932.0,0.0,102932,102932,0,0,0,0,60,64,29.097963,19.398642,0,6,4.0,3.0983868,9.6,1,0,0,0,0,0,0,0,0,4.8,6.0,0.0,60,0,0,0,0,0,0,3,18,2,0,0,114,2,20,0.0,0.0,0,0,0.0,0.0,0,0,BENIGN
80,83461169,11,6,682,11595,341,0,62.0,137.9413,5792,0,1932.5,2181.0083,147.09834,0.20368753,5216323.0,20800000.0,83100000,0,83300000,8332563.5,26300000.0,83100000,0,356444,71288.8,102080.414,220911,46,0,0,0,0,360,200,0.13179782,0.07188972,0,5792,682.05554,1496.079,2238252.2,0,0,0,0,1,0,0,0,0,722.17645,62.0,1932.5,360,0,0,0,0,0,0,11,682,6,11595,251,235,2,32,1988.0,0.0,1988,1988,83100000.0,0.0,83100000,83100000,DoS Hulk
3030,22,1,1,2,6,2,2,2.0,0.0,6,6,6.0,0.0,363636.38,90909.09,22.0,0.0,22,22,0,0.0,0.0,0,0,0,0.0,0.0,0,0,0,0,0,0,24,20,45454.547,45454.547,2,6,3.3333333,2.309401,5.3333335,0,0,0,1,0,0,0,0,1,5.0,2.0,6.0,24,0,0,0,0,0,0,1,2,1,6,1024,0,0,24,0.0,0.0,0,0,0.0,0.0,0,0,PortScan
80,85664780,6,6,352,11595,352,0,58.666668,143.7034,5792,0,1932.5,2181.0083,139.46222,0.1400809,7787707.5,25800000.0,85500000,1,85500000,17100000.0,38200000.0,85500000,1,186182,37236.4,69174.555,159358,13,0,0,0,0,200,200,0.07004045,0.07004045,0,5792,919.0,1716.0015,2944661.0,0,0,0,0,1,0,0,0,1,995.5833,58.666668,1932.5,200,0,0,0,0,0,0,6,352,6,11595,274,235,1,32,4.0,0.0,4,4,85500000.0,0.0,85500000,85500000,DoS Hulk
53,424152,2,2,87,305,46,41,43.5,3.535534,205,100,152.5,74.246216,924.19696,9.430581,141384.0,106517.8,231871,23994,255865,255865.0,0.0,255865,255865,400158,400158.0,0.0,400158,400158,0,0,0,0,72,64,4.7152905,4.7152905,41,205,87.6,69.94498,4892.3,0,0,0,0,0,0,0,0,1,109.5,43.5,152.5,72,0,0,0,0,0,0,2,87,2,305,-1,-1,1,32,0.0,0.0,0,0,0.0,0.0,0,0,BENIGN
80,1784981,4,0,24,0,6,6,6.0,0.0,0,0,0.0,0.0,13.445521,2.2409203,594993.7,1030438.9,1784842,2,1784981,594993.7,1030438.9,1784842,2,0,0.0,0.0,0,0,0,0,0,0,80,0,2.2409203,0.0,6,6,6.0,0.0,0.0,0,0,0,0,1,0,0,0,0,7.5,6.0,0.0,80,0,0,0,0,0,0,4,24,0,0,256,-1,3,20,0.0,0.0,0,0,0.0,0.0,0,0,DDoS
80,70277197,9,6,62,11601,20,0,6.888889,5.3019915,4380,0,1933.5,1757.7899,165.9571,0.2134405,5019800.0,15800000.0,59200000,0,69400000,8673759.0,20700000.0,59200000,0,897955,179591.0,395367.38,886796,14,0,0,0,0,192,132,0.1280643,0.0853762,0,4380,729.3125,1399.2855,1958000.1,0,0,0,0,1,0,0,0,0,777.93335,6.888889,1933.5,192,0,0,0,0,0,0,9,62,6,11601,256,229,7,20,5030.0,0.0,5030,5030,34700000.0,34700000.0,59200000,10100000,DDoS
80,264335,3,4,26,11601,20,0,8.666667,10.263203,8760,0,2900.25,4128.3193,43985.85,26.481548,44055.832,96290.21,239635,52,24455,12227.5,16889.246,24170,285,264237,88079.0,131808.64,239635,193,0,0,0,0,72,92,11.349235,15.132313,0,8760,1453.375,3113.9526,9696701.0,0,0,0,1,0,0,0,0,1,1661.0,8.666667,2900.25,72,0,0,0,0,0,0,3,26,4,11601,8192,229,2,20,0.0,0.0,0,0,0.0,0.0,0,0,DDoS
80,3928086,5,0,30,0,6,6,6.0,0.0,0,0,0.0,0.0,7.637307,1.2728846,982021.5,1963385.6,3927100,302,3928086,982021.5,1963385.6,3927100,302,0,0.0,0.0,0,0,0,0,0,0,100,0,1.2728846,0.0,6,6,6.0,0.0,0.0,0,0,0,0,1,0,0,0,0,7.2,6.0,0.0,100,0,0,0,0,0,0,5,30,0,0,256,-1,4,20,0.0,0.0,0,0,0.0,0.0,0,0,DDoS
443,5868881,7,4,635,168,517,0,90.71429,190.7072,168,0,42.0,84.0,136.82336,1.8742926,586888.1,1753442.4,5576238,3,5868881,978146.8,2296381.2,5665187,3,243845,81281.664,90284.016,178670,372,0,0,0,0,232,136,1.1927316,0.68156093,0,517,66.916664,150.84879,22755.355,0,0,0,1,0,0,0,0,0,73.0,90.71429,42.0,232,0,0,0,0,0,0,7,635,4,168,29200,170,3,32,292640.0,0.0,292640,292640,5576238.0,0.0,5576238,5576238,BENIGN
80,100044034,6,8,326,11595,308,0,54.333332,124.305534,5792,0,1449.375,2046.6735,119.15753,0.13993838,7695695.0,27700000.0,99900000,1,99900000,20000000.0,44700000.0,99900000,1,100000000,14300000.0,37800000.0,99900000,40,0,0,0,0,164,264,0.05997359,0.07996479,0,5792,795.13336,1619.9441,2624218.8,1,0,0,0,0,0,0,0,1,851.9286,54.333332,1449.375,164,0,0,0,0,0,0,6,326,8,11595,0,235,3,20,9959.0,0.0,9959,9959,99900000.0,0.0,99900000,99900000,DoS Hulk
80,98411954,9,7,323,11595,323,0,35.88889,107.666664,4344,0,1656.4286,1757.579,121.10317,0.16258188,6560797.0,25400000.0,98400000,1,98400000,12300000.0,34800000.0,98400000,1,34716,5786.0,9153.929,21225,48,0,0,0,0,296,232,0.09145231,0.07112957,0,4344,701.05884,1357.6151,1843118.9,0,0,0,0,1,0,0,0,0,744.875,35.88889,1656.4286,296,0,0,0,0,0,0,9,323,7,11595,251,235,1,32,1008.0,0.0,1008,1008,98400000.0,0.0,98400000,98400000,DoS Hulk
80,85572764,7,6,368,11595,368,0,52.57143,139.09093,5792,0,1932.5,2181.0083,139.79915,0.1519175,7131063.5,24700000.0,85500000,3,85500000,14200000.0,34900000.0,85500000,3,92427,18485.4,34800.742,80041,45,0,0,0,0,232,200,0.08180173,0.07011577,0,5792,854.5,1666.5109,2777258.5,0,0,0,0,1,0,0,0,0,920.2308,52.57143,1932.5,232,0,0,0,0,0,0,7,368,6,11595,251,235,1,32,799.0,0.0,799,799,85500000.0,0.0,85500000,85500000,DoS Hulk
80,82489926,8,6,56,11607,20,0,7.0,5.656854,5840,0,1934.5,2375.5234,141.38696,0.1697177,6345379.0,19600000.0,70900000,1,80700000,11500000.0,26400000.0,70900000,1,1836706,367341.2,820744.9,1835534,2,0,0,0,0,172,132,0.09698154,0.07273615,0,5840,777.93335,1723.6226,2970874.8,0,0,0,0,1,0,0,0,0,833.5,7.0,1934.5,172,0,0,0,0,0,0,8,56,6,11607,256,229,6,20,968.0,0.0,968,968,40300000.0,43200000.0,70900000,9800745,DDoS
53,90926,4,2,132,500,33,33,33.0,0.0,250,250,250.0,0.0,6950.707,65.987724,18185.2,26874.15,59812,3,31111,10370.333,17920.387,31063,3,3,3.0,0.0,3,3,0,0,0,0,104,40,43.991817,21.995909,33,250,95.0,105.885155,11211.667,0,0,0,0,0,0,0,0,0,110.833336,33.0,250.0,104,0,0,0,0,0,0,4,132,2,500,-1,-1,3,20,0.0,0.0,0,0,0.0,0.0,0,0,BENIGN
80,101656597,8,7,404,11595,386,0,50.5,135.59499,4355,0,1656.4286,1762.1044,118.034645,0.1475556,7261185.5,26300000.0,98600000,0,102000000,14500000.0,37100000.0,98600000,0,102000000,16900000.0,41500000.0,102000000,32,0,0,0,0,244,232,0.07869632,0.06885928,0,4355,750.3125,1389.916,1931866.6,1,0,0,0,0,0,0,0,0,800.3333,50.5,1656.4286,244,0,0,0,0,0,0,8,404,7,11595,0,235,3,20,18005.0,0.0,18005,18005,98600000.0,0.0,98600000,98600000,DoS Hulk
80,86354309,10,5,360,11595,360,0,36.0,113.841995,7251,0,2319.0,3337.609,138.44127,0.17370297,6168165.0,22800000.0,85400000,1,86400000,9594865.0,28400000.0,85400000,1,1265,316.25,352.34204,821,3,0,0,0,0,336,168,0.11580198,0.05790099,0,7251,747.1875,2043.5967,4176287.2,0,0,0,0,1,0,0,0,0,797.0,36.0,2319.0,336,0,0,0,0,0,0,10,360,5,11595,251,235,1,32,1010.0,0.0,1010,1010,85400000.0,0.0,85400000,85400000,DoS Hulk
53,180279,1,1,45,114,45,45,45.0,0.0,114,114,114.0,0.0,881.9663,11.093916,180279.0,0.0,180279,180279,0,0.0,0.0,0,0,0,0.0,0.0,0,0,0,0,0,0,20,20,5.546958,5.546958,45,114,68.0,39.83717,1587.0,0,0,0,0,0,0,0,0,1,102.0,45.0,114.0,20,0,0,0,0,0,0,1,45,1,114,-1,-1,0,20,0.0,0.0,0,0,0.0,0.0,0,0,BENIGN
80,452020,3,4,26,11607,20,0,8.666667,10.263203,11595,0,2901.75,5795.5005,25735.588,15.48604,75336.664,184051.52,451030,4,893,446.5,327.39044,678,215,451936,150645.33,260141.14,451030,4,0,0,0,0,72,92,6.6368747,8.849166,0,11595,1454.125,4097.5376,16800000.0,0,0,0,1,0,0,0,0,1,1661.8572,8.666667,2901.75,72,0,0,0,0,0,0,3,26,4,11607,8192,229,2,20,0.0,0.0,0,0,0.0,0.0,0,0,DDoS
53,23743,2,2,68,182,34,34,34.0,0.0,91,91,91.0,0.0,10529.419,168.4707,7914.3335,13701.965,23736,3,4,4.0,0.0,4,4,3,3.0,0.0,3,3,0,0,0,0,64,64,84.23535,84.23535,34,91,56.8,31.220186,974.7,0,0,0,0,0,0,0,0,1,71.0,34.0,91.0,64,0,0,0,0,0,0,2,68,2,182,-1,-1,1,32,0.0,0.0,0,0,0.0,0.0,0,0,BENIGN
80,81226944,8,5,56,11607,20,0,7.0,5.656854,7215,0,2321.4,3327.7698,143.58536,0.16004542,6768912.0,20900000.0,73000000,1,79400000,11300000.0,27300000.0,73000000,1,1841456,460364.0,919431.56,1839511,157,0,0,0,0,172,112,0.098489486,0.06155593,0,7215,833.5,2175.3025,4731941.5,0,0,0,0,1,0,0,0,0,897.61536,7.0,2321.4,172,0,0,0,0,0,0,8,56,5,11607,256,229,6,20,8005.0,0.0,8005,8005,39700000.0,47100000.0,73000000,6355167,DDoS
53,30229,1,1,64,192,64,64,64.0,0.0,192,192,192.0,0.0,8468.689,66.16164,30229.0,0.0,30229,30229,0,0.0,0.0,0,0,0,0.0,0.0,0,0,0,0,0,0,20,20,33.08082,33.08082,64,192,106.666664,73.90083,5461.3335,0,0,0,0,0,0,0,0,1,160.0,64.0,192.0,20,0,0,0,0,0,0,1,64,1,192,-1,-1,0,20,0.0,0.0,0,0,0.0,0.0,0,0,BENIGN
59142,95912161,7,9,11613,62,4380,0,1659.0,2117.072,20,0,6.888889,5.3019915,121.72596,0.1668193,6394144.0,24400000.0,94700000,1,95900000,16000000.0,39100000.0,95900000,35,95900000,12000000.0,33400000.0,94700000,1,0,0,0,0,152,192,0.072983444,0.09383586,0,4380,687.1177,1543.7859,2383275.0,0,0,0,0,1,1,0,0,1,730.0625,1659.0,6.888889,152,0,0,0,0,0,0,7,11613,9,62,229,256,5,20,1133922.0,0.0,1133922,1133922,94700000.0,0.0,94700000,94700000,BENIGN
80,98438017,9,7,324,11595,324,0,36.0,108.0,5792,0,1656.4286,2118.2273,121.08127,0.16253883,6562534.5,25400000.0,98300000,1,98300000,12300000.0,34700000.0,98300000,1,148689,24781.5,55725.29,138246,46,0,0,0,0,296,232,0.09142809,0.07111074,0,5792,701.1177,1538.5863,2367247.8,0,0,0,0,1,0,0,0,0,744.9375,36.0,1656.4286,296,0,0,0,0,0,0,9,324,7,11595,251,235,1,32,1000.0,0.0,1000,1000,98300000.0,0.0,98300000,98300000,DoS Hulk
80,116949734,23,18,2267,3736,433,0,98.565216,180.22835,746,0,207.55556,343.613,51.329746,0.35057798,2923743.2,4461759.0,10000000,19,117000000,5315897.0,4901262.5,10000000,8340,112000000,6597622.5,4798140.5,10000000,20559,0,0,0,0,472,504,0.19666569,0.15391228,0,746,142.92857,264.23718,69821.29,0,0,0,1,0,0,0,0,0,146.41463,98.565216,207.55556,472,0,0,0,0,0,0,23,2267,18,3736,8192,377,22,20,219215.19,604251.7,2041102,36666,9977114.0,58307.35,10000000,9801586,BENIGN
61073,3,2,0,12,0,6,6,6.0,0.0,0,0,0.0,0.0,4000000.0,666666.7,3.0,0.0,3,3,3,3.0,0.0,3,3,0,0.0,0.0,0,0,0,0,0,0,40,0,666666.7,0.0,6,6,6.0,0.0,0.0,0,0,0,0,1,0,0,0,0,9.0,6.0,0.0,40,0,0,0,0,0,0,2,12,0,0,180,-1,1,20,0.0,0.0,0,0,0.0,0.0,0,0,BENIGN
80,101826851,10,6,1805,11595,361,0,180.5,190.2637,7240,0,1932.5,2695.6392,131.59593,0.15712948,6788456.5,25800000.0,100000000,2,102000000,11300000.0,33300000.0,100000000,2,1708561,341712.2,763352.2,1707238,69,0,0,0,0,328,200,0.098205924,0.058923554,0,7240,788.2353,1746.9427,3051808.8,0,0,0,0,1,0,0,0,0,837.5,180.5,1932.5,328,0,0,0,0,0,0,10,1805,6,11595,251,235,5,32,5.0,0.0,5,5,100000000.0,0.0,100000000,100000000,DoS Hulk
80,98550734,6,7,376,11595,358,0,62.666668,144.71304,5792,0,1656.4286,2120.7322,121.47043,0.13191175,8212561.0,28400000.0,98400000,2,98400000,19700000.0,44000000.0,98400000,2,98600000,16400000.0,40200000.0,98400000,46,0,0,0,0,164,232,0.06088235,0.0710294,0,5792,855.5,1665.794,2774869.8,1,0,0,0,0,0,0,0,1,921.3077,62.666668,1656.4286,164,0,0,0,0,0,0,6,376,7,11595,0,235,3,20,12977.0,0.0,12977,12977,98400000.0,0.0,98400000,98400000,DoS Hulk
80,28103089,2,0,0,0,0,0,0.0,0.0,0,0,0.0,0.0,0.0,0.07116655,28100000.0,0.0,28100000,28100000,28100000,28100000.0,0.0,28100000,28100000,0,0.0,0.0,0,0,0,0,0,0,64,0,0.07116655,0.0,0,0,0.0,0.0,0.0,0,0,0,0,1,0,0,0,0,0.0,0.0,0.0,64,0,0,0,0,0,0,2,0,0,0,410,-1,0,32,0.0,0.0,0,0,28100000.0,0.0,28100000,28100000,DoS GoldenEye
56598,89,1,2,6,12,6,6,6.0,0.0,6,6,6.0,0.0,202247.19,33707.863,44.5,6.363961,49,40,0,0.0,0.0,0,0,49,49.0,0.0,49,49,0,0,0,0,20,40,11235.955,22471.91,6,6,6.0,0.0,0.0,0,0,0,0,1,1,0,0,2,8.0,6.0,6.0,20,0,0,0,0,0,0,1,6,2,12,2051,254,0,20,0.0,0.0,0,0,0.0,0.0,0,0,BENIGN
21,75,1,2,6,12,6,6,6.0,0.0,6,6,6.0,0.0,240000.0,40000.0,37.5,14.849242,48,27,0,0.0,0.0,0,0,48,48.0,0.0,48,48,0,0,0,0,20,40,13333.333,26666.666,6,6,6.0,0.0,0.0,0,0,0,0,1,1,0,0,2,8.0,6.0,6.0,20,0,0,0,0,0,0,1,6,2,12,255,229,0,20,0.0,0.0,0,0,0.0,0.0,0,0,BENIGN
80,5166012,3,1,0,0,0,0,0.0,0.0,0,0,0.0,0.0,0.0,0.77429163,1722004.0,2960764.8,5140770,60,5166012,2583006.0,3617224.5,5140770,25242,0,0.0,0.0,0,0,0,0,0,0,104,40,0.58071876,0.19357291,0,0,0.0,0.0,0.0,0,0,0,1,0,0,0,0,0,0.0,0.0,0.0,104,0,0,0,0,0,0,3,0,1,0,29200,14480,0,32,0.0,0.0,0,0,0.0,0.0,0,0,BENIGN
80,14020,5,0,30,0,6,6,6.0,0.0,0,0,0.0,0.0,2139.8003,356.6334,3505.0,3704.431,8010,4,14020,3505.0,3704.431,8010,4,0,0.0,0.0,0,0,0,0,0,0,100,0,356.6334,0.0,6,6,6.0,0.0,0.0,0,0,0,0,1,0,0,0,0,7.2,6.0,0.0,100,0,0,0,0,0,0,5,30,0,0,256,-1,4,20,0.0,0.0,0,0,0.0,0.0,0,0,DDoS
5280,12,2,2,4,12,2,2,2.0,0.0,6,6,6.0,0.0,1333333.4,333333.34,4.0,5.196152,10,1,1,1.0,0.0,1,1,1,1.0,0.0,1,1,0,0,0,0,48,40,166666.67,166666.67,2,6,3.6,2.1908903,4.8,0,0,0,1,0,0,0,0,1,4.5,2.0,6.0,48,0,0,0,0,0,0,2,4,2,12,1024,0,1,24,0.0,0.0,0,0,0.0,0.0,0,0,BENIGN
443,16015568,11,11,1498,4525,517,0,136.18182,204.34619,1460,0,411.36365,553.95294,376.0716,1.3736634,762646.1,2393913.8,9958050,3,10738668,1073866.8,3122002.0,9958050,25061,15990557,1599055.8,3379095.8,10030450,3,0,0,0,0,232,244,0.6868317,0.6868317,0,1460,261.86957,425.03436,180654.2,0,0,0,1,0,0,0,0,1,273.77274,136.18182,411.36365,232,0,0,0,0,0,0,11,1498,11,4525,8192,35,10,20,402674.5,534492.8,780618,24731,7605108.0,3327562.5,9958050,5252166,BENIGN
80,84559131,9,6,306,11595,306,0,34.0,102.0,5792,0,1932.5,2181.0083,140.74174,0.17739066,6039938.0,22600000.0,84400000,1,84400000,10600000.0,29800000.0,84400000,1,148420,29684.0,58711.97,134160,47,0,0,0,0,296,200,0.1064344,0.07095627,0,5792,743.8125,1579.7224,2495523.0,0,0,0,0,1,0,0,0,0,793.4,34.0,1932.5,296,0,0,0,0,0,0,9,306,6,11595,251,235,1,32,990.0,0.0,990,990,84400000.0,0.0,84400000,84400000,DoS Hulk
80,85902893,7,5,361,11595,361,0,51.57143,136.44518,7240,0,2319.0,3331.6382,139.1804,0.13969262,7809354.0,25900000.0,85800000,3,85800000,14300000.0,35000000.0,85800000,3,152428,38107.0,67647.89,139168,85,0,0,0,0,232,168,0.08148736,0.058205258,0,7240,919.6923,2243.9277,5035211.5,0,0,0,0,1,0,0,0,0,996.3333,51.57143,2319.0,232,0,0,0,0,0,0,7,361,5,11595,274,235,1,32,273.0,0.0,273,273,85800000.0,0.0,85800000,85800000,DoS Hulk
80,19233,3,6,26,11601,20,0,8.666667,10.263203,4380,0,1933.5,1757.7899,604533.9,467.9457,2404.125,4314.8135,11483,15,11840,5920.0,8036.9756,11603,237,19113,3822.6,5273.1904,11818,15,0,0,0,0,72,132,155.9819,311.9638,0,4380,1162.7,1645.2418,2706820.5,0,0,0,1,0,0,0,0,2,1291.8889,8.666667,1933.5,72,0,0,0,0,0,0,3,26,6,11601,8192,229,2,20,0.0,0.0,0,0,0.0,0.0,0,0,DDoS
80,5912243,4,0,24,0,6,6,6.0,0.0,0,0,0.0,0.0,4.059373,0.6765622,1970747.6,3412569.0,5911243,0,5912243,1970747.6,3412569.0,5911243,0,0,0.0,0.0,0,0,0,0,0,0,80,0,0.6765622,0.0,6,6,6.0,0.0,0.0,0,0,0,0,1,0,0,0,0,7.5,6.0,0.0,80,0,0,0,0,0,0,4,24,0,0,256,-1,3,20,1000.0,0.0,1000,1000,5911243.0,0.0,5911243,5911243,DDoS
60443,18,1,1,0,6,0,0,0.0,0.0,6,6,6.0,0.0,333333.34,111111.11,18.0,0.0,18,18,0,0.0,0.0,0,0,0,0.0,0.0,0,0,0,0,0,0,40,20,55555.555,55555.555,0,6,2.0,3.4641016,12.0,0,0,0,1,0,0,0,0,1,3.0,0.0,6.0,40,0,0,0,0,0,0,1,0,1,6,29200,0,0,40,0.0,0.0,0,0,0.0,0.0,0,0,PortScan
80,63145556,7,0,0,0,0,0,0.0,0.0,0,0,0.0,0.0,0.0,0.11085499,10500000.0,11900000.0,32100000,998089,63100000,10500000.0,11900000.0,32100000,998089,0,0.0,0.0,0,0,0,0,0,0,280,0,0.11085499,0.0,0,0,0.0,0.0,0.0,0,0,0,1,0,0,0,0,0,0.0,0.0,0.0,280,0,0,0,0,0,0,7,0,0,0,29200,-1,0,40,7010051.0,0.0,7010051,7010051,18700000.0,12300000.0,32100000,8007922,DoS Slowhttptest
50617,76,1,1,6,6,6,6,6.0,0.0,6,6,6.0,0.0,157894.73,26315.79,76.0,0.0,76,76,0,0.0,0.0,0,0,0,0.0,0.0,0,0,0,0,0,0,20,20,13157.895,13157.895,6,6,6.0,0.0,0.0,0,0,0,0,1,1,0,0,1,9.0,6.0,6.0,20,0,0,0,0,0,0,1,6,1,6,119,253,0,20,0.0,0.0,0,0,0.0,0.0,0,0,BENIGN
80,100074606,8,6,722,11595,361,0,90.25,167.11053,4344,0,1932.5,1754.8314,123.07818,0.13989563,7698046.5,27600000.0,99700000,1,99900000,14300000.0,37700000.0,99700000,1,379369,75873.8,109268.06,237924,15,0,0,0,0,264,200,0.07994036,0.05995527,0,4344,821.13336,1412.9818,1996517.8,0,0,0,0,1,0,0,0,0,879.7857,90.25,1932.5,264,0,0,0,0,0,0,8,722,6,11595,251,235,2,32,5.0,0.0,5,5,99700000.0,0.0,99700000,99700000,DoS Hulk
80,5161449,3,1,12,0,6,0,4.0,3.4641016,0,0,0.0,0.0,2.3249285,0.7749762,1720483.0,2948170.2,5124671,69,5161449,2580724.5,3597683.8,5124671,36778,0,0.0,0.0,0,0,0,0,0,0,72,32,0.58123213,0.19374405,0,6,2.4,3.2863352,10.8,0,0,0,1,0,0,0,0,0,3.0,4.0,0.0,72,0,0,0,0,0,0,3,12,1,0,8192,42780,2,20,0.0,0.0,0,0,0.0,0.0,0,0,BENIGN
80,98704846,6,6,381,11595,363,0,63.5,146.75388,10136,0,1932.5,4060.2458,121.33143,0.12157458,8973168.0,29700000.0,98600000,1,98700000,19700000.0,44100000.0,98600000,1,98700000,19700000.0,44100000.0,98700000,192,0,0,0,0,164,200,0.06078729,0.06078729,0,10136,921.6923,2797.6704,7826959.5,1,0,0,0,0,0,0,0,1,998.5,63.5,1932.5,164,0,0,0,0,0,0,6,381,6,11595,0,235,3,20,17969.0,0.0,17969,17969,98600000.0,0.0,98600000,98600000,DoS Hulk
53,209,2,2,68,422,34,34,34.0,0.0,211,211,211.0,0.0,2344497.5,19138.756,69.666664,115.470055,203,3,3,3.0,0.0,3,3,3,3.0,0.0,3,3,0,0,0,0,64,64,9569.378,9569.378,34,211,104.8,96.94689,9398.7,0,0,0,0,0,0,0,0,1,131.0,34.0,211.0,64,0,0,0,0,0,0,2,68,2,422,-1,-1,1,32,0.0,0.0,0,0,0.0,0.0,0,0,BENIGN
3071,74,1,1,2,6,2,2,2.0,0.0,6,6,6.0,0.0,108108.11,27027.027,74.0,0.0,74,74,0,0.0,0.0,0,0,0,0.0,0.0,0,0,0,0,0,0,24,20,13513.514,13513.514,2,6,3.3333333,2.309401,5.3333335,0,0,0,1,0,0,0,0,1,5.0,2.0,6.0,24,0,0,0,0,0,0,1,2,1,6,1024,0,0,24,0.0,0.0,0,0,0.0,0.0,0,0,PortScan
443,146928,7,5,376,3508,201,0,53.714287,78.68654,1460,0,701.6,731.56464,26434.717,81.67265,13357.091,19537.24,46839,29,146928,24488.0,23922.828,53973,403,54448,13612.0,22708.94,47343,49,0,0,0,0,152,112,47.642384,34.030273,0,1460,298.76923,539.97577,291573.84,0,0,0,1,0,0,0,0,0,323.66666,53.714287,701.6,152,0,0,0,0,0,0,7,376,5,3508,8192,60,6,20,0.0,0.0,0,0,0.0,0.0,0,0,BENIGN
80,86017128,4,5,353,11595,347,0,88.25,172.5232,7240,0,2319.0,3331.6382,138.90257,0.10463032,10800000.0,30400000.0,85900000,6,85900000,28600000.0,49600000.0,85900000,2034,150521,37630.25,66068.14,136243,85,0,0,0,0,124,168,0.046502367,0.05812796,0,7240,1195.4,2519.231,6346525.0,1,0,0,0,0,0,0,0,1,1328.2222,88.25,2319.0,124,0,0,0,0,0,0,4,353,5,11595,0,235,1,20,0.0,0.0,0,0,85900000.0,0.0,85900000,85900000,DoS Hulk
80,98347677,7,5,301,11595,295,0,43.0,111.14405,5792,0,2319.0,2423.6296,120.958626,0.1220161,8940698.0,29700000.0,98300000,0,98300000,16400000.0,40100000.0,98300000,0,5301,1325.25,2362.4407,4867,49,0,0,0,0,220,168,0.07117606,0.050840043,0,5792,915.0769,1816.2699,3298836.2,0,0,0,0,1,0,0,0,0,991.3333,43.0,2319.0,220,0,0,0,0,0,0,7,301,5,11595,274,235,2,20,1998.0,0.0,1998,1998,98300000.0,0.0,98300000,98300000,DoS Hulk
80,98881927,7,6,314,11595,314,0,44.857143,118.68085,4344,0,1932.5,1754.8314,120.43657,0.13146994,8240160.5,28500000.0,98700000,4,98700000,16500000.0,40300000.0,98700000,4,162605,32521.0,66565.81,151294,16,0,0,0,0,232,200,0.0707915,0.06067843,0,4344,850.6429,1461.6322,2136368.8,0,0,0,0,1,0,0,0,0,916.0769,44.857143,1932.5,232,0,0,0,0,0,0,7,314,6,11595,274,235,1,32,1021.0,0.0,1021,1021,98700000.0,0.0,98700000,98700000,DoS Hulk
10566,62,1,1,2,6,2,2,2.0,0.0,6,6,6.0,0.0,129032.26,32258.064,62.0,0.0,62,62,0,0.0,0.0,0,0,0,0.0,0.0,0,0,0,0,0,0,24,20,16129.032,16129.032,2,6,3.3333333,2.309401,5.3333335,0,0,0,1,0,0,0,0,1,5.0,2.0,6.0,24,0,0,0,0,0,0,1,2,1,6,1024,0,0,24,0.0,0.0,0,0,0.0,0.0,0,0,PortScan
443,95988,5,6,1476,508,908,0,295.2,405.78284,325,0,84.666664,131.66574,20669.25,114.59766,9598.8,11745.297,26540,1,67388,16847.0,19964.674,41916,476,72248,14449.6,20164.648,45399,1,0,0,0,0,112,132,52.089844,62.507812,0,908,165.33333,285.40604,81456.61,0,0,0,1,0,0,0,0,1,180.36363,295.2,84.666664,112,0,0,0,0,0,0,5,1476,6,508,8192,63,3,20,0.0,0.0,0,0,0.0,0.0,0,0,BENIGN
53,527,1,1,53,119,53,53,53.0,0.0,119,119,119.0,0.0,326375.72,3795.0664,527.0,0.0,527,527,0,0.0,0.0,0,0,0,0.0,0.0,0,0,0,0,0,0,32,32,1897.5332,1897.5332,53,119,75.0,38.105118,1452.0,0,0,0,0,0,0,0,0,1,112.5,53.0,119.0,32,0,0,0,0,0,0,1,53,1,119,-1,-1,0,32,0.0,0.0,0,0,0.0,0.0,0,0,BENIGN
80,148428,3,5,332,11595,332,0,110.666664,191.68028,7240,0,2319.0,3331.6382,80355.46,53.898186,21204.0,50467.844,135135,3,12983,6491.5,9176.125,12980,3,148401,37100.25,65638.74,135135,85,0,0,0,0,104,168,20.21182,33.686367,0,7240,1325.2222,2636.104,6949044.5,0,0,0,1,0,0,0,0,1,1490.875,110.666664,2319.0,104,0,0,0,0,0,0,3,332,5,11595,29200,235,1,32,0.0,0.0,0,0,0.0,0.0,0,0,DoS Hulk
80,85903344,5,7,400,11595,388,0,80.0,172.20337,4344,0,1656.4286,1760.5973,139.63368,0.13969189,7809395.0,25800000.0,85700000,4,85700000,21400000.0,42900000.0,85700000,4,85900000,14300000.0,35000000.0,85700000,15,0,0,0,0,144,232,0.058204953,0.08148693,0,4344,923.1539,1496.5624,2239699.0,1,0,0,0,0,0,0,0,1,1000.0833,80.0,1656.4286,144,0,0,0,0,0,0,5,400,7,11595,0,235,2,20,2276.0,0.0,2276,2276,85700000.0,0.0,85700000,85700000,DoS Hulk
80,84667321,6,7,383,11595,365,0,63.833332,147.5702,4344,0,1656.4286,1760.5973,141.47134,0.15354212,7055610.0,24400000.0,84500000,1,84500000,16900000.0,37800000.0,84500000,1,84700000,14100000.0,34500000.0,84500000,15,0,0,0,0,164,232,0.070865594,0.08267652,0,4344,856.0,1459.177,2129197.8,1,0,0,0,0,0,0,0,1,921.8461,63.833332,1656.4286,164,0,0,0,0,0,0,6,383,7,11595,0,235,3,20,17022.0,0.0,17022,17022,84500000.0,0.0,84500000,84500000,DoS Hulk
80,99592843,6,8,394,11595,376,0,65.666664,152.06007,5792,0,1449.375,1895.881,120.380135,0.14057235,7660988.0,27600000.0,99500000,7,99600000,19900000.0,44500000.0,99500000,7,99600000,14200000.0,37600000.0,99500000,46,0,0,0,0,164,264,0.060245294,0.08032706,0,5792,799.6667,1523.9885,2322541.0,1,0,0,0,0,0,0,0,1,856.7857,65.666664,1449.375,164,0,0,0,0,0,0,6,394,8,11595,0,235,3,20,11996.0,0.0,11996,11996,99500000.0,0.0,99500000,99500000,DoS Hulk
80,100296898,9,7,670,11595,335,0,74.44444,147.72112,4344,0,1656.4286,1757.579,122.286934,0.15952636,6686460.0,25800000.0,99900000,1,100000000,12500000.0,35300000.0,99900000,1,352648,58774.668,94300.86,215953,48,0,0,0,0,296,232,0.089733586,0.069792785,0,4344,721.4706,1348.9905,1819775.4,0,0,0,0,1,0,0,0,0,766.5625,74.44444,1656.4286,296,0,0,0,0,0,0,9,670,7,11595,274,235,2,32,993.0,0.0,993,993,99900000.0,0.0,99900000,99900000,DoS Hulk
80,26532,1,2,0,1983,0,0,0.0,0.0,1983,0,991.5,1402.1927,74739.94,113.07101,13266.0,18755.3,26528,4,0,0.0,0.0,0,0,4,4.0,0.0,4,4,0,0,0,0,32,64,37.690334,75.38067,0,1983,495.75,991.5,983072.25,0,0,0,0,1,1,0,0,2,661.0,0.0,991.5,32,0,0,0,0,0,0,1,0,2,1983,229,235,0,32,0.0,0.0,0,0,0.0,0.0,0,0,DoS Slowhttptest
666,39,1,1,0,6,0,0,0.0,0.0,6,6,6.0,0.0,153846.16,51282.05,39.0,0.0,39,39,0,0.0,0.0,0,0,0,0.0,0.0,0,0,0,0,0,0,40,20,25641.025,25641.025,0,6,2.0,3.4641016,12.0,0,0,0,1,0,0,0,0,1,3.0,0.0,6.0,40,0,0,0,0,0,0,1,0,1,6,29200,0,0,40,0.0,0.0,0,0,0.0,0.0,0,0,PortScan
80,60417588,9,11,4313,422,4313,0,479.22223,1437.6666,422,0,38.363636,127.237785,78.371216,0.33102944,3179873.0,4768772.5,10200000,1,51200000,6400649.0,5263101.5,10200000,23030,60400000,6036584.5,5187685.0,10200000,1,0,0,0,0,296,360,0.14896324,0.18206619,0,4313,225.4762,941.07446,885621.2,0,0,0,1,0,0,0,0,1,236.75,479.22223,38.363636,296,0,0,0,0,0,0,9,4313,11,422,29200,148,1,32,67542.0,37852.867,135255,50463,10200000.0,35569.516,10200000,10100000,BENIGN
80,37235,3,5,26,11601,20,0,8.666667,10.263203,4380,0,2320.2,2207.3413,312259.97,214.85162,5319.2856,12048.624,32459,80,32861,16430.5,22804.9,32556,305,37138,9284.5,15804.058,32844,190,0,0,0,0,72,112,80.56936,134.28226,0,4380,1291.8889,1980.7102,3923213.0,0,0,0,1,0,0,0,0,1,1453.375,8.666667,2320.2,72,0,0,0,0,0,0,3,26,5,11601,8192,229,2,20,0.0,0.0,0,0,0.0,0.0,0,0,DDoS
10627,2,2,0,31,0,31,0,15.5,21.920311,0,0,0.0,0.0,15500000.0,1000000.0,2.0,0.0,2,2,2,2.0,0.0,2,2,0,0.0,0.0,0,0,1,0,0,0,40,0,1000000.0,0.0,0,31,20.666666,17.897858,320.33334,0,1,0,0,1,0,0,0,0,31.0,15.5,0.0,40,0,0,0,0,0,0,2,31,0,0,60,-1,0,20,0.0,0.0,0,0,0.0,0.0,0,0,BENIGN
80,8708783,5,0,30,0,6,6,6.0,0.0,0,0,0.0,0.0,3.4447982,0.57413304,2177195.8,4351050.5,8703771,0,8708783,2177195.8,4351050.5,8703771,0,0,0.0,0.0,0,0,0,0,0,0,100,0,0.57413304,0.0,6,6,6.0,0.0,0.0,0,0,0,0,1,0,0,0,0,7.2,6.0,0.0,100,0,0,0,0,0,0,5,30,0,0,256,-1,4,20,5012.0,0.0,5012,5012,8703771.0,0.0,8703771,8703771,DDoS
53,38851796,2,2,88,152,52,36,44.0,11.313708,84,68,76.0,11.313708,6.1773205,0.10295534,13000000.0,22100000.0,38500000,23433,38800000,38800000.0,0.0,38800000,38800000,38500000,38500000.0,0.0,38500000,38500000,0,0,0,0,60,72,0.05147767,0.05147767,36,84,55.2,20.861448,435.2,0,0,0,0,0,0,0,0,1,69.0,44.0,76.0,60,0,0,0,0,0,0,2,88,2,152,-1,-1,1,20,376042.0,0.0,376042,376042,38500000.0,0.0,38500000,38500000,BENIGN
80,1995,4,0,6,0,6,0,1.5,3.0,0,0,0.0,0.0,3007.5188,2005.0126,665.0,1148.3501,1991,1,1995,665.0,1148.3501,1991,1,0,0.0,0.0,0,0,0,0,0,0,116,0,2005.0126,0.0,0,6,1.2,2.6832817,7.2,0,0,0,0,1,0,0,0,0,1.5,1.5,0.0,116,0,0,0,0,0,0,4,6,0,0,274,-1,1,20,0.0,0.0,0,0,0.0,0.0,0,0,DoS Hulk
80,85240139,4,6,366,11595,360,0,91.5,179.02234,4344,0,1932.5,1754.8314,140.32121,0.11731562,9471127.0,28400000.0,85100000,1,85100000,28400000.0,49100000.0,85100000,1,143365,28673.0,56965.363,130085,46,0,0,0,0,124,200,0.04692625,0.070389375,0,4344,1087.909,1578.454,2491517.0,1,0,0,0,0,0,0,0,1,1196.7,91.5,1932.5,124,0,0,0,0,0,0,4,366,6,11595,0,235,1,20,0.0,0.0,0,0,85100000.0,0.0,85100000,85100000,DoS Hulk
80,3000183,3,0,0,0,0,0,0.0,0.0,0,0,0.0,0.0,0.0,0.999939,1500091.5,712603.1,2003978,996205,3000183,1500091.5,712603.1,2003978,996205,0,0.0,0.0,0,0,0,0,0,0,120,0,0.999939,0.0,0,0,0.0,0.0,0.0,0,0,0,1,0,0,0,0,0,0.0,0.0,0.0,120,0,0,0,0,0,0,3,0,0,0,29200,-1,0,40,0.0,0.0,0,0,0.0,0.0,0,0,DoS slowloris
80,4524531,4,0,24,0,6,6,6.0,0.0,0,0,0.0,0.0,5.304417,0.8840695,1508177.0,2610538.2,4522567,957,4524531,1508177.0,2610538.2,4522567,957,0,0.0,0.0,0,0,0,0,0,0,80,0,0.8840695,0.0,6,6,6.0,0.0,0.0,0,0,0,0,1,0,0,0,0,7.5,6.0,0.0,80,0,0,0,0,0,0,4,24,0,0,256,-1,3,20,0.0,0.0,0,0,0.0,0.0,0,0,DDoS
80,167627,3,4,26,11601,20,0,8.666667,10.263203,7215,0,2900.25,3540.003,69362.336,41.759384,27937.834,64431.15,159312,94,8064,4032.0,5354.2124,7818,246,167528,55842.668,89694.13,159312,157,0,0,0,0,72,92,17.896877,23.862505,0,7215,1453.375,2786.2598,7763243.5,0,0,0,1,0,0,0,0,1,1661.0,8.666667,2900.25,72,0,0,0,0,0,0,3,26,4,11601,8192,229,2,20,0.0,0.0,0,0,0.0,0.0,0,0,DDoS
53,167,2,2,46,46,23,23,23.0,0.0,23,23,23.0,0.0,550898.2,23952.096,55.666668,91.221344,161,3,3,3.0,0.0,3,3,3,3.0,0.0,3,3,0,0,0,0,64,64,11976.048,11976.048,23,23,23.0,0.0,0.0,0,0,0,0,0,0,0,0,1,28.75,23.0,23.0,64,0,0,0,0,0,0,2,46,2,46,-1,-1,1,32,0.0,0.0,0,0,0.0,0.0,0,0,BENIGN
53,191,2,2,86,142,43,43,43.0,0.0,71,71,71.0,0.0,1193717.2,20942.408,63.666668,26.274195,94,48,48,48.0,0.0,48,48,49,49.0,0.0,49,49,0,0,0,0,64,64,10471.204,10471.204,43,71,54.2,15.336231,235.2,0,0,0,0,0,0,0,0,1,67.75,43.0,71.0,64,0,0,0,0,0,0,2,86,2,142,-1,-1,1,32,0.0,0.0,0,0,0.0,0.0,0,0,BENIGN
80,95675382,7,6,375,11595,375,0,53.57143,141.73668,5792,0,1932.5,2537.82,125.11055,0.13587612,7972948.5,27600000.0,95700000,2,95700000,15900000.0,39100000.0,95700000,224,1712,342.4,631.3068,1468,2,0,0,0,0,232,200,0.07316407,0.06271206,0,5792,855.0,1850.494,3424328.2,0,0,0,0,1,0,0,0,0,920.7692,53.57143,1932.5,232,0,0,0,0,0,0,7,375,6,11595,251,235,1,32,717.0,0.0,717,717,95700000.0,0.0,95700000,95700000,DoS Hulk
80,83582270,7,6,371,11595,371,0,53.0,140.22482,5792,0,1932.5,2181.0083,143.16434,0.15553539,6965189.0,24100000.0,83400000,3,83400000,13900000.0,34100000.0,83400000,3,152608,30521.6,61457.887,140074,47,0,0,0,0,232,200,0.083749816,0.07178556,0,5792,854.7143,1666.4437,2777034.8,0,0,0,0,1,0,0,0,0,920.46155,53.0,1932.5,232,0,0,0,0,0,0,7,371,6,11595,274,235,1,32,1012.0,0.0,1012,1012,83400000.0,0.0,83400000,83400000,DoS Hulk
51991,3,2,0,0,0,0,0,0.0,0.0,0,0,0.0,0.0,0.0,666666.7,3.0,0.0,3,3,3,3.0,0.0,3,3,0,0.0,0.0,0,0,0,0,0,0,64,0,666666.7,0.0,0,0,0.0,0.0,0.0,0,0,0,0,1,0,0,0,0,0.0,0.0,0.0,64,0,0,0,0,0,0,2,0,0,0,4171,-1,0,32,0.0,0.0,0,0,0.0,0.0,0,0,BENIGN
80,84718295,9,6,347,11595,347,0,38.555557,115.666664,5803,0,1932.5,2539.0752,140.96129,0.17705739,6051307.0,22400000.0,83700000,3,84700000,10600000.0,29500000.0,83700000,3,1462,292.4,396.14935,898,3,0,0,0,0,304,200,0.10623443,0.070822954,0,5803,746.375,1748.3143,3056603.2,0,0,0,0,1,0,0,0,0,796.13336,38.555557,1932.5,304,0,0,0,0,0,0,9,347,6,11595,274,235,1,32,2001.0,0.0,2001,2001,83700000.0,0.0,83700000,83700000,DoS Hulk
80,63108950,7,0,0,0,0,0,0.0,0.0,0,0,0.0,0.0,0.0,0.11091929,10500000.0,11900000.0,32100000,997540,63100000,10500000.0,11900000.0,32100000,997540,0,0.0,0.0,0,0,0,0,0,0,280,0,0.11091929,0.0,0,0,0.0,0.0,0.0,0,0,0,1,0,0,0,0,0,0.0,0.0,0.0,280,0,0,0,0,0,0,7,0,0,0,29200,-1,0,40,7013490.0,0.0,7013490,7013490,18700000.0,12200000.0,32100000,8015732,DoS Slowhttptest
50006,55,1,1,2,6,2,2,2.0,0.0,6,6,6.0,0.0,145454.55,36363.637,55.0,0.0,55,55,0,0.0,0.0,0,0,0,0.0,0.0,0,0,0,0,0,0,24,20,18181.818,18181.818,2,6,3.3333333,2.309401,5.3333335,0,0,0,1,0,0,0,0,1,5.0,2.0,6.0,24,0,0,0,0,0,0,1,2,1,6,1024,0,0,24,0.0,0.0,0,0,0.0,0.0,0,0,PortScan
80,17558058,8,6,360,11632,360,0,45.0,127.27922,4392,0,1938.6666,2190.7188,682.9913,0.7973547,1350619.9,3639218.5,12600000,15,12600000,1794028.9,4745727.5,12600000,52,17600000,3511601.5,5500028.0,12600000,15,0,0,0,0,264,200,0.45563126,0.34172344,0,4392,799.4667,1627.6454,2649229.5,0,0,0,1,0,0,0,0,0,856.5714,45.0,1938.6666,264,0,0,0,0,0,0,8,360,6,11632,29200,235,1,32,879.0,0.0,879,879,12600000.0,0.0,12600000,12600000,DoS GoldenEye
53,191,2,2,94,196,47,47,47.0,0.0,98,98,98.0,0.0,1518324.6,20942.408,63.666668,103.345695,183,4,4,4.0,0.0,4,4,4,4.0,0.0,4,4,0,0,0,0,64,64,10471.204,10471.204,47,98,67.4,27.933851,780.3,0,0,0,0,0,0,0,0,1,84.25,47.0,98.0,64,0,0,0,0,0,0,2,94,2,196,-1,-1,1,32,0.0,0.0,0,0,0.0,0.0,0,0,BENIGN
80,85861374,7,7,343,11595,325,0,49.0,121.74153,5792,0,1656.4286,2429.1187,139.03807,0.16305353,6604721.0,23500000.0,84900000,2,85900000,14300000.0,34600000.0,84900000,43,85900000,14300000.0,35100000.0,85900000,2,0,0,0,0,204,232,0.081526764,0.081526764,0,5792,796.26666,1796.925,3228939.5,1,0,0,0,0,0,0,0,1,853.1429,49.0,1656.4286,204,0,0,0,0,0,0,7,343,7,11595,0,235,3,20,4001.0,0.0,4001,4001,84900000.0,0.0,84900000,84900000,DoS Hulk
123,83,2,2,96,96,48,48,48.0,0.0,48,48,48.0,0.0,2313253.0,48192.77,27.666666,41.86088,76,3,4,4.0,0.0,4,4,3,3.0,0.0,3,3,0,0,0,0,40,40,24096.385,24096.385,48,48,48.0,0.0,0.0,0,0,0,0,0,0,0,0,1,60.0,48.0,48.0,40,0,0,0,0,0,0,2,96,2,96,-1,-1,1,20,0.0,0.0,0,0,0.0,0.0,0,0,BENIGN
80,4659898,4,0,24,0,6,6,6.0,0.0,0,0,0.0,0.0,5.150327,0.8583879,1553299.4,2687034.0,4656018,4,4659898,1553299.4,2687034.0,4656018,4,0,0.0,0.0,0,0,0,0,0,0,80,0,0.8583879,0.0,6,6,6.0,0.0,0.0,0,0,0,0,1,0,0,0,0,7.5,6.0,0.0,80,0,0,0,0,0,0,4,24,0,0,256,-1,3,20,0.0,0.0,0,0,0.0,0.0,0,0,DDoS
80,1031408,3,6,26,11607,20,0,8.666667,10.263203,4380,0,1934.5,2177.345,11278.757,8.725936,128926.0,363720.4,1029087,16,1908,954.0,1192.182,1797,111,1031335,206267.0,459971.12,1029087,16,0,0,0,0,72,132,2.9086452,5.8172903,0,4380,1163.3,1903.9626,3625073.8,0,0,0,1,0,0,0,0,2,1292.5555,8.666667,1934.5,72,0,0,0,0,0,0,3,26,6,11607,8192,229,2,20,0.0,0.0,0,0,0.0,0.0,0,0,DDoS
53,61031,1,1,50,144,50,50,50.0,0.0,144,144,144.0,0.0,3178.7124,32.770233,61031.0,0.0,61031,61031,0,0.0,0.0,0,0,0,0.0,0.0,0,0,0,0,0,0,32,20,16.385117,16.385117,50,144,81.333336,54.270924,2945.3333,0,0,0,0,0,0,0,0,1,122.0,50.0,144.0,32,0,0,0,0,0,0,1,50,1,144,-1,-1,0,32,0.0,0.0,0,0,0.0,0.0,0,0,BENIGN
80,1858057,3,5,26,11607,20,0,8.666667,10.263203,5840,0,2321.4,3173.3738,6260.8413,4.305573,265436.72,701872.1,1857133,3,781,390.5,263.75082,577,204,1858000,464500.0,928422.06,1857133,3,0,0,0,0,72,112,1.6145898,2.690983,0,5840,1292.5555,2554.1592,6523729.5,0,0,0,1,0,0,0,0,1,1454.125,8.666667,2321.4,72,0,0,0,0,0,0,3,26,5,11607,8192,229,2,20,0.0,0.0,0,0,0.0,0.0,0,0,DDoS
80,85374081,8,6,350,11595,350,0,43.75,123.74369,4344,0,1932.5,2178.085,139.91367,0.1639842,6567237.0,23600000.0,85200000,1,85200000,12200000.0,32200000.0,85200000,1,143417,28683.4,58040.598,132164,2,0,0,0,0,264,200,0.09370525,0.07027894,0,4344,796.3333,1619.9186,2624136.2,0,0,0,0,1,0,0,0,0,853.2143,43.75,1932.5,264,0,0,0,0,0,0,8,350,6,11595,251,235,1,32,1005.0,0.0,1005,1005,85200000.0,0.0,85200000,85200000,DoS Hulk
80,13722049,7,4,522,3525,522,0,74.57143,197.29745,3525,0,881.25,1762.5,294.9268,0.80162954,1372204.9,2207770.2,5716164,48,8720839,1453473.1,2237340.0,5717769,48,10700000,3573401.2,3114388.5,5716164,852,0,0,0,0,248,136,0.5101279,0.29150164,0,3525,337.25,1015.0351,1030296.2,0,0,0,1,0,0,0,0,0,367.9091,74.57143,881.25,248,0,0,0,0,0,0,7,522,4,3525,29200,235,1,32,3002697.0,0.0,3002697,3002697,5716164.0,0.0,5716164,5716164,DoS GoldenEye
80,825639,3,6,26,11607,20,0,8.666667,10.263203,4380,0,1934.5,2177.345,14089.693,10.900648,103204.875,291539.8,824729,18,600,300.0,353.5534,550,50,825559,165111.8,368737.28,824729,18,0,0,0,0,72,132,3.6335492,7.2670984,0,4380,1163.3,1903.9626,3625073.8,0,0,0,1,0,0,0,0,2,1292.5555,8.666667,1934.5,72,0,0,0,0,0,0,3,26,6,11607,8192,229,2,20,0.0,0.0,0,0,0.0,0.0,0,0,DDoS
80,10784740,4,0,24,0,6,6,6.0,0.0,0,0,0.0,0.0,2.2253666,0.37089443,3594913.2,6225711.5,10800000,4,10800000,3594913.2,6225711.5,10800000,4,0,0.0,0.0,0,0,0,0,0,0,80,0,0.37089443,0.0,6,6,6.0,0.0,0.0,0,0,0,0,1,0,0,0,0,7.5,6.0,0.0,80,0,0,0,0,0,0,4,24,0,0,256,-1,3,20,994.0,0.0,994,994,10800000.0,0.0,10800000,10800000,DDoS
80,360664,4,6,746,11595,373,0,186.5,215.35165,7240,0,1932.5,2845.8357,34217.445,27.726637,40073.777,78783.16,214960,4,226955,75651.664,120793.29,214960,5,360630,72126.0,104008.734,226992,4,0,0,0,0,136,200,11.090655,16.635983,0,7240,1121.909,2221.1262,4933402.0,0,0,0,1,0,0,0,0,1,1234.1,186.5,1932.5,136,0,0,0,0,0,0,4,746,6,11595,29200,235,2,32,0.0,0.0,0,0,0.0,0.0,0,0,DoS Hulk
80,2239694,6,6,2066,996,1656,0,344.33334,663.1807,498,0,166.0,257.1661,1367.151,5.357875,203608.55,605413.9,2027428,51,212266,42453.2,23633.117,53734,214,2188440,437688.0,889745.6,2027479,1995,0,0,0,0,200,200,2.6789374,2.6789374,0,1656,235.53847,473.04202,223768.77,0,0,0,1,0,0,0,0,1,255.16667,344.33334,166.0,200,0,0,0,0,0,0,6,2066,6,996,29200,122,2,32,0.0,0.0,0,0,0.0,0.0,0,0,BENIGN
80,167446,3,6,320,11595,320,0,106.666664,184.75209,5792,0,1932.5,2181.0083,71157.266,53.748672,20930.75,52492.445,150124,36,16996,8498.0,10639.129,16021,975,167386,33477.2,65615.72,150124,46,0,0,0,0,104,200,17.916224,35.832447,0,5792,1191.5,1888.4738,3566333.2,0,0,0,1,0,0,0,0,2,1323.8889,106.666664,1932.5,104,0,0,0,0,0,0,3,320,6,11595,29200,235,1,32,0.0,0.0,0,0,0.0,0.0,0,0,DoS Hulk
3077,63,1,1,2,6,2,2,2.0,0.0,6,6,6.0,0.0,126984.125,31746.031,63.0,0.0,63,63,0,0.0,0.0,0,0,0,0.0,0.0,0,0,0,0,0,0,24,20,15873.016,15873.016,2,6,3.3333333,2.309401,5.3333335,0,0,0,1,0,0,0,0,1,5.0,2.0,6.0,24,0,0,0,0,0,0,1,2,1,6,1024,0,0,24,0.0,0.0,0,0,0.0,0.0,0,0,PortScan
80,115940275,9,6,368,11595,368,0,40.88889,122.666664,4344,0,1932.5,1754.8314,103.182434,0.12937696,8281448.0,26700000.0,99900000,1,116000000,14500000.0,34900000.0,99900000,1,50501,10100.2,17372.645,40211,34,0,0,0,0,304,200,0.077626176,0.051750783,0,4344,747.6875,1390.3319,1933022.9,0,0,0,0,1,0,0,0,0,797.5333,40.88889,1932.5,304,0,0,0,0,0,0,9,368,6,11595,274,235,1,32,988.0,0.0,988,988,57900000.0,59300000.0,99900000,16000000,DoS Hulk
53,91893,4,2,124,216,31,31,31.0,0.0,108,108,108.0,0.0,3699.9553,65.29333,18378.6,25512.646,52345,48,52443,17481.0,30193.11,52345,48,49,49.0,0.0,49,49,0,0,0,0,104,40,43.52889,21.764444,31,108,53.0,37.57215,1411.6666,0,0,0,0,0,0,0,0,0,61.833332,31.0,108.0,104,0,0,0,0,0,0,4,124,2,216,-1,-1,3,20,0.0,0.0,0,0,0.0,0.0,0,0,BENIGN
80,8314821,4,0,24,0,6,6,6.0,0.0,0,0,0.0,0.0,2.8864121,0.48106867,2771607.0,4796237.5,8309824,4,8314821,2771607.0,4796237.5,8309824,4,0,0.0,0.0,0,0,0,0,0,0,80,0,0.48106867,0.0,6,6,6.0,0.0,0.0,0,0,0,0,1,0,0,0,0,7.5,6.0,0.0,80,0,0,0,0,0,0,4,24,0,0,256,-1,3,20,4997.0,0.0,4997,4997,8309824.0,0.0,8309824,8309824,DDoS
53,30801,1,1,56,72,56,56,56.0,0.0,72,72,72.0,0.0,4155.7095,64.93296,30801.0,0.0,30801,30801,0,0.0,0.0,0,0,0,0.0,0.0,0,0,0,0,0,0,44,20,32.46648,32.46648,56,72,61.333332,9.237604,85.333336,0,0,0,0,0,0,0,0,1,92.0,56.0,72.0,44,0,0,0,0,0,0,1,56,1,72,-1,-1,0,44,0.0,0.0,0,0,0.0,0.0,0,0,BENIGN
60599,34,1,1,6,6,6,6,6.0,0.0,6,6,6.0,0.0,352941.2,58823.53,34.0,0.0,34,34,0,0.0,0.0,0,0,0,0.0,0.0,0,0,0,0,0,0,20,20,29411.766,29411.766,6,6,6.0,0.0,0.0,0,0,0,0,1,1,0,0,1,9.0,6.0,6.0,20,0,0,0,0,0,0,1,6,1,6,120,256,0,20,0.0,0.0,0,0,0.0,0.0,0,0,BENIGN
49152,52,1,1,2,6,2,2,2.0,0.0,6,6,6.0,0.0,153846.16,38461.54,52.0,0.0,52,52,0,0.0,0.0,0,0,0,0.0,0.0,0,0,0,0,0,0,24,20,19230.77,19230.77,2,6,3.3333333,2.309401,5.3333335,0,0,0,1,0,0,0,0,1,5.0,2.0,6.0,24,0,0,0,0,0,0,1,2,1,6,1024,0,0,24,0.0,0.0,0,0,0.0,0.0,0,0,PortScan
62652,3,2,0,12,0,6,6,6.0,0.0,0,0,0.0,0.0,4000000.0,666666.7,3.0,0.0,3,3,3,3.0,0.0,3,3,0,0.0,0.0,0,0,0,0,0,0,40,0,666666.7,0.0,6,6,6.0,0.0,0.0,0,0,0,0,1,0,0,0,0,9.0,6.0,0.0,40,0,0,0,0,0,0,2,12,0,0,385,-1,1,20,0.0,0.0,0,0,0.0,0.0,0,0,BENIGN
1972,29,1,1,0,6,0,0,0.0,0.0,6,6,6.0,0.0,206896.55,68965.516,29.0,0.0,29,29,0,0.0,0.0,0,0,0,0.0,0.0,0,0,0,0,0,0,40,20,34482.758,34482.758,0,6,2.0,3.4641016,12.0,0,0,0,1,0,0,0,0,1,3.0,0.0,6.0,40,0,0,0,0,0,0,1,0,1,6,29200,0,0,40,0.0,0.0,0,0,0.0,0.0,0,0,PortScan
49,38,1,1,2,6,2,2,2.0,0.0,6,6,6.0,0.0,210526.31,52631.58,38.0,0.0,38,38,0,0.0,0.0,0,0,0,0.0,0.0,0,0,0,0,0,0,24,20,26315.79,26315.79,2,6,3.3333333,2.309401,5.3333335,0,0,0,1,0,0,0,0,1,5.0,2.0,6.0,24,0,0,0,0,0,0,1,2,1,6,1024,0,0,24,0.0,0.0,0,0,0.0,0.0,0,0,PortScan
80,265935,3,4,26,11601,20,0,8.666667,10.263203,8760,0,2900.25,4128.3193,43721.21,26.322222,44322.5,102290.74,252900,4,12051,6025.5,8515.687,12047,4,265929,88643.0,142376.31,252900,536,0,0,0,0,72,92,11.280952,15.041269,0,8760,1453.375,3113.9526,9696701.0,0,0,0,1,0,0,0,0,1,1661.0,8.666667,2900.25,72,0,0,0,0,0,0,3,26,4,11601,8192,229,2,20,0.0,0.0,0,0,0.0,0.0,0,0,DDoS
80,83654302,7,7,315,11595,309,0,45.0,116.43453,4344,0,1656.4286,1757.579,142.37164,0.1673554,6434946.5,23200000.0,83500000,1,83500000,13900000.0,34100000.0,83500000,1,148651,24775.166,53850.555,134106,49,0,0,0,0,220,232,0.0836777,0.0836777,0,4344,794.0,1423.7719,2027126.4,0,0,0,0,1,0,0,0,1,850.7143,45.0,1656.4286,220,0,0,0,0,0,0,7,315,7,11595,251,235,2,20,6.0,0.0,6,6,83500000.0,0.0,83500000,83500000,DoS Hulk
80,101437867,5,8,385,11595,373,0,77.0,165.49623,4344,0,1449.375,1729.3801,118.10185,0.12815727,8453156.0,29200000.0,101000000,1,101000000,25300000.0,50600000.0,101000000,1,101000000,14500000.0,38300000.0,101000000,16,0,0,0,0,144,264,0.049291257,0.07886601,0,4344,856.1429,1457.5613,2124484.8,1,0,0,0,0,0,0,0,1,922.0,77.0,1449.375,144,0,0,0,0,0,0,5,385,8,11595,0,235,2,20,10979.0,0.0,10979,10979,101000000.0,0.0,101000000,101000000,DoS Hulk
38824,39,1,1,0,0,0,0,0.0,0.0,0,0,0.0,0.0,0.0,51282.05,39.0,0.0,39,39,0,0.0,0.0,0,0,0,0.0,0.0,0,0,0,0,0,0,32,32,25641.025,25641.025,0,0,0.0,0.0,0.0,0,0,0,0,1,1,0,0,1,0.0,0.0,0.0,32,0,0,0,0,0,0,1,0,1,0,357,1324,0,32,0.0,0.0,0,0,0.0,0.0,0,0,BENIGN
443,78579975,69,62,43095,47904,2516,0,624.56525,940.1181,2527,0,772.64514,787.09784,1158.0431,1.6670914,604461.4,2103509.0,10000000,2,78600000,1155587.9,2819409.8,10100000,246,78500000,1287353.8,2957928.2,10100000,174,0,0,0,0,2216,1992,0.8780863,0.7890051,0,2527,689.38635,869.70105,756379.9,0,0,0,1,0,0,0,0,0,694.64886,624.56525,772.64514,2216,0,0,0,0,0,0,69,43095,62,47904,29200,422,24,32,3004513.8,7235954.5,17800000,50096,10000000.0,1406.7292,10000000,10000000,BENIGN
80,8887783,5,0,30,0,6,6,6.0,0.0,0,0,0.0,0.0,3.3754199,0.56257,2221945.8,4443237.0,8886801,1,8887783,2221945.8,4443237.0,8886801,1,0,0.0,0.0,0,0,0,0,0,0,100,0,0.56257,0.0,6,6,6.0,0.0,0.0,0,0,0,0,1,0,0,0,0,7.2,6.0,0.0,100,0,0,0,0,0,0,5,30,0,0,256,-1,4,20,982.0,0.0,982,982,8886801.0,0.0,8886801,8886801,DDoS
7201,61,1,1,0,6,0,0,0.0,0.0,6,6,6.0,0.0,98360.66,32786.887,61.0,0.0,61,61,0,0.0,0.0,0,0,0,0.0,0.0,0,0,0,0,0,0,40,20,16393.443,16393.443,0,6,2.0,3.4641016,12.0,0,0,0,1,0,0,0,0,1,3.0,0.0,6.0,40,0,0,0,0,0,0,1,0,1,6,29200,0,0,40,0.0,0.0,0,0,0.0,0.0,0,0,PortScan
80,85165099,8,6,361,11595,361,0,45.125,127.632774,4344,0,1932.5,1754.8314,140.38614,0.16438659,6551161.5,23600000.0,85000000,3,85000000,12100000.0,32100000.0,85000000,3,151419,30283.8,60044.29,137155,47,0,0,0,0,264,200,0.09393519,0.07045139,0,4344,797.06665,1424.4071,2028935.5,0,0,0,0,1,0,0,0,0,854.0,45.125,1932.5,264,0,0,0,0,0,0,8,361,6,11595,274,235,1,32,4974.0,0.0,4974,4974,85000000.0,0.0,85000000,85000000,DoS Hulk
10243,42,1,1,0,6,0,0,0.0,0.0,6,6,6.0,0.0,142857.14,47619.047,42.0,0.0,42,42,0,0.0,0.0,0,0,0,0.0,0.0,0,0,0,0,0,0,40,20,23809.523,23809.523,0,6,2.0,3.4641016,12.0,0,0,0,1,0,0,0,0,1,3.0,0.0,6.0,40,0,0,0,0,0,0,1,0,1,6,29200,0,0,40,0.0,0.0,0,0,0.0,0.0,0,0,PortScan
80,83320092,5,6,360,11595,348,0,72.0,154.31786,10136,0,1932.5,4060.2458,143.4828,0.13202098,8332009.0,26300000.0,83200000,2,83200000,20800000.0,41600000.0,83200000,2,83300000,16700000.0,37200000.0,83200000,83,0,0,0,0,144,200,0.060009535,0.07201144,0,10136,996.75,2908.208,8457673.0,1,0,0,0,0,0,0,0,1,1087.3636,72.0,1932.5,144,0,0,0,0,0,0,5,360,6,11595,0,235,2,20,17004.0,0.0,17004,17004,83200000.0,0.0,83200000,83200000,DoS Hulk
443,5003360,7,4,1679,152,1080,0,239.85715,415.23706,152,0,38.0,76.0,365.95407,2.1985226,500336.0,1537659.4,4876231,4,5003360,833893.3,2011100.2,4938976,4,87048,29016.0,31692.264,63113,459,0,0,0,0,152,92,1.3990598,0.79946274,0,1080,152.58333,327.66043,107361.36,0,0,0,1,0,0,0,0,0,166.45454,239.85715,38.0,152,0,0,0,0,0,0,7,1679,4,152,8192,946,4,20,0.0,0.0,0,0,0.0,0.0,0,0,BENIGN
5907,50,2,0,4,0,2,2,2.0,0.0,0,0,0.0,0.0,80000.0,40000.0,50.0,0.0,50,50,50,50.0,0.0,50,50,0,0.0,0.0,0,0,0,0,0,0,48,0,40000.0,0.0,2,2,2.0,0.0,0.0,0,0,0,1,0,0,0,0,0,3.0,2.0,0.0,48,0,0,0,0,0,0,2,4,0,0,1024,-1,1,24,0.0,0.0,0,0,0.0,0.0,0,0,BENIGN
443,103188,2,0,12,0,6,6,6.0,0.0,0,0,0.0,0.0,116.292595,19.3821,103188.0,0.0,103188,103188,103188,103188.0,0.0,103188,103188,0,0.0,0.0,0,0,0,0,0,0,40,0,19.3821,0.0,6,6,6.0,0.0,0.0,0,0,0,0,1,0,0,0,0,9.0,6.0,0.0,40,0,0,0,0,0,0,2,12,0,0,63718,-1,1,20,0.0,0.0,0,0,0.0,0.0,0,0,BENIGN
443,111041775,47,48,5980,5018,260,0,127.23404,131.3757,178,42,104.541664,64.65192,99.04381,0.8555339,1181295.5,3245242.0,11200000,3,111000000,2413951.8,4327078.5,11200000,4590,111000000,2362035.2,4314374.0,11200000,3,1,0,0,0,940,960,0.42326412,0.43226975,0,260,117.270836,103.7816,10770.621,0,1,0,0,1,0,0,0,1,118.505264,127.23404,104.541664,940,0,0,0,0,0,0,47,5980,48,5018,257,437,22,20,49407.273,15708.445,95442,35530,10000000.0,378579.78,11200000,9709997,BENIGN
80,99615613,5,6,383,11595,371,0,76.6,164.60194,5792,0,1932.5,2989.5588,120.242195,0.11042446,9961561.0,31400000.0,99500000,6,99500000,24900000.0,49700000.0,99500000,6,99600000,19900000.0,44500000.0,99500000,83,0,0,0,0,144,200,0.050192934,0.06023152,0,5792,998.6667,2241.4358,5024034.0,1,0,0,0,0,0,0,0,1,1089.4546,76.6,1932.5,144,0,0,0,0,0,0,5,383,6,11595,0,235,2,20,10991.0,0.0,10991,10991,99500000.0,0.0,99500000,99500000,DoS Hulk
80,99899928,5,8,326,11595,314,0,65.2,139.11578,4344,0,1449.375,1547.982,119.329414,0.13013023,8324994.0,28800000.0,99700000,6,99800000,24900000.0,49900000.0,99700000,6,99900000,14300000.0,37700000.0,99700000,48,0,0,0,0,144,264,0.050050087,0.08008014,0,4344,851.9286,1344.9905,1808999.5,1,0,0,0,0,0,0,0,1,917.46155,65.2,1449.375,144,0,0,0,0,0,0,5,326,8,11595,0,235,2,20,12988.0,0.0,12988,12988,99700000.0,0.0,99700000,99700000,DoS Hulk
52696,46,1,1,0,0,0,0,0.0,0.0,0,0,0.0,0.0,0.0,43478.26,46.0,0.0,46,46,0,0.0,0.0,0,0,0,0.0,0.0,0,0,0,0,0,0,32,32,21739.13,21739.13,0,0,0.0,0.0,0.0,0,0,0,0,1,0,0,0,1,0.0,0.0,0.0,32,0,0,0,0,0,0,1,0,1,0,122,33304,0,32,0.0,0.0,0,0,0.0,0.0,0,0,BENIGN
443,118274040,21,22,1770,4977,363,0,84.28571,108.51182,1430,0,226.22728,431.5059,57.045486,0.36356246,2816048.5,12628199.0,58778746,1,118274040,5913702.0,18033390.0,58778746,18,118025016,5620239.0,17663802.0,59015695,1,0,0,0,0,432,452,0.17755376,0.18600869,0,1430,153.34091,319.3805,102003.91,0,0,0,1,0,0,0,0,1,156.90698,84.28571,226.22728,432,0,0,0,0,0,0,21,1770,22,4977,8192,385,20,20,398536.5,228761.06,560295,236778,58613844.0,233207.36,58778746,58448941,BENIGN
6788,50,1,1,2,6,2,2,2.0,0.0,6,6,6.0,0.0,160000.0,40000.0,50.0,0.0,50,50,0,0.0,0.0,0,0,0,0.0,0.0,0,0,0,0,0,0,24,20,20000.0,20000.0,2,6,3.3333333,2.309401,5.3333335,0,0,0,1,0,0,0,0,1,5.0,2.0,6.0,24,0,0,0,0,0,0,1,2,1,6,1024,0,0,24,0.0,0.0,0,0,0.0,0.0,0,0,PortScan
80,509949,3,5,26,11601,20,0,8.666667,10.263203,5840,0,2320.2,2436.833,22800.318,15.687843,72849.86,191139.12,506306,1,3037,1518.5,2146.069,3036,1,509865,127466.25,252563.48,506306,43,0,0,0,0,72,112,5.8829412,9.804902,0,5840,1291.8889,2110.9507,4456113.0,0,0,0,1,0,0,0,0,1,1453.375,8.666667,2320.2,72,0,0,0,0,0,0,3,26,5,11601,8192,229,2,20,0.0,0.0,0,0,0.0,0.0,0,0,DDoS
22,12101643,21,32,2008,2745,640,0,95.61905,140.04517,976,0,85.78125,220.24059,392.7566,4.3795705,232723.9,624094.8,2240160,3,10200000,509487.16,893990.0,2303822,515,12100000,390373.34,773718.56,2240160,3,0,0,0,0,680,1032,1.7353016,2.644269,0,976,88.01852,189.59027,35944.473,0,0,0,1,0,0,0,0,1,89.679245,95.61905,85.78125,680,0,0,0,0,0,0,21,2008,32,2745,29200,247,16,32,0.0,0.0,0,0,0.0,0.0,0,0,SSH-Patator
80,115010595,8,6,357,11595,357,0,44.625,126.21856,5792,0,1932.5,2181.0083,103.92086,0.12172791,8846969.0,27400000.0,98900000,1,115000000,16400000.0,36900000.0,98900000,1,73824,14764.8,23277.148,53383,14,0,0,0,0,272,200,0.06955881,0.052169107,0,5792,796.8,1621.186,2628244.0,0,0,0,0,1,0,0,0,0,853.7143,44.625,1932.5,272,0,0,0,0,0,0,8,357,6,11595,274,235,1,32,5.0,0.0,5,5,57500000.0,58600000.0,98900000,16000000,DoS Hulk
53,31372,2,2,86,194,43,43,43.0,0.0,97,97,97.0,0.0,8925.156,127.50223,10457.333,18105.705,31364,3,3,3.0,0.0,3,3,5,5.0,0.0,5,5,0,0,0,0,40,52,63.751114,63.751114,43,97,64.6,29.577019,874.8,0,0,0,0,0,0,0,0,1,80.75,43.0,97.0,40,0,0,0,0,0,0,2,86,2,194,-1,-1,1,20,0.0,0.0,0,0,0.0,0.0,0,0,BENIGN
8477,22749,3,1,43,6,31,6,14.333333,14.433757,6,6,6.0,0.0,2153.941,175.83191,7583.0,13114.225,22726,4,22730,11365.0,16066.88,22726,4,0,0.0,0.0,0,0,0,0,0,0,60,20,131.87393,43.957977,6,31,11.0,11.18034,125.0,0,0,0,0,1,0,0,0,0,13.75,14.333333,6.0,60,0,0,0,0,0,0,3,43,1,6,1950,0,2,20,0.0,0.0,0,0,0.0,0.0,0,0,BENIGN
21,9215075,9,15,112,188,27,0,12.444445,10.32123,34,0,12.533334,14.54975,32.55535,2.604428,400655.44,1031933.06,3385545,3,6565059,820632.4,1487916.2,3429106,250,9214986,658213.3,1272623.2,3385545,3,0,0,0,0,296,488,0.97666055,1.6277676,0,34,12.0,12.85496,165.25,0,0,0,1,0,0,0,0,1,12.5,12.444445,12.533334,296,0,0,0,0,0,0,9,112,15,188,29200,227,6,32,0.0,0.0,0,0,0.0,0.0,0,0,FTP-Patator
80,86444288,9,6,366,11595,360,0,40.666668,119.76644,5792,0,1932.5,2537.82,138.36658,0.17352216,6174592.0,22800000.0,85400000,1,86400000,10800000.0,30200000.0,85400000,1,2539,507.8,892.4459,2100,47,0,0,0,0,292,200,0.104113296,0.069408864,0,5792,747.5625,1747.3414,3053202.2,0,0,0,0,1,0,0,0,0,797.4,40.666668,1932.5,292,0,0,0,0,0,0,9,366,6,11595,274,235,2,20,991.0,0.0,991,991,85400000.0,0.0,85400000,85400000,DoS Hulk
80,5510833,4,2,12,0,6,0,3.0,3.4641016,0,0,0.0,0.0,2.1775293,1.0887647,1102166.6,2423290.2,5436955,59,5510833,1836944.4,3117700.8,5436955,36861,36905,36905.0,0.0,36905,36905,0,0,0,0,104,64,0.7258431,0.36292154,0,6,1.7142857,2.9277003,8.571428,0,0,0,1,0,0,0,0,0,2.0,3.0,0.0,104,0,0,0,0,0,0,4,12,2,0,8192,29200,2,20,0.0,0.0,0,0,0.0,0.0,0,0,BENIGN
70,50,1,1,2,6,2,2,2.0,0.0,6,6,6.0,0.0,160000.0,40000.0,50.0,0.0,50,50,0,0.0,0.0,0,0,0,0.0,0.0,0,0,0,0,0,0,24,20,20000.0,20000.0,2,6,3.3333333,2.309401,5.3333335,0,0,0,1,0,0,0,0,1,5.0,2.0,6.0,24,0,0,0,0,0,0,1,2,1,6,1024,0,0,24,0.0,0.0,0,0,0.0,0.0,0,0,PortScan
80,99199750,9,6,333,11595,333,0,37.0,111.0,5792,0,1932.5,2537.82,120.24224,0.15121005,7085696.5,26500000.0,99200000,0,99200000,12400000.0,35100000.0,99200000,0,3404,680.8,1235.4148,2886,48,0,0,0,0,296,200,0.09072603,0.060484022,0,5792,745.5,1747.9237,3055237.2,0,0,0,0,1,0,0,0,0,795.2,37.0,1932.5,296,0,0,0,0,0,0,9,333,6,11595,251,235,1,32,993.0,0.0,993,993,99200000.0,0.0,99200000,99200000,DoS Hulk
64480,115,2,1,0,0,0,0,0.0,0.0,0,0,0.0,0.0,0.0,26086.957,57.5,79.90307,114,1,1,1.0,0.0,1,1,0,0.0,0.0,0,0,0,0,0,0,64,32,17391.305,8695.652,0,0,0.0,0.0,0.0,0,0,0,0,1,1,0,0,0,0.0,0.0,0.0,64,0,0,0,0,0,0,2,0,1,0,357,32832,0,32,0.0,0.0,0,0,0.0,0.0,0,0,BENIGN
443,80178842,14,12,851,5160,280,0,60.785713,92.76951,2820,0,430.0,837.4812,74.9699,0.32427508,3207153.8,12300000.0,58800000,2,80200000,6167603.0,16900000.0,58800000,25,59000000,5364683.0,17700000.0,58900000,2,0,0,0,0,292,252,0.17460966,0.14966542,0,2820,222.62962,580.4277,336896.3,0,0,0,1,0,0,0,0,0,231.1923,60.785713,430.0,292,0,0,0,0,0,0,14,851,12,5160,8192,123,6,20,141077.5,67328.586,188686,93469,39900000.0,26700000.0,58800000,21100000,BENIGN
53,24562,2,2,70,126,35,35,35.0,0.0,63,63,63.0,0.0,7979.806,162.8532,8187.3335,14138.462,24513,1,1,1.0,0.0,1,1,48,48.0,0.0,48,48,0,0,0,0,40,40,81.4266,81.4266,35,63,46.2,15.336231,235.2,0,0,0,0,0,0,0,0,1,57.75,35.0,63.0,40,0,0,0,0,0,0,2,70,2,126,-1,-1,1,20,0.0,0.0,0,0,0.0,0.0,0,0,BENIGN
80,82887162,6,7,346,11595,328,0,57.666668,132.46837,4344,0,1656.4286,1760.5973,144.06332,0.15683973,6907263.5,23900000.0,82700000,45,82800000,16600000.0,37000000.0,82700000,49,82900000,13800000.0,33800000.0,82700000,45,0,0,0,0,164,232,0.07238757,0.08445216,0,4344,853.3571,1460.168,2132090.5,1,0,0,0,0,0,0,0,1,919.0,57.666668,1656.4286,164,0,0,0,0,0,0,6,346,7,11595,0,235,3,20,11968.0,0.0,11968,11968,82700000.0,0.0,82700000,82700000,DoS Hulk
8080,82339,4,3,207,134,195,0,51.75,95.54188,128,0,44.666668,72.23111,4141.4155,85.01439,13723.167,32556.334,80175,27,82339,27446.334,46890.215,81589,27,80787,40393.5,56259.535,80175,612,0,0,0,0,92,72,48.57965,36.43474,0,195,42.625,75.57577,5711.6963,0,0,0,1,0,0,0,0,0,48.714287,51.75,44.666668,92,0,0,0,0,0,0,4,207,3,134,8192,237,3,20,0.0,0.0,0,0,0.0,0.0,0,0,Bot
1027,78,1,1,2,6,2,2,2.0,0.0,6,6,6.0,0.0,102564.1,25641.025,78.0,0.0,78,78,0,0.0,0.0,0,0,0,0.0,0.0,0,0,0,0,0,0,24,20,12820.513,12820.513,2,6,3.3333333,2.309401,5.3333335,0,0,0,1,0,0,0,0,1,5.0,2.0,6.0,24,0,0,0,0,0,0,1,2,1,6,1024,0,0,24,0.0,0.0,0,0,0.0,0.0,0,0,PortScan
53,30784,1,1,50,106,50,50,50.0,0.0,106,106,106.0,0.0,5067.5674,64.96882,30784.0,0.0,30784,30784,0,0.0,0.0,0,0,0,0.0,0.0,0,0,0,0,0,0,32,20,32.48441,32.48441,50,106,68.666664,32.331615,1045.3334,0,0,0,0,0,0,0,0,1,103.0,50.0,106.0,32,0,0,0,0,0,0,1,50,1,106,-1,-1,0,32,0.0,0.0,0,0,0.0,0.0,0,0,BENIGN
443,97368,1,1,0,0,0,0,0.0,0.0,0,0,0.0,0.0,0.0,20.540628,97368.0,0.0,97368,97368,0,0.0,0.0,0,0,0,0.0,0.0,0,0,0,0,0,0,32,32,10.270314,10.270314,0,0,0.0,0.0,0.0,0,0,0,0,1,1,0,0,1,0.0,0.0,0.0,32,0,0,0,0,0,0,1,0,1,0,304,252,0,32,0.0,0.0,0,0,0.0,0.0,0,0,BENIGN
80,63154317,7,0,0,0,0,0,0.0,0.0,0,0,0.0,0.0,0.0,0.11083961,10500000.0,11900000.0,32100000,999129,63200000,10500000.0,11900000.0,32100000,999129,0,0.0,0.0,0,0,0,0,0,0,280,0,0.11083961,0.0,0,0,0.0,0.0,0.0,0,0,0,1,0,0,0,0,0,0.0,0.0,0.0,280,0,0,0,0,0,0,7,0,0,0,29200,-1,0,40,7011115.0,0.0,7011115,7011115,18700000.0,12300000.0,32100000,8015914,DoS Slowhttptest
80,100997435,2,2,16,0,8,8,8.0,0.0,0,0,0.0,0.0,0.15841986,0.039604966,33700000.0,58300000.0,101000000,42,101000000,101000000.0,0.0,101000000,101000000,101000000,101000000.0,0.0,101000000,101000000,1,0,0,0,64,64,0.019802483,0.019802483,0,8,4.8,4.3817806,19.2,0,1,0,0,1,0,0,0,1,6.0,8.0,0.0,64,0,0,0,0,0,0,2,16,2,0,229,235,1,32,80.0,0.0,80,80,101000000.0,0.0,101000000,101000000,DoS slowloris
50300,66,1,1,2,6,2,2,2.0,0.0,6,6,6.0,0.0,121212.125,30303.031,66.0,0.0,66,66,0,0.0,0.0,0,0,0,0.0,0.0,0,0,0,0,0,0,24,20,15151.516,15151.516,2,6,3.3333333,2.309401,5.3333335,0,0,0,1,0,0,0,0,1,5.0,2.0,6.0,24,0,0,0,0,0,0,1,2,1,6,1024,0,0,24,0.0,0.0,0,0,0.0,0.0,0,0,PortScan
80,100279273,6,6,399,11595,381,0,66.5,154.10094,5792,0,1932.5,2989.5588,119.60597,0.11966581,9116298.0,30200000.0,100000000,1,100000000,20000000.0,44700000.0,100000000,1,100000000,20100000.0,44700000.0,100000000,190,0,0,0,0,164,200,0.059832904,0.059832904,0,5792,923.0769,2163.3892,4680252.5,1,0,0,0,0,0,0,0,1,1000.0,66.5,1932.5,164,0,0,0,0,0,0,6,399,6,11595,0,235,3,20,9983.0,0.0,9983,9983,100000000.0,0.0,100000000,100000000,DoS Hulk
443,185,3,0,18,0,6,6,6.0,0.0,0,0,0.0,0.0,97297.3,16216.216,92.5,126.57211,182,3,185,92.5,126.57211,182,3,0,0.0,0.0,0,0,0,0,0,0,60,0,16216.216,0.0,6,6,6.0,0.0,0.0,0,0,0,0,1,0,0,0,0,8.0,6.0,0.0,60,0,0,0,0,0,0,3,18,0,0,319,-1,2,20,0.0,0.0,0,0,0.0,0.0,0,0,BENIGN
80,86522026,8,6,393,11595,387,0,49.125,136.53825,5792,0,1932.5,2537.82,138.55432,0.1618085,6655540.5,23700000.0,85500000,1,86500000,12400000.0,32300000.0,85500000,1,1049,209.8,333.21945,798,2,0,0,0,0,260,200,0.092462,0.0693465,0,5792,799.2,1796.4049,3227070.5,0,0,0,0,1,0,0,0,0,856.2857,49.125,1932.5,260,0,0,0,0,0,0,8,393,6,11595,274,235,2,20,987.0,0.0,987,987,85500000.0,0.0,85500000,85500000,DoS Hulk
443,60260305,8,6,917,4025,469,0,114.625,171.08472,1460,0,670.8333,668.7509,82.01087,0.2323254,4635408.0,16600000.0,60000000,19,60300000,8608615.0,22600000.0,60000000,238,202923,40584.6,36957.953,69791,48,0,0,0,0,172,132,0.13275738,0.09956803,0,1460,329.46667,508.36008,258429.98,0,0,1,1,0,0,0,1,0,353.0,114.625,670.8333,172,0,0,0,0,0,0,8,917,6,4025,8192,510,7,20,0.0,0.0,0,0,0.0,0.0,0,0,BENIGN
80,85716342,8,7,758,11595,367,0,94.75,168.05675,7240,0,1656.4286,2698.6094,144.11488,0.1749958,6122596.0,22800000.0,85400000,3,85600000,12200000.0,32300000.0,85400000,3,85700000,14300000.0,34800000.0,85400000,4,0,0,0,0,216,232,0.09333109,0.08166471,0,7240,772.4375,1890.7537,3574949.5,1,0,0,0,0,0,0,0,0,823.93335,94.75,1656.4286,216,0,0,0,0,0,0,8,758,7,11595,0,235,5,20,14970.0,0.0,14970,14970,85400000.0,0.0,85400000,85400000,DoS Hulk
443,115966834,31,35,5596,32158,1656,0,180.51613,498.9831,3395,0,918.8,1022.8065,325.5586,0.5691282,1784105.1,3803866.0,10025088,2,115966834,3865561.2,4876121.0,10047926,3,110640215,3254124.0,4766822.0,10048183,50,0,0,0,0,1000,1128,0.2673178,0.30181044,0,3395,563.49255,890.3599,792740.8,0,0,0,1,0,0,0,0,1,572.0303,180.51613,918.8,1000,0,0,0,0,0,0,31,5596,35,32158,29200,1482,6,32,35288.168,42554.406,170416,22817,9628614.0,1362037.0,10025088,5303634,BENIGN
3268,93704543,22,13,2986,6356,1305,0,135.72728,379.29337,2910,0,488.92307,897.6078,99.69634,0.37351444,2756016.0,16100000.0,93700000,1,93700000,4462117.5,20400000.0,93700000,1,93700000,7808708.0,27000000.0,93700000,3,0,0,0,0,728,408,0.2347805,0.13873394,0,2910,259.5,627.4246,393661.62,0,0,0,1,0,0,0,0,0,266.91428,135.72728,488.92307,728,0,0,0,0,0,0,22,2986,13,6356,65535,0,10,32,23118.0,0.0,23118,23118,93700000.0,0.0,93700000,93700000,BENIGN
80,99141643,5,7,373,11595,361,0,74.6,160.13057,4344,0,1656.4286,1760.5973,120.71618,0.12103894,9012877.0,29900000.0,99100000,2,99100000,24800000.0,49500000.0,99100000,2,99100000,16500000.0,40500000.0,99100000,16,0,0,0,0,144,232,0.050432894,0.07060605,0,4344,921.0769,1497.3855,2242163.2,1,0,0,0,0,0,0,0,1,997.8333,74.6,1656.4286,144,0,0,0,0,0,0,5,373,7,11595,0,235,2,20,14002.0,0.0,14002,14002,99100000.0,0.0,99100000,99100000,DoS Hulk
123,92501,1,1,48,48,48,48,48.0,0.0,48,48,48.0,0.0,1037.8267,21.621387,92501.0,0.0,92501,92501,0,0.0,0.0,0,0,0,0.0,0.0,0,0,0,0,0,0,32,32,10.810694,10.810694,48,48,48.0,0.0,0.0,0,0,0,0,0,0,0,0,1,72.0,48.0,48.0,32,0,0,0,0,0,0,1,48,1,48,-1,-1,0,32,0.0,0.0,0,0,0.0,0.0,0,0,BENIGN
80,100206826,7,7,295,11595,295,0,42.142857,111.49952,5792,0,1656.4286,2118.2273,118.654594,0.13971104,7708217.5,27400000.0,99000000,1,100000000,16700000.0,40400000.0,99000000,1,168513,28085.5,59773.55,149130,45,0,0,0,0,240,232,0.06985552,0.06985552,0,5792,792.6667,1621.0629,2627844.8,0,0,0,0,1,0,0,0,1,849.2857,42.142857,1656.4286,240,0,0,0,0,0,0,7,295,7,11595,274,235,1,32,3.0,0.0,3,3,99000000.0,0.0,99000000,99000000,DoS Hulk
53,146,2,2,98,162,49,49,49.0,0.0,81,81,81.0,0.0,1780821.9,27397.26,48.666668,79.096985,140,3,3,3.0,0.0,3,3,3,3.0,0.0,3,3,0,0,0,0,40,40,13698.63,13698.63,49,81,61.8,17.527122,307.2,0,0,0,0,0,0,0,0,1,77.25,49.0,81.0,40,0,0,0,0,0,0,2,98,2,162,-1,-1,1,20,0.0,0.0,0,0,0.0,0.0,0,0,BENIGN
80,11322895,5,5,482,3525,482,0,96.4,215.55695,2077,0,705.0,990.6447,353.88477,0.8831664,1258099.5,2517298.5,6321390,14,6324927,1581231.8,3161707.5,6323793,19,11300000,2830720.2,3312243.2,6321390,193,0,0,0,0,168,168,0.4415832,0.4415832,0,2077,364.27274,719.9525,518331.62,0,0,0,1,0,0,0,0,1,400.7,96.4,705.0,168,0,0,0,0,0,0,5,482,5,3525,29200,235,1,32,832.0,0.0,832,832,6321390.0,0.0,6321390,6321390,DoS GoldenEye
53,168,2,2,66,98,33,33,33.0,0.0,49,49,49.0,0.0,976190.5,23809.523,56.0,90.934044,161,3,3,3.0,0.0,3,3,4,4.0,0.0,4,4,0,0,0,0,64,64,11904.762,11904.762,33,49,39.4,8.763561,76.8,0,0,0,0,0,0,0,0,1,49.25,33.0,49.0,64,0,0,0,0,0,0,2,66,2,98,-1,-1,1,32,0.0,0.0,0,0,0.0,0.0,0,0,BENIGN
10025,11,1,1,0,6,0,0,0.0,0.0,6,6,6.0,0.0,545454.56,181818.19,11.0,0.0,11,11,0,0.0,0.0,0,0,0,0.0,0.0,0,0,0,0,0,0,40,20,90909.09,90909.09,0,6,2.0,3.4641016,12.0,0,0,0,1,0,0,0,0,1,3.0,0.0,6.0,40,0,0,0,0,0,0,1,0,1,6,29200,0,0,40,0.0,0.0,0,0,0.0,0.0,0,0,PortScan
17877,64,1,1,2,6,2,2,2.0,0.0,6,6,6.0,0.0,125000.0,31250.0,64.0,0.0,64,64,0,0.0,0.0,0,0,0,0.0,0.0,0,0,0,0,0,0,24,20,15625.0,15625.0,2,6,3.3333333,2.309401,5.3333335,0,0,0,1,0,0,0,0,1,5.0,2.0,6.0,24,0,0,0,0,0,0,1,2,1,6,1024,0,0,24,0.0,0.0,0,0,0.0,0.0,0,0,PortScan
55769,46,1,1,6,6,6,6,6.0,0.0,6,6,6.0,0.0,260869.56,43478.26,46.0,0.0,46,46,0,0.0,0.0,0,0,0,0.0,0.0,0,0,0,0,0,0,20,20,21739.13,21739.13,6,6,6.0,0.0,0.0,0,0,0,0,1,0,0,0,1,9.0,6.0,6.0,20,0,0,0,0,0,0,1,6,1,6,60,0,0,20,0.0,0.0,0,0,0.0,0.0,0,0,BENIGN
53,122466,2,2,78,138,39,39,39.0,0.0,69,69,69.0,0.0,1763.7549,32.66213,40822.0,70701.445,122461,1,1,1.0,0.0,1,1,4,4.0,0.0,4,4,0,0,0,0,40,64,16.331064,16.331064,39,69,51.0,16.431677,270.0,0,0,0,0,0,0,0,0,1,63.75,39.0,69.0,40,0,0,0,0,0,0,2,78,2,138,-1,-1,1,20,0.0,0.0,0,0,0.0,0.0,0,0,BENIGN
443,435586,9,7,589,2783,342,0,65.44444,121.89249,1448,0,397.57144,656.18695,7741.2954,36.73213,29039.066,49304.453,178593,3,409610,51201.25,62951.09,178593,192,407749,67958.164,101304.586,248611,3,0,0,0,0,296,232,20.661821,16.070305,0,1448,198.35294,445.70813,198655.75,0,0,0,1,0,0,0,0,0,210.75,65.44444,397.57144,296,0,0,0,0,0,0,9,589,7,2783,29200,4969,3,32,0.0,0.0,0,0,0.0,0.0,0,0,BENIGN
80,6730916,4,0,24,0,6,6,6.0,0.0,0,0,0.0,0.0,3.5656366,0.59427273,2243638.8,3885234.5,6729921,1,6730916,2243638.8,3885234.5,6729921,1,0,0.0,0.0,0,0,0,0,0,0,80,0,0.59427273,0.0,6,6,6.0,0.0,0.0,0,0,0,0,1,0,0,0,0,7.5,6.0,0.0,80,0,0,0,0,0,0,4,24,0,0,256,-1,3,20,995.0,0.0,995,995,6729921.0,0.0,6729921,6729921,DDoS
80,1407046,3,5,26,11607,20,0,8.666667,10.263203,5840,0,2321.4,3173.3738,8267.676,5.6856704,201006.58,531418.75,1406151,36,683,341.5,413.65747,634,49,1406954,351738.5,702941.7,1406151,47,0,0,0,0,72,112,2.1321266,3.553544,0,5840,1292.5555,2554.1592,6523729.5,0,0,0,1,0,0,0,0,1,1454.125,8.666667,2321.4,72,0,0,0,0,0,0,3,26,5,11607,8192,229,2,20,0.0,0.0,0,0,0.0,0.0,0,0,DDoS
53,30296,1,1,47,79,47,47,47.0,0.0,79,79,79.0,0.0,4158.965,66.01531,30296.0,0.0,30296,30296,0,0.0,0.0,0,0,0,0.0,0.0,0,0,0,0,0,0,32,32,33.007656,33.007656,47,79,57.666668,18.475208,341.33334,0,0,0,0,0,0,0,0,1,86.5,47.0,79.0,32,0,0,0,0,0,0,1,47,1,79,-1,-1,0,32,0.0,0.0,0,0,0.0,0.0,0,0,BENIGN
445,702,3,1,0,0,0,0,0.0,0.0,0,0,0.0,0.0,0.0,5698.006,234.0,380.42477,673,1,702,351.0,494.97476,701,1,0,0.0,0.0,0,0,0,0,0,0,104,40,4273.5044,1424.5015,0,0,0.0,0.0,0.0,0,0,0,1,0,0,0,0,0,0.0,0.0,0.0,104,0,0,0,0,0,0,3,0,1,0,29200,28960,0,32,0.0,0.0,0,0,0.0,0.0,0,0,PortScan
53,30820,1,1,58,186,58,58,58.0,0.0,186,186,186.0,0.0,7916.937,64.89293,30820.0,0.0,30820,30820,0,0.0,0.0,0,0,0,0.0,0.0,0,0,0,0,0,0,40,32,32.446465,32.446465,58,186,100.666664,73.90083,5461.3335,0,0,0,0,0,0,0,0,1,151.0,58.0,186.0,40,0,0,0,0,0,0,1,58,1,186,-1,-1,0,40,0.0,0.0,0,0,0.0,0.0,0,0,BENIGN
80,85411145,7,5,378,11595,378,0,54.0,142.87057,8688,0,2319.0,3633.797,140.18077,0.14049688,7764649.5,25700000.0,85300000,0,85300000,14200000.0,34800000.0,85300000,0,150478,37619.5,65984.41,136104,97,0,0,0,0,232,168,0.08195652,0.05854037,0,8688,921.0,2394.829,5735206.5,0,0,0,0,1,0,0,0,0,997.75,54.0,2319.0,232,0,0,0,0,0,0,7,378,5,11595,274,235,1,32,2.0,0.0,2,2,85300000.0,0.0,85300000,85300000,DoS Hulk
80,11003,3,1,18,0,6,6,6.0,0.0,0,0,0.0,0.0,1635.9175,363.53723,3667.6667,4699.4517,9006,155,11003,5501.5,4956.1113,9006,1997,0,0.0,0.0,0,0,0,0,0,0,60,32,272.65292,90.88431,0,6,4.8,2.6832817,7.2,1,0,0,0,0,0,0,0,0,6.0,6.0,0.0,60,0,0,0,0,0,0,3,18,1,0,0,235,2,20,0.0,0.0,0,0,0.0,0.0,0,0,DoS Hulk
80,98358777,6,6,383,11595,365,0,63.833332,147.5702,7240,0,1932.5,2848.0735,121.778656,0.12200233,8941707.0,29600000.0,98300000,1,98300000,19700000.0,43900000.0,98300000,1,98400000,19700000.0,43900000.0,98300000,90,0,0,0,0,164,200,0.061001167,0.061001167,0,7240,921.8461,2082.6848,4337576.5,1,0,0,0,0,0,0,0,1,998.6667,63.833332,1932.5,164,0,0,0,0,0,0,6,383,6,11595,0,235,3,20,11998.0,0.0,11998,11998,98300000.0,0.0,98300000,98300000,DoS Hulk
8008,48,1,1,2,6,2,2,2.0,0.0,6,6,6.0,0.0,166666.67,41666.668,48.0,0.0,48,48,0,0.0,0.0,0,0,0,0.0,0.0,0,0,0,0,0,0,24,20,20833.334,20833.334,2,6,3.3333333,2.309401,5.3333335,0,0,0,1,0,0,0,0,1,5.0,2.0,6.0,24,0,0,0,0,0,0,1,2,1,6,1024,0,0,24,0.0,0.0,0,0,0.0,0.0,0,0,PortScan
80,51880,3,5,26,11607,20,0,8.666667,10.263203,7215,0,2321.4,3327.7698,224228.98,154.20201,7411.4287,19100.717,50722,3,930,465.0,653.36664,927,3,51834,12958.5,25179.057,50722,4,0,0,0,0,72,112,57.825752,96.37625,0,7215,1292.5555,2650.5857,7025604.5,0,0,0,1,0,0,0,0,1,1454.125,8.666667,2321.4,72,0,0,0,0,0,0,3,26,5,11607,8192,229,2,20,0.0,0.0,0,0,0.0,0.0,0,0,DDoS
80,2073091,5,0,30,0,6,6,6.0,0.0,0,0,0.0,0.0,14.471145,2.4118574,518272.75,1035702.9,2071827,219,2073091,518272.75,1035702.9,2071827,219,0,0.0,0.0,0,0,0,0,0,0,100,0,2.4118574,0.0,6,6,6.0,0.0,0.0,0,0,0,0,1,0,0,0,0,7.2,6.0,0.0,100,0,0,0,0,0,0,5,30,0,0,256,-1,4,20,0.0,0.0,0,0,0.0,0.0,0,0,DDoS
80,99465654,8,6,396,11595,396,0,49.5,140.00714,4344,0,1932.5,1754.8314,120.55418,0.1407521,7651204.0,27500000.0,99300000,3,99300000,14200000.0,37500000.0,99300000,3,150453,30090.6,60646.71,138186,30,0,0,0,0,264,200,0.08042977,0.06032233,0,4344,799.4,1423.6702,2026836.9,0,0,0,0,1,0,0,0,0,856.5,49.5,1932.5,264,0,0,0,0,0,0,8,396,6,11595,274,235,1,32,1981.0,0.0,1981,1981,99300000.0,0.0,99300000,99300000,DoS Hulk
53,24248,2,2,64,256,32,32,32.0,0.0,128,128,128.0,0.0,13196.965,164.96205,8082.6665,13987.465,24234,4,4,4.0,0.0,4,4,10,10.0,0.0,10,10,0,0,0,0,40,40,82.481026,82.481026,32,128,70.4,52.581364,2764.8,0,0,0,0,0,0,0,0,1,88.0,32.0,128.0,40,0,0,0,0,0,0,2,64,2,256,-1,-1,1,20,0.0,0.0,0,0,0.0,0.0,0,0,BENIGN
12000,9,1,1,0,6,0,0,0.0,0.0,6,6,6.0,0.0,666666.7,222222.22,9.0,0.0,9,9,0,0.0,0.0,0,0,0,0.0,0.0,0,0,0,0,0,0,40,20,111111.11,111111.11,0,6,2.0,3.4641016,12.0,0,0,0,1,0,0,0,0,1,3.0,0.0,6.0,40,0,0,0,0,0,0,1,0,1,6,29200,0,0,40,0.0,0.0,0,0,0.0,0.0,0,0,PortScan
80,903727,3,6,26,11601,20,0,8.666667,10.263203,4380,0,1933.5,1757.7899,12865.611,9.958759,112965.875,317557.62,898875,33,4498,2249.0,2091.6218,3728,770,903654,180730.8,401459.38,898875,33,0,0,0,0,72,132,3.3195865,6.639173,0,4380,1162.7,1645.2418,2706820.5,0,0,0,1,0,0,0,0,2,1291.8889,8.666667,1933.5,72,0,0,0,0,0,0,3,26,6,11601,8192,229,2,20,0.0,0.0,0,0,0.0,0.0,0,0,DDoS
53,360,2,2,74,178,37,37,37.0,0.0,89,89,89.0,0.0,700000.0,11111.111,120.0,206.11404,358,1,1,1.0,0.0,1,1,1,1.0,0.0,1,1,0,0,0,0,64,64,5555.5557,5555.5557,37,89,57.8,28.481573,811.2,0,0,0,0,0,0,0,0,1,72.25,37.0,89.0,64,0,0,0,0,0,0,2,74,2,178,-1,-1,1,32,0.0,0.0,0,0,0.0,0.0,0,0,BENIGN
30951,90,1,1,2,6,2,2,2.0,0.0,6,6,6.0,0.0,88888.89,22222.223,90.0,0.0,90,90,0,0.0,0.0,0,0,0,0.0,0.0,0,0,0,0,0,0,24,20,11111.111,11111.111,2,6,3.3333333,2.309401,5.3333335,0,0,0,1,0,0,0,0,1,5.0,2.0,6.0,24,0,0,0,0,0,0,1,2,1,6,1024,0,0,24,0.0,0.0,0,0,0.0,0.0,0,0,PortScan
80,99233203,7,5,378,11595,378,0,54.0,142.87057,8688,0,2319.0,3776.347,120.65518,0.12092727,9021200.0,29900000.0,99200000,1,99200000,16500000.0,40500000.0,99200000,1,4960,1240.0,1502.8934,3303,61,0,0,0,0,232,168,0.070540905,0.05038636,0,8688,921.0,2467.2478,6087312.0,0,0,0,0,1,0,0,0,0,997.75,54.0,2319.0,232,0,0,0,0,0,0,7,378,5,11595,251,235,1,32,995.0,0.0,995,995,99200000.0,0.0,99200000,99200000,DoS Hulk
443,115799805,47,49,680,73637,333,0,14.468085,57.858093,4344,0,1502.7959,1248.6748,641.77136,0.8290169,1218945.4,3270296.0,10200000,1,116000000,2517387.0,4379500.5,10200000,2,113000000,2346983.5,4329847.0,10200000,2,0,0,0,0,1512,1576,0.40587288,0.42314407,0,4344,766.15466,1157.9794,1340916.2,0,0,0,1,0,0,0,0,1,774.13544,14.468085,1502.7959,1512,0,0,0,0,0,0,47,680,49,73637,29200,972,4,32,75965.82,123259.8,447608,38615,10200000.0,79632.89,10200000,10000000,BENIGN
80,1967114,5,0,30,0,6,6,6.0,0.0,0,0,0.0,0.0,15.250769,2.5417948,491778.5,982221.1,1965110,3,1967114,491778.5,982221.1,1965110,3,0,0.0,0.0,0,0,0,0,0,0,100,0,2.5417948,0.0,6,6,6.0,0.0,0.0,0,0,0,0,1,0,0,0,0,7.2,6.0,0.0,100,0,0,0,0,0,0,5,30,0,0,256,-1,4,20,0.0,0.0,0,0,0.0,0.0,0,0,DDoS
80,76572,3,6,26,11607,20,0,8.666667,10.263203,5840,0,1934.5,2538.9192,151922.38,117.53644,9571.5,26629.475,75474,8,930,465.0,381.83768,735,195,76496,15299.2,33640.902,75474,8,0,0,0,0,72,132,39.178814,78.35763,0,5840,1163.3,2138.329,4572451.5,0,0,0,1,0,0,0,0,2,1292.5555,8.666667,1934.5,72,0,0,0,0,0,0,3,26,6,11607,8192,229,2,20,0.0,0.0,0,0,0.0,0.0,0,0,DDoS
60132,38,1,1,0,0,0,0,0.0,0.0,0,0,0.0,0.0,0.0,52631.58,38.0,0.0,38,38,0,0.0,0.0,0,0,0,0.0,0.0,0,0,0,0,0,0,20,20,26315.79,26315.79,0,0,0.0,0.0,0.0,0,0,0,0,1,1,0,0,1,0.0,0.0,0.0,20,0,0,0,0,0,0,1,0,1,0,980,256,0,20,0.0,0.0,0,0,0.0,0.0,0,0,BENIGN
80,115652491,16,14,519,802,435,0,32.4375,107.360435,796,0,57.285713,212.6226,11.422149,0.25939777,3988017.0,4869519.5,10000000,99,116000000,7710166.0,4127573.0,10000000,175,110000000,8489363.0,3762229.0,10000000,711,0,0,0,0,332,424,0.13834548,0.1210523,0,796,42.612904,159.9051,25569.645,0,0,0,1,0,0,0,0,0,44.033333,32.4375,57.285713,332,0,0,0,0,0,0,16,519,14,802,8192,288,15,20,45013.184,69949.195,255914,23494,9987890.0,63699.316,10000000,9796757,BENIGN
80,1746880,3,5,26,11601,20,0,8.666667,10.263203,5840,0,2320.2,2436.833,6655.8667,4.579593,249554.28,654491.8,1733768,31,12738,6369.0,8352.346,12275,463,1746730,436682.5,864743.56,1733768,171,0,0,0,0,72,112,1.7173475,2.8622458,0,5840,1291.8889,2110.9507,4456113.0,0,0,0,1,0,0,0,0,1,1453.375,8.666667,2320.2,72,0,0,0,0,0,0,3,26,5,11601,8192,229,2,20,0.0,0.0,0,0,0.0,0.0,0,0,DDoS
80,5970655,3,1,0,0,0,0,0.0,0.0,0,0,0.0,0.0,0.0,0.6699433,1990218.4,3409383.0,5926954,21,5970655,2985327.5,4160088.0,5926954,43701,0,0.0,0.0,0,0,0,0,0,0,104,40,0.50245744,0.16748582,0,0,0.0,0.0,0.0,0,0,0,1,0,0,0,0,0,0.0,0.0,0.0,104,0,0,0,0,0,0,3,0,1,0,29200,14480,0,32,0.0,0.0,0,0,0.0,0.0,0,0,BENIGN
53,40717,4,4,116,180,29,29,29.0,0.0,45,45,45.0,0.0,7269.691,196.47813,5816.7144,15231.493,40358,0,40540,13513.333,23402.316,40536,0,40538,13512.667,23400.295,40533,2,0,0,0,0,80,80,98.23907,98.23907,29,45,36.11111,8.43274,71.111115,0,0,0,0,0,0,0,0,1,40.625,29.0,45.0,80,0,0,0,0,0,0,4,116,4,180,-1,-1,3,20,0.0,0.0,0,0,0.0,0.0,0,0,BENIGN
80,6696288,4,0,24,0,6,6,6.0,0.0,0,0,0.0,0.0,3.5840752,0.5973459,2232096.0,3865621.2,6695731,243,6696288,2232096.0,3865621.2,6695731,243,0,0.0,0.0,0,0,0,0,0,0,80,0,0.5973459,0.0,6,6,6.0,0.0,0.0,0,0,0,0,1,0,0,0,0,7.5,6.0,0.0,80,0,0,0,0,0,0,4,24,0,0,256,-1,3,20,557.0,0.0,557,557,6695731.0,0.0,6695731,6695731,DDoS
53,1049,2,2,74,106,37,37,37.0,0.0,53,53,53.0,0.0,171592.0,3813.1553,349.66666,600.4443,1043,3,3,3.0,0.0,3,3,3,3.0,0.0,3,3,0,0,0,0,40,64,1906.5776,1906.5776,37,53,43.4,8.763561,76.8,0,0,0,0,0,0,0,0,1,54.25,37.0,53.0,40,0,0,0,0,0,0,2,74,2,106,-1,-1,1,20,0.0,0.0,0,0,0.0,0.0,0,0,BENIGN
57316,56,1,1,0,0,0,0,0.0,0.0,0,0,0.0,0.0,0.0,35714.285,56.0,0.0,56,56,0,0.0,0.0,0,0,0,0.0,0.0,0,0,0,0,0,0,32,32,17857.143,17857.143,0,0,0.0,0.0,0.0,0,0,0,0,1,1,0,0,1,0.0,0.0,0.0,32,0,0,0,0,0,0,1,0,1,0,129,345,0,32,0.0,0.0,0,0,0.0,0.0,0,0,BENIGN
80,109977744,4,3,530,0,520,0,132.5,258.37634,0,0,0.0,0.0,4.8191566,0.063649245,18300000.0,44900000.0,110000000,89,110000000,36700000.0,63500000.0,110000000,661,110000000,55000000.0,77800000.0,110000000,5261,0,0,0,0,136,104,0.036370996,0.027278246,0,520,66.25,183.37608,33626.785,0,0,0,1,0,0,0,0,0,75.71429,132.5,0.0,136,0,0,0,0,0,0,4,530,3,0,29200,235,2,32,5356.0,0.0,5356,5356,110000000.0,0.0,110000000,110000000,DoS Slowhttptest
53,282,2,2,62,284,31,31,31.0,0.0,142,142,142.0,0.0,1226950.4,14184.397,94.0,120.76009,231,3,3,3.0,0.0,3,3,48,48.0,0.0,48,48,0,0,0,0,64,64,7092.1987,7092.1987,31,142,75.4,60.797203,3696.3,0,0,0,0,0,0,0,0,1,94.25,31.0,142.0,64,0,0,0,0,0,0,2,62,2,284,-1,-1,1,32,0.0,0.0,0,0,0.0,0.0,0,0,BENIGN
80,374263,3,6,26,11601,20,0,8.666667,10.263203,4380,0,1933.5,1757.7899,31066.389,24.04726,46782.875,127770.26,362875,21,10838,5419.0,7246.43,10543,295,374075,74815.0,161095.89,362875,21,0,0,0,0,72,132,8.015754,16.031507,0,4380,1162.7,1645.2418,2706820.5,0,0,0,1,0,0,0,0,2,1291.8889,8.666667,1933.5,72,0,0,0,0,0,0,3,26,6,11601,8192,229,2,20,0.0,0.0,0,0,0.0,0.0,0,0,DDoS
10617,95,1,1,2,6,2,2,2.0,0.0,6,6,6.0,0.0,84210.52,21052.63,95.0,0.0,95,95,0,0.0,0.0,0,0,0,0.0,0.0,0,0,0,0,0,0,24,20,10526.315,10526.315,2,6,3.3333333,2.309401,5.3333335,0,0,0,1,0,0,0,0,1,5.0,2.0,6.0,24,0,0,0,0,0,0,1,2,1,6,1024,0,0,24,0.0,0.0,0,0,0.0,0.0,0,0,PortScan
80,160856,3,5,26,11607,20,0,8.666667,10.263203,5840,0,2321.4,3173.3738,72319.34,49.733925,22979.428,60423.727,160007,4,625,312.5,413.65747,605,20,160764,40191.0,79877.73,160007,4,0,0,0,0,72,112,18.65022,31.083702,0,5840,1292.5555,2554.1592,6523729.5,0,0,0,1,0,0,0,0,1,1454.125,8.666667,2321.4,72,0,0,0,0,0,0,3,26,5,11607,8192,229,2,20,0.0,0.0,0,0,0.0,0.0,0,0,DDoS
80,84943059,8,6,399,11595,399,0,49.875,141.06781,4344,0,1932.5,1754.8314,141.20047,0.16481629,6534081.5,23500000.0,84800000,0,84800000,12100000.0,32000000.0,84800000,0,147542,29508.4,58306.555,133251,34,0,0,0,0,264,200,0.09418074,0.07063556,0,4344,799.6,1423.6097,2026664.5,0,0,0,0,1,0,0,0,0,856.7143,49.875,1932.5,264,0,0,0,0,0,0,8,399,6,11595,274,235,1,32,861.0,0.0,861,861,84800000.0,0.0,84800000,84800000,DoS Hulk
80,2172590,4,0,24,0,6,6,6.0,0.0,0,0,0.0,0.0,11.046723,1.8411205,724196.7,1253507.2,2171622,4,2172590,724196.7,1253507.2,2171622,4,0,0.0,0.0,0,0,0,0,0,0,80,0,1.8411205,0.0,6,6,6.0,0.0,0.0,0,0,0,0,1,0,0,0,0,7.5,6.0,0.0,80,0,0,0,0,0,0,4,24,0,0,256,-1,3,20,0.0,0.0,0,0,0.0,0.0,0,0,DDoS
53,30907,2,2,70,134,35,35,35.0,0.0,67,67,67.0,0.0,6600.4463,129.42052,10302.333,17838.969,30901,3,3,3.0,0.0,3,3,3,3.0,0.0,3,3,0,0,0,0,64,64,64.71026,64.71026,35,67,47.8,17.527122,307.2,0,0,0,0,0,0,0,0,1,59.75,35.0,67.0,64,0,0,0,0,0,0,2,70,2,134,-1,-1,1,32,0.0,0.0,0,0,0.0,0.0,0,0,BENIGN
80,85686082,4,6,368,11595,362,0,92.0,180.02222,5792,0,1932.5,2181.0083,139.61427,0.11670507,9520676.0,28500000.0,85500000,4,85600000,28500000.0,49400000.0,85500000,4,148476,29695.2,59241.98,135199,45,0,0,0,0,124,200,0.046682026,0.07002304,0,5792,1088.091,1824.8035,3329907.8,1,0,0,0,0,0,0,0,1,1196.9,92.0,1932.5,124,0,0,0,0,0,0,4,368,6,11595,0,235,1,20,0.0,0.0,0,0,85500000.0,0.0,85500000,85500000,DoS Hulk
443,436019,23,47,887,68021,405,0,38.565216,99.882126,2896,0,1447.2554,626.03796,158038.98,160.54346,6319.1157,22986.404,173964,1,436019,19819.045,38229.457,173964,1,229886,4997.522,16636.37,84555,49,0,0,0,0,748,1512,52.749996,107.793465,0,2896,970.5352,843.87103,712118.3,0,0,0,1,0,0,0,0,2,984.4,38.565216,1447.2554,748,0,0,0,0,0,0,23,887,47,68021,65535,122,6,32,0.0,0.0,0,0,0.0,0.0,0,0,BENIGN
80,20682513,2,1,8,0,8,0,4.0,5.656854,0,0,0.0,0.0,0.3868002,0.14505008,10300000.0,14600000.0,20700000,71,20700000,20700000.0,0.0,20700000,20700000,0,0.0,0.0,0,0,1,0,0,0,64,32,0.09670005,0.048350025,0,8,4.0,4.618802,21.333334,0,1,0,0,1,0,0,0,0,5.3333335,4.0,0.0,64,0,0,0,0,0,0,2,8,1,0,229,235,0,32,0.0,0.0,0,0,0.0,0.0,0,0,DoS slowloris
80,7551982,7,6,493,11632,493,0,70.42857,186.33649,4344,0,1938.6666,2184.3643,1605.5388,1.7214024,629331.8,1559081.0,4999830,36,2552152,425358.66,1040510.7,2549292,215,7551895,1510379.0,2241934.5,5001883,36,0,0,0,0,232,200,0.92690897,0.79449344,0,4344,866.0714,1667.5579,2780749.2,0,0,0,1,0,0,0,0,0,932.6923,70.42857,1938.6666,232,0,0,0,0,0,0,7,493,6,11632,29200,235,1,32,0.0,0.0,0,0,0.0,0.0,0,0,DoS GoldenEye
123,107232,1,1,48,48,48,48,48.0,0.0,48,48,48.0,0.0,895.2551,18.65115,107232.0,0.0,107232,107232,0,0.0,0.0,0,0,0,0.0,0.0,0,0,0,0,0,0,32,32,9.325575,9.325575,48,48,48.0,0.0,0.0,0,0,0,0,0,0,0,0,1,72.0,48.0,48.0,32,0,0,0,0,0,0,1,48,1,48,-1,-1,0,32,0.0,0.0,0,0,0.0,0.0,0,0,BENIGN
80,116647298,9,6,351,11595,351,0,39.0,117.0,4344,0,1932.5,1977.8129,102.411285,0.12859277,8331950.0,26900000.0,101000000,1,117000000,14600000.0,35200000.0,101000000,1,32602,6520.4,9235.416,20206,58,0,0,0,0,304,200,0.077155665,0.05143711,0,4344,746.625,1487.057,2211338.5,0,0,0,0,1,0,0,0,0,796.4,39.0,1932.5,304,0,0,0,0,0,0,9,351,6,11595,251,235,1,32,967.0,0.0,967,967,58300000.0,59800000.0,101000000,16000000,DoS Hulk
53,94129,2,2,70,222,35,35,35.0,0.0,111,111,111.0,0.0,3102.1257,42.494873,31376.334,54341.938,94125,0,0,0.0,0.0,0,0,4,4.0,0.0,4,4,0,0,0,0,80,64,21.247437,21.247437,35,111,65.4,41.626915,1732.8,0,0,0,0,0,0,0,0,1,81.75,35.0,111.0,80,0,0,0,0,0,0,2,70,2,222,-1,-1,1,40,0.0,0.0,0,0,0.0,0.0,0,0,BENIGN
80,101000015,2,2,16,0,8,8,8.0,0.0,0,0,0.0,0.0,0.15841582,0.039603956,33700000.0,58300000.0,101000000,55,101000000,101000000.0,0.0,101000000,101000000,101000000,101000000.0,0.0,101000000,101000000,1,0,0,0,64,64,0.019801976,0.019801976,0,8,4.8,4.3817806,19.2,0,1,0,0,1,0,0,0,1,6.0,8.0,0.0,64,0,0,0,0,0,0,2,16,2,0,229,235,1,32,55.0,0.0,55,55,101000000.0,0.0,101000000,101000000,DoS slowloris
443,20607605,3,0,37,0,37,0,12.333333,21.36196,0,0,0.0,0.0,1.7954537,0.14557733,10300000.0,14600000.0,20600000,18,20600000,10300000.0,14600000.0,20600000,18,0,0.0,0.0,0,0,0,0,0,0,96,0,0.14557733,0.0,0,37,9.25,18.5,342.25,0,0,0,0,1,0,0,0,0,12.333333,12.333333,0.0,96,0,0,0,0,0,0,3,37,0,0,65535,-1,1,32,0.0,0.0,0,0,20600000.0,0.0,20600000,20600000,BENIGN
80,47565542,56,56,4911,60463,1295,0,87.69643,301.06012,1460,0,1079.6964,628.4296,1374.3983,2.3546457,428518.4,1942551.6,10000000,1,41700000,757485.6,2618171.5,10000000,1,47600000,864554.1,2706577.5,10000000,1,0,0,0,0,1140,1132,1.1773229,1.1773229,0,1460,578.53094,698.19495,487476.2,0,0,0,1,0,0,0,0,1,583.6964,87.69643,1079.6964,1140,0,0,0,0,0,0,56,4911,56,60463,29200,38,55,20,410469.75,790914.2,1596841,14993,10000000.0,8043.33,10000000,10000000,BENIGN
1111,83,1,1,0,6,0,0,0.0,0.0,6,6,6.0,0.0,72289.16,24096.385,83.0,0.0,83,83,0,0.0,0.0,0,0,0,0.0,0.0,0,0,0,0,0,0,40,20,12048.192,12048.192,0,6,2.0,3.4641016,12.0,0,0,0,1,0,0,0,0,1,3.0,0.0,6.0,40,0,0,0,0,0,0,1,0,1,6,29200,0,0,40,0.0,0.0,0,0,0.0,0.0,0,0,PortScan
53,31025,1,1,46,126,46,46,46.0,0.0,126,126,126.0,0.0,5543.916,64.46414,31025.0,0.0,31025,31025,0,0.0,0.0,0,0,0,0.0,0.0,0,0,0,0,0,0,20,32,32.23207,32.23207,46,126,72.666664,46.188023,2133.3333,0,0,0,0,0,0,0,0,1,109.0,46.0,126.0,20,0,0,0,0,0,0,1,46,1,126,-1,-1,0,20,0.0,0.0,0,0,0.0,0.0,0,0,BENIGN
80,100005869,5,7,377,11595,365,0,75.4,161.91911,5792,0,1656.4286,2425.838,119.712975,0.11999296,9091443.0,30100000.0,99800000,6,99900000,25000000.0,49900000.0,99800000,1005,100000000,16700000.0,40800000.0,99900000,66,0,0,0,0,144,232,0.049997065,0.069995895,0,5792,921.38464,1906.3799,3634284.5,1,0,0,0,0,0,0,0,1,998.1667,75.4,1656.4286,144,0,0,0,0,0,0,5,377,7,11595,0,235,2,20,14018.0,0.0,14018,14018,99800000.0,0.0,99800000,99800000,DoS Hulk
52484,35,1,1,0,0,0,0,0.0,0.0,0,0,0.0,0.0,0.0,57142.855,35.0,0.0,35,35,0,0.0,0.0,0,0,0,0.0,0.0,0,0,0,0,0,0,32,32,28571.428,28571.428,0,0,0.0,0.0,0.0,0,0,0,0,1,1,0,0,1,0.0,0.0,0.0,32,0,0,0,0,0,0,1,0,1,0,59,296,0,32,0.0,0.0,0,0,0.0,0.0,0,0,BENIGN
53,54529,2,2,60,130,30,30,30.0,0.0,65,65,65.0,0.0,3484.3845,73.35546,18176.334,31439.04,54479,2,48,48.0,0.0,48,48,2,2.0,0.0,2,2,0,0,0,0,64,64,36.67773,36.67773,30,65,44.0,19.17029,367.5,0,0,0,0,0,0,0,0,1,55.0,30.0,65.0,64,0,0,0,0,0,0,2,60,2,130,-1,-1,1,32,0.0,0.0,0,0,0.0,0.0,0,0,BENIGN
80,5020607,8,6,279,11632,279,0,34.875,98.641396,4392,0,1938.6666,2190.7188,2372.4224,2.7885075,386200.53,1386820.6,5001795,32,18812,2687.4285,6282.906,16932,176,5020571,1004114.2,2235601.0,5003260,32,0,0,0,0,264,200,1.5934328,1.1950747,0,4392,794.06665,1629.341,2654752.0,0,0,0,1,0,0,0,0,0,850.7857,34.875,1938.6666,264,0,0,0,0,0,0,8,279,6,11632,29200,235,1,32,0.0,0.0,0,0,0.0,0.0,0,0,DoS GoldenEye
80,86772366,8,6,299,11595,299,0,37.375,105.71246,5792,0,1932.5,2181.0083,137.07129,0.16134168,6674797.5,24000000.0,86500000,1,86500000,12400000.0,32700000.0,86500000,1,227857,45571.4,98922.38,222487,45,0,0,0,0,264,200,0.09219525,0.06914644,0,5792,792.93335,1622.3787,2632112.2,0,0,0,0,1,0,0,0,0,849.5714,37.375,1932.5,264,0,0,0,0,0,0,8,299,6,11595,274,235,1,32,990.0,0.0,990,990,86500000.0,0.0,86500000,86500000,DoS Hulk
80,61414,4,4,26,11601,20,0,6.5,9.433981,7300,6,2900.25,3152.4097,189321.66,130.26346,8773.429,19111.627,51483,7,8952,2984.0,5129.4917,8907,7,52339,17446.334,29477.637,51483,183,0,0,0,0,104,80,65.13173,65.13173,0,7300,1291.8889,2460.653,6054813.0,0,0,0,1,1,0,0,0,1,1453.375,6.5,2900.25,104,0,0,0,0,0,0,4,26,4,11601,29200,229,2,20,0.0,0.0,0,0,0.0,0.0,0,0,DDoS
524,35,1,1,2,6,2,2,2.0,0.0,6,6,6.0,0.0,228571.42,57142.855,35.0,0.0,35,35,0,0.0,0.0,0,0,0,0.0,0.0,0,0,0,0,0,0,24,20,28571.428,28571.428,2,6,3.3333333,2.309401,5.3333335,0,0,0,1,0,0,0,0,1,5.0,2.0,6.0,24,0,0,0,0,0,0,1,2,1,6,1024,0,0,24,0.0,0.0,0,0,0.0,0.0,0,0,PortScan
49157,62,1,1,2,6,2,2,2.0,0.0,6,6,6.0,0.0,129032.26,32258.064,62.0,0.0,62,62,0,0.0,0.0,0,0,0,0.0,0.0,0,0,0,0,0,0,24,20,16129.032,16129.032,2,6,3.3333333,2.309401,5.3333335,0,0,0,1,0,0,0,0,1,5.0,2.0,6.0,24,0,0,0,0,0,0,1,2,1,6,1024,0,0,24,0.0,0.0,0,0,0.0,0.0,0,0,PortScan
80,98670852,9,7,336,11595,336,0,37.333332,112.0,4344,0,1656.4286,1547.7377,120.91717,0.16215529,6578057.0,25500000.0,98600000,1,98700000,12300000.0,34900000.0,98600000,1,22573,3762.1667,5681.786,12023,34,0,0,0,0,296,232,0.09121235,0.07094294,0,4344,701.82355,1257.9418,1582417.5,0,0,0,0,1,0,0,0,0,745.6875,37.333332,1656.4286,296,0,0,0,0,0,0,9,336,7,11595,274,235,1,32,1000.0,0.0,1000,1000,98600000.0,0.0,98600000,98600000,DoS Hulk
80,10481724,5,0,30,0,6,6,6.0,0.0,0,0,0.0,0.0,2.8621247,0.47702077,2620431.0,5239914.5,10500000,339,10500000,2620431.0,5239914.5,10500000,339,0,0.0,0.0,0,0,0,0,0,0,100,0,0.47702077,0.0,6,6,6.0,0.0,0.0,0,0,0,0,1,0,0,0,0,7.2,6.0,0.0,100,0,0,0,0,0,0,5,30,0,0,256,-1,4,20,1421.0,0.0,1421,1421,10500000.0,0.0,10500000,10500000,DDoS
80,21461,3,6,326,11595,326,0,108.666664,188.21619,4344,0,1932.5,1754.8314,555472.7,419.36536,2682.625,4844.8003,11135,4,10008,5004.0,7071.068,10004,4,21348,4269.6,5745.0493,11135,16,0,0,0,0,104,200,139.78845,279.5769,0,4344,1192.1,1622.7466,2633306.2,0,0,0,1,0,0,0,0,2,1324.5555,108.666664,1932.5,104,0,0,0,0,0,0,3,326,6,11595,29200,235,1,32,0.0,0.0,0,0,0.0,0.0,0,0,DoS Hulk
80,98449699,6,7,410,11595,392,0,68.333336,158.59088,4344,0,1656.4286,1760.5973,121.940445,0.13204713,8204141.5,28400000.0,98300000,4,98300000,19700000.0,43900000.0,98300000,4,98400000,16400000.0,40100000.0,98300000,14,0,0,0,0,164,232,0.06094483,0.0711023,0,4344,857.9286,1458.4958,2127210.2,1,0,0,0,0,0,0,0,1,923.9231,68.333336,1656.4286,164,0,0,0,0,0,0,6,410,7,11595,0,235,3,20,24027.0,0.0,24027,24027,98300000.0,0.0,98300000,98300000,DoS Hulk
80,98472680,7,6,306,11595,306,0,43.714287,115.65713,5792,0,1932.5,2181.0083,120.85586,0.13201632,8206056.5,28400000.0,98500000,0,98500000,16400000.0,40200000.0,98500000,0,6285,1257.0,2553.3503,5823,46,0,0,0,0,232,200,0.07108571,0.060930606,0,5792,850.0714,1667.9849,2782173.5,0,0,0,0,1,0,0,0,0,915.46155,43.714287,1932.5,232,0,0,0,0,0,0,7,306,6,11595,274,235,1,32,987.0,0.0,987,987,98500000.0,0.0,98500000,98500000,DoS Hulk
80,100928771,7,6,738,11595,369,0,105.42857,180.05356,5792,0,1932.5,2179.547,122.19509,0.12880372,8410731.0,29000000.0,101000000,1,101000000,16800000.0,41000000.0,101000000,1,349526,69905.2,98447.68,207966,19,0,0,0,0,232,200,0.069355845,0.059447866,0,5792,880.9286,1654.0695,2735945.8,0,0,0,0,1,0,0,0,0,948.6923,105.42857,1932.5,232,0,0,0,0,0,0,7,738,6,11595,274,235,2,32,6.0,0.0,6,6,101000000.0,0.0,101000000,101000000,DoS Hulk
80,99040686,9,6,319,11595,319,0,35.444443,106.333336,5792,0,1932.5,2181.0083,120.294,0.15145291,7074334.5,26500000.0,99000000,1,99000000,12400000.0,35000000.0,99000000,1,22400,4480.0,6048.074,12104,46,0,0,0,0,296,200,0.090871744,0.060581163,0,5792,744.625,1579.4856,2494774.8,0,0,0,0,1,0,0,0,0,794.26666,35.444443,1932.5,296,0,0,0,0,0,0,9,319,6,11595,274,235,1,32,1003.0,0.0,1003,1003,99000000.0,0.0,99000000,99000000,DoS Hulk
53,170,2,2,100,132,50,50,50.0,0.0,66,66,66.0,0.0,1364705.9,23529.412,56.666668,57.882065,118,3,3,3.0,0.0,3,3,49,49.0,0.0,49,49,0,0,0,0,40,40,11764.706,11764.706,50,66,56.4,8.763561,76.8,0,0,0,0,0,0,0,0,1,70.5,50.0,66.0,40,0,0,0,0,0,0,2,100,2,132,-1,-1,1,20,0.0,0.0,0,0,0.0,0.0,0,0,BENIGN
80,10306768,4,5,403,3525,403,0,100.75,201.5,2077,0,705.0,990.6447,381.1088,0.87321264,1288346.0,2383440.5,5301587,17,5313045,1771015.0,3066754.5,5312198,229,10300000,2576687.8,2977159.2,5301587,192,0,0,0,0,136,168,0.3880945,0.48511812,0,2077,392.8,747.5979,558902.6,0,0,0,1,0,0,0,0,1,436.44446,100.75,705.0,136,0,0,0,0,0,0,4,403,5,3525,29200,235,1,32,902.0,0.0,902,902,5301587.0,0.0,5301587,5301587,DoS GoldenEye
2160,21,1,1,0,6,0,0,0.0,0.0,6,6,6.0,0.0,285714.28,95238.09,21.0,0.0,21,21,0,0.0,0.0,0,0,0,0.0,0.0,0,0,0,0,0,0,40,20,47619.047,47619.047,0,6,2.0,3.4641016,12.0,0,0,0,1,0,0,0,0,1,3.0,0.0,6.0,40,0,0,0,0,0,0,1,0,1,6,29200,0,0,40,0.0,0.0,0,0,0.0,0.0,0,0,PortScan
5566,80,1,1,0,6,0,0,0.0,0.0,6,6,6.0,0.0,75000.0,25000.0,80.0,0.0,80,80,0,0.0,0.0,0,0,0,0.0,0.0,0,0,0,0,0,0,40,20,12500.0,12500.0,0,6,2.0,3.4641016,12.0,0,0,0,1,0,0,0,0,1,3.0,0.0,6.0,40,0,0,0,0,0,0,1,0,1,6,29200,0,0,40,0.0,0.0,0,0,0.0,0.0,0,0,PortScan
53,195,2,2,74,154,37,37,37.0,0.0,77,77,77.0,0.0,1169230.8,20512.82,65.0,106.5223,188,3,4,4.0,0.0,4,4,3,3.0,0.0,3,3,0,0,0,0,64,64,10256.41,10256.41,37,77,53.0,21.908903,480.0,0,0,0,0,0,0,0,0,1,66.25,37.0,77.0,64,0,0,0,0,0,0,2,74,2,154,-1,-1,1,32,0.0,0.0,0,0,0.0,0.0,0,0,BENIGN
80,62118,3,5,26,11607,20,0,8.666667,10.263203,10135,0,2321.4,4413.202,187272.61,128.78714,8874.0,23064.078,61176,4,670,335.0,439.8204,646,24,62103,15525.75,30435.043,61176,4,0,0,0,0,72,112,48.29518,80.49197,0,10135,1292.5555,3350.635,11200000.0,0,0,0,1,0,0,0,0,1,1454.125,8.666667,2321.4,72,0,0,0,0,0,0,3,26,5,11607,8192,229,2,20,0.0,0.0,0,0,0.0,0.0,0,0,DDoS
45556,3,1,1,0,0,0,0,0.0,0.0,0,0,0.0,0.0,0.0,666666.7,3.0,0.0,3,3,0,0.0,0.0,0,0,0,0.0,0.0,0,0,0,0,0,0,32,32,333333.34,333333.34,0,0,0.0,0.0,0.0,0,0,0,0,1,1,0,0,1,0.0,0.0,0.0,32,0,0,0,0,0,0,1,0,1,0,359,339,0,32,0.0,0.0,0,0,0.0,0.0,0,0,BENIGN
53,235,2,2,70,262,35,35,35.0,0.0,131,131,131.0,0.0,1412766.0,17021.277,78.333336,52.538876,139,48,48,48.0,0.0,48,48,48,48.0,0.0,48,48,0,0,0,0,40,40,8510.639,8510.639,35,131,73.4,52.581364,2764.8,0,0,0,0,0,0,0,0,1,91.75,35.0,131.0,40,0,0,0,0,0,0,2,70,2,262,-1,-1,1,20,0.0,0.0,0,0,0.0,0.0,0,0,BENIGN
80,73806705,8,5,56,11601,20,0,7.0,5.656854,4380,0,2320.2,2207.3413,157.93958,0.17613576,6150559.0,20900000.0,72400000,0,72500000,10400000.0,27400000.0,72400000,0,1313660,328415.0,641268.9,1290182,188,0,0,0,0,172,112,0.10839123,0.06774452,0,4380,833.0714,1679.9863,2822354.0,0,0,0,0,1,0,0,0,0,897.1539,7.0,2320.2,172,0,0,0,0,0,0,8,56,5,11601,256,229,6,20,61030.0,0.0,61030,61030,72400000.0,0.0,72400000,72400000,DDoS
80,99887702,8,6,310,11595,304,0,38.75,107.19775,7240,0,1932.5,2695.6392,119.18384,0.14015739,7683669.5,27700000.0,99800000,1,99800000,14300000.0,37700000.0,99800000,1,69495,13899.0,25081.445,57936,70,0,0,0,0,252,200,0.08008994,0.060067456,0,7240,793.6667,1878.1362,3527395.8,0,0,0,0,1,0,0,0,0,850.3571,38.75,1932.5,252,0,0,0,0,0,0,8,310,6,11595,274,235,2,20,1992.0,0.0,1992,1992,99800000.0,0.0,99800000,99800000,DoS Hulk
1007,52,1,1,2,6,2,2,2.0,0.0,6,6,6.0,0.0,153846.16,38461.54,52.0,0.0,52,52,0,0.0,0.0,0,0,0,0.0,0.0,0,0,0,0,0,0,24,20,19230.77,19230.77,2,6,3.3333333,2.309401,5.3333335,0,0,0,1,0,0,0,0,1,5.0,2.0,6.0,24,0,0,0,0,0,0,1,2,1,6,1024,0,0,24,0.0,0.0,0,0,0.0,0.0,0,0,PortScan
80,85643304,6,5,330,11595,312,0,55.0,125.93808,8688,0,2319.0,3776.347,139.24031,0.1284397,8564330.0,27000000.0,85400000,1,85500000,17100000.0,38200000.0,85400000,1,85600000,21400000.0,42700000.0,85500000,188,0,0,0,0,164,168,0.07005802,0.05838168,0,8688,994.25,2561.3755,6560644.0,1,0,0,0,0,0,0,0,0,1084.6364,55.0,2319.0,164,0,0,0,0,0,0,6,330,5,11595,0,235,3,20,14025.0,0.0,14025,14025,85400000.0,0.0,85400000,85400000,DoS Hulk
80,84335463,8,5,376,11595,370,0,47.0,130.5286,7240,0,2319.0,3001.845,141.94504,0.1541463,7027955.0,24300000.0,84200000,0,84200000,12000000.0,31800000.0,84200000,0,149758,37439.5,66824.95,137326,193,0,0,0,0,252,168,0.094859265,0.05928704,0,7240,855.0714,2015.9741,4064151.8,0,0,0,0,1,0,0,0,0,920.8461,47.0,2319.0,252,0,0,0,0,0,0,8,376,5,11595,274,235,2,20,1985.0,0.0,1985,1985,84200000.0,0.0,84200000,84200000,DoS Hulk
1138,57,1,1,2,6,2,2,2.0,0.0,6,6,6.0,0.0,140350.88,35087.72,57.0,0.0,57,57,0,0.0,0.0,0,0,0,0.0,0.0,0,0,0,0,0,0,24,20,17543.86,17543.86,2,6,3.3333333,2.309401,5.3333335,0,0,0,1,0,0,0,0,1,5.0,2.0,6.0,24,0,0,0,0,0,0,1,2,1,6,1024,0,0,24,0.0,0.0,0,0,0.0,0.0,0,0,PortScan
80,100080802,6,7,380,11595,362,0,63.333332,146.3457,5792,0,1656.4286,2120.7322,119.65332,0.12989505,8340067.0,28800000.0,100000000,1,100000000,20000000.0,44700000.0,100000000,1,100000000,16700000.0,40800000.0,100000000,45,0,0,0,0,164,232,0.05995156,0.06994349,0,5792,855.7857,1665.7024,2774564.8,1,0,0,0,0,0,0,0,1,921.61536,63.333332,1656.4286,164,0,0,0,0,0,0,6,380,7,11595,0,235,3,20,10017.0,0.0,10017,10017,100000000.0,0.0,100000000,100000000,DoS Hulk
1039,50,1,1,0,6,0,0,0.0,0.0,6,6,6.0,0.0,120000.0,40000.0,50.0,0.0,50,50,0,0.0,0.0,0,0,0,0.0,0.0,0,0,0,0,0,0,40,20,20000.0,20000.0,0,6,2.0,3.4641016,12.0,0,0,0,1,0,0,0,0,1,3.0,0.0,6.0,40,0,0,0,0,0,0,1,0,1,6,29200,0,0,40,0.0,0.0,0,0,0.0,0.0,0,0,PortScan
443,20792750,14,13,822,9626,506,0,58.714287,141.35304,1448,0,740.46155,689.3032,502.48285,1.2985295,799721.1,2336739.5,10100000,2,20800000,1599428.1,3171439.0,10100000,220,20700000,1725611.1,3303907.0,10200000,49,0,0,0,0,456,424,0.6733116,0.6252179,0,1448,373.14285,584.95856,342176.5,0,0,0,1,0,0,0,0,0,386.96295,58.714287,740.46155,456,0,0,0,0,0,0,14,822,13,9626,29200,122,3,32,273093.5,263593.16,459482,86705,7699818.0,3439511.8,10100000,5267716,BENIGN
64846,4,2,0,0,0,0,0,0.0,0.0,0,0,0.0,0.0,0.0,500000.0,4.0,0.0,4,4,4,4.0,0.0,4,4,0,0.0,0.0,0,0,0,0,0,0,64,0,500000.0,0.0,0,0,0.0,0.0,0.0,0,0,0,0,1,0,0,0,0,0.0,0.0,0.0,64,0,0,0,0,0,0,2,0,0,0,179,-1,0,32,0.0,0.0,0,0,0.0,0.0,0,0,BENIGN
80,240170,3,6,26,11607,20,0,8.666667,10.263203,5840,0,1934.5,2538.9192,48436.523,37.473457,30021.25,84561.68,239300,2,765,382.5,473.05444,717,48,240123,48024.6,106926.62,239300,2,0,0,0,0,72,132,12.491152,24.982304,0,5840,1163.3,2138.329,4572451.5,0,0,0,1,0,0,0,0,2,1292.5555,8.666667,1934.5,72,0,0,0,0,0,0,3,26,6,11607,8192,229,2,20,0.0,0.0,0,0,0.0,0.0,0,0,DDoS
80,1347554,5,6,706,11595,353,0,141.2,193.34607,4344,0,1932.5,1754.8314,9128.392,8.162938,134755.4,311585.78,999005,4,1231035,307758.75,470103.9,999005,4,348510,69702.0,103746.336,232027,16,0,0,0,0,176,200,3.7104263,4.452512,0,4344,1025.0834,1520.8901,2313106.8,0,0,0,1,0,0,0,0,1,1118.2727,141.2,1932.5,176,0,0,0,0,0,0,5,706,6,11595,29200,235,2,32,0.0,0.0,0,0,0.0,0.0,0,0,DoS Hulk
80,71129358,8,5,56,11607,20,0,7.0,5.656854,7215,0,2321.4,3327.7698,163.96886,0.1827656,5927446.5,20000000.0,69300000,1,70400000,10100000.0,26100000.0,69300000,1,747349,186837.25,372968.03,746289,13,0,0,0,0,172,112,0.11247114,0.07029446,0,7215,833.5,2175.3025,4731941.5,0,0,0,0,1,0,0,0,0,897.61536,7.0,2321.4,172,0,0,0,0,0,0,8,56,5,11607,256,229,6,20,1045157.0,0.0,1045157,1045157,69300000.0,0.0,69300000,69300000,DDoS
54723,81,1,1,0,0,0,0,0.0,0.0,0,0,0.0,0.0,0.0,24691.357,81.0,0.0,81,81,0,0.0,0.0,0,0,0,0.0,0.0,0,0,0,0,0,0,32,32,12345.679,12345.679,0,0,0.0,0.0,0.0,0,0,0,0,1,1,0,0,1,0.0,0.0,0.0,32,0,0,0,0,0,0,1,0,1,0,122,33304,0,32,0.0,0.0,0,0,0.0,0.0,0,0,BENIGN
80,1880740,3,5,26,11607,20,0,8.666667,10.263203,7215,0,2321.4,3327.7698,6185.3315,4.253645,268677.16,710566.3,1880090,4,479,239.5,269.40768,430,49,1880692,470173.0,939944.7,1880090,4,0,0,0,0,72,112,1.5951169,2.658528,0,7215,1292.5555,2650.5857,7025604.5,0,0,0,1,0,0,0,0,1,1454.125,8.666667,2321.4,72,0,0,0,0,0,0,3,26,5,11607,8192,229,2,20,0.0,0.0,0,0,0.0,0.0,0,0,DDoS
80,80622630,8,5,56,11607,20,0,7.0,5.656854,7215,0,2321.4,3327.7698,144.66162,0.16124505,6718552.5,22000000.0,76600000,1,80600000,11500000.0,28700000.0,76600000,1,27550,6887.5,13018.681,26405,4,0,0,0,0,172,112,0.09922773,0.062017325,0,7215,833.5,2175.3025,4731941.5,0,0,0,0,1,0,0,0,0,897.61536,7.0,2321.4,172,0,0,0,0,0,0,8,56,5,11607,256,229,6,20,4004732.0,0.0,4004732,4004732,76600000.0,0.0,76600000,76600000,DDoS
443,770640,11,11,5653,5534,5114,0,513.9091,1529.0255,1460,2,503.0909,671.8012,14516.506,28.5477,36697.145,62703.812,253344,1,683945,68394.5,77377.74,253344,1,684061,68406.1,111018.61,343208,1,0,0,0,0,240,224,14.27385,14.27385,0,5114,486.3913,1130.9757,1279106.0,0,0,0,1,0,0,0,0,1,508.5,513.9091,503.0909,240,0,0,0,0,0,0,11,5653,11,5534,29200,40958,10,20,0.0,0.0,0,0,0.0,0.0,0,0,BENIGN
60398,69,2,1,0,0,0,0,0.0,0.0,0,0,0.0,0.0,0.0,43478.26,34.5,43.133514,65,4,4,4.0,0.0,4,4,0,0.0,0.0,0,0,0,0,0,0,64,32,28985.508,14492.754,0,0,0.0,0.0,0.0,0,0,0,0,1,1,0,0,0,0.0,0.0,0.0,64,0,0,0,0,0,0,2,0,1,0,122,33304,0,32,0.0,0.0,0,0,0.0,0.0,0,0,BENIGN
53,30984,1,1,61,77,61,61,61.0,0.0,77,77,77.0,0.0,4453.9116,64.549446,30984.0,0.0,30984,30984,0,0.0,0.0,0,0,0,0.0,0.0,0,0,0,0,0,0,32,32,32.274723,32.274723,61,77,66.333336,9.237604,85.333336,0,0,0,0,0,0,0,0,1,99.5,61.0,77.0,32,0,0,0,0,0,0,1,61,1,77,-1,-1,0,32,0.0,0.0,0,0,0.0,0.0,0,0,BENIGN
55056,69,1,1,2,6,2,2,2.0,0.0,6,6,6.0,0.0,115942.03,28985.508,69.0,0.0,69,69,0,0.0,0.0,0,0,0,0.0,0.0,0,0,0,0,0,0,24,20,14492.754,14492.754,2,6,3.3333333,2.309401,5.3333335,0,0,0,1,0,0,0,0,1,5.0,2.0,6.0,24,0,0,0,0,0,0,1,2,1,6,1024,0,0,24,0.0,0.0,0,0,0.0,0.0,0,0,PortScan
80,365833,3,6,26,11601,20,0,8.666667,10.263203,4380,0,1933.5,1757.7899,31782.262,24.601389,45729.125,113794.48,325228,17,40212,20106.0,28179.62,40032,180,365803,73160.6,141982.8,325228,17,0,0,0,0,72,132,8.200463,16.400927,0,4380,1162.7,1645.2418,2706820.5,0,0,0,1,0,0,0,0,2,1291.8889,8.666667,1933.5,72,0,0,0,0,0,0,3,26,6,11601,8192,229,2,20,0.0,0.0,0,0,0.0,0.0,0,0,DDoS
80,98646714,5,7,369,11595,357,0,73.8,158.34204,4344,0,1656.4286,1760.5973,121.28128,0.12164622,8967883.0,29700000.0,98500000,4,98500000,24600000.0,49200000.0,98500000,4,98600000,16400000.0,40200000.0,98500000,47,0,0,0,0,144,232,0.050685927,0.0709603,0,4344,920.7692,1497.5105,2242537.8,1,0,0,0,0,0,0,0,1,997.5,73.8,1656.4286,144,0,0,0,0,0,0,5,369,7,11595,0,235,2,20,16990.0,0.0,16990,16990,98500000.0,0.0,98500000,98500000,DoS Hulk
80,81781811,8,5,56,11607,20,0,7.0,5.656854,10135,0,2321.4,4413.202,142.61118,0.15895955,6815151.0,22200000.0,77200000,3,80700000,11500000.0,29000000.0,77200000,3,1075382,268845.5,536935.8,1074249,4,0,0,0,0,172,112,0.097821265,0.061138287,0,10135,833.5,2705.0442,7317264.5,0,0,0,0,1,0,0,0,0,897.61536,7.0,2321.4,172,0,0,0,0,0,0,8,56,5,11607,256,229,6,20,3533816.0,0.0,3533816,3533816,77200000.0,0.0,77200000,77200000,DDoS
53,222,2,2,64,158,32,32,32.0,0.0,79,79,79.0,0.0,1000000.0,18018.018,74.0,87.93179,172,2,2,2.0,0.0,2,2,48,48.0,0.0,48,48,0,0,0,0,64,64,9009.009,9009.009,32,79,50.8,25.74296,662.7,0,0,0,0,0,0,0,0,1,63.5,32.0,79.0,64,0,0,0,0,0,0,2,64,2,158,-1,-1,1,32,0.0,0.0,0,0,0.0,0.0,0,0,BENIGN
80,85817763,10,7,299,11595,299,0,29.9,94.5521,5792,0,1656.4286,2119.4802,138.59601,0.19809419,5363610.0,21200000.0,84800000,0,85800000,9535253.0,28200000.0,84800000,0,1822,303.66666,520.48846,1355,2,0,0,0,0,336,232,0.11652599,0.0815682,0,5792,660.7778,1502.7343,2258210.2,0,0,0,0,1,0,0,0,0,699.64703,29.9,1656.4286,336,0,0,0,0,0,0,10,299,7,11595,251,235,1,32,1002.0,0.0,1002,1002,84800000.0,0.0,84800000,84800000,DoS Hulk
80,23202,1,1,0,0,0,0,0.0,0.0,0,0,0.0,0.0,0.0,86.19946,23202.0,0.0,23202,23202,0,0.0,0.0,0,0,0,0.0,0.0,0,0,0,0,0,0,32,32,43.09973,43.09973,0,0,0.0,0.0,0.0,0,0,0,0,1,1,0,0,1,0.0,0.0,0.0,32,0,0,0,0,0,0,1,0,1,0,290,972,0,32,0.0,0.0,0,0,0.0,0.0,0,0,BENIGN
80,968599,21,55,461,98705,461,0,21.952381,100.59845,2896,0,1794.6364,733.9895,102380.86,78.463844,12914.653,47282.71,190948,0,968599,48429.95,83755.375,191805,1,774236,14337.704,50321.4,194123,1,0,0,0,0,684,1768,21.6808,56.783043,0,2896,1287.8701,1017.80963,1035936.4,0,0,0,1,0,0,0,0,2,1304.8158,21.952381,1794.6364,684,0,0,0,0,0,0,21,461,55,98705,65535,509,1,32,0.0,0.0,0,0,0.0,0.0,0,0,BENIGN
21,533,1,2,6,12,6,6,6.0,0.0,6,6,6.0,0.0,33771.105,5628.518,266.5,307.59146,484,49,0,0.0,0.0,0,0,49,49.0,0.0,49,49,0,0,0,0,20,40,1876.1726,3752.3452,6,6,6.0,0.0,0.0,0,0,0,0,1,1,0,0,2,8.0,6.0,6.0,20,0,0,0,0,0,0,1,6,2,12,255,229,0,20,0.0,0.0,0,0,0.0,0.0,0,0,BENIGN
53,141,2,2,76,236,38,38,38.0,0.0,118,118,118.0,0.0,2212766.0,28368.795,47.0,76.210236,135,3,3,3.0,0.0,3,3,3,3.0,0.0,3,3,0,0,0,0,40,64,14184.397,14184.397,38,118,70.0,43.817806,1920.0,0,0,0,0,0,0,0,0,1,87.5,38.0,118.0,40,0,0,0,0,0,0,2,76,2,236,-1,-1,1,20,0.0,0.0,0,0,0.0,0.0,0,0,BENIGN
80,44279722,5,0,30,0,6,6,6.0,0.0,0,0,0.0,0.0,0.67751104,0.1129185,11100000.0,22100000.0,44300000,1,44300000,11100000.0,22100000.0,44300000,1,0,0.0,0.0,0,0,0,0,0,0,100,0,0.1129185,0.0,6,6,6.0,0.0,0.0,0,0,0,0,1,0,0,0,0,7.2,6.0,0.0,100,0,0,0,0,0,0,5,30,0,0,256,-1,4,20,965.0,0.0,965,965,44300000.0,0.0,44300000,44300000,DDoS
80,23782,3,2,18,11,6,6,6.0,0.0,11,0,5.5,7.7781744,1219.4097,210.24304,5945.5,10890.705,22266,122,1516,758.0,762.2611,1297,219,23660,23660.0,0.0,23660,23660,0,0,0,0,60,64,126.14583,84.09721,0,11,5.8333335,3.488075,12.166667,1,0,0,0,0,0,0,0,0,7.0,6.0,5.5,60,0,0,0,0,0,0,3,18,2,11,0,235,2,20,0.0,0.0,0,0,0.0,0.0,0,0,DoS Hulk
80,60595964,2,0,0,0,0,0,0.0,0.0,0,0,0.0,0.0,0.0,0.0330055,60600000.0,0.0,60600000,60600000,60600000,60600000.0,0.0,60600000,60600000,0,0.0,0.0,0,0,0,0,0,0,64,0,0.0330055,0.0,0,0,0.0,0.0,0.0,0,0,0,0,1,0,0,0,0,0.0,0.0,0.0,64,0,0,0,0,0,0,2,0,0,0,410,-1,0,32,0.0,0.0,0,0,60600000.0,0.0,60600000,60600000,DoS GoldenEye
80,349428,4,5,632,11595,316,0,158.0,182.44269,7240,0,2319.0,3331.6382,34991.473,25.756378,43678.5,79809.414,204935,5,215947,71982.336,115271.72,204935,5,349207,87301.75,106167.09,215792,84,0,0,0,0,136,168,11.44728,14.309099,0,7240,1222.7,2506.3877,6281979.5,0,0,0,1,0,0,0,0,1,1358.5555,158.0,2319.0,136,0,0,0,0,0,0,4,632,5,11595,29200,235,2,32,0.0,0.0,0,0,0.0,0.0,0,0,DoS Hulk
80,1380686,3,6,26,11607,20,0,8.666667,10.263203,5755,0,1934.5,2529.1245,8425.521,6.518499,172585.75,487910.66,1380103,3,417,208.5,225.56706,368,49,1380634,276126.8,617141.5,1380103,3,0,0,0,0,72,132,2.172833,4.345666,0,5755,1163.3,2131.8708,4544874.0,0,0,0,1,0,0,0,0,2,1292.5555,8.666667,1934.5,72,0,0,0,0,0,0,3,26,6,11607,8192,229,2,20,0.0,0.0,0,0,0.0,0.0,0,0,DDoS
80,2471982,4,0,24,0,6,6,6.0,0.0,0,0,0.0,0.0,9.708809,1.6181347,823994.0,1427196.0,2471978,1,2471982,823994.0,1427196.0,2471978,1,0,0.0,0.0,0,0,0,0,0,0,80,0,1.6181347,0.0,6,6,6.0,0.0,0.0,0,0,0,0,1,0,0,0,0,7.5,6.0,0.0,80,0,0,0,0,0,0,4,24,0,0,256,-1,3,20,0.0,0.0,0,0,0.0,0.0,0,0,DDoS
80,137614,3,5,359,11595,359,0,119.666664,207.26875,8688,0,2319.0,3633.797,86866.164,58.13362,19659.143,47993.312,128305,58,8993,4496.5,4961.768,8005,988,137503,34375.75,62757.125,128305,61,0,0,0,0,104,168,21.800108,36.33351,0,8688,1328.2222,2827.4998,7994755.0,0,0,0,1,0,0,0,0,1,1494.25,119.666664,2319.0,104,0,0,0,0,0,0,3,359,5,11595,29200,235,1,32,0.0,0.0,0,0,0.0,0.0,0,0,DoS Hulk
53,215,2,2,78,110,39,39,39.0,0.0,55,55,55.0,0.0,874418.6,18604.65,71.666664,118.93416,209,3,3,3.0,0.0,3,3,3,3.0,0.0,3,3,0,0,0,0,64,64,9302.325,9302.325,39,55,45.4,8.763561,76.8,0,0,0,0,0,0,0,0,1,56.75,39.0,55.0,64,0,0,0,0,0,0,2,78,2,110,-1,-1,1,32,0.0,0.0,0,0,0.0,0.0,0,0,BENIGN
389,97,3,0,114,0,57,0,38.0,32.908966,0,0,0.0,0.0,1175257.8,30927.836,48.5,0.70710677,49,48,97,48.5,0.70710677,49,48,0,0.0,0.0,0,0,1,0,0,0,96,0,30927.836,0.0,0,57,42.75,28.5,812.25,0,1,0,0,1,0,0,0,0,57.0,38.0,0.0,96,0,0,0,0,0,0,3,114,0,0,390,-1,1,32,0.0,0.0,0,0,0.0,0.0,0,0,BENIGN
58581,6,1,1,0,0,0,0,0.0,0.0,0,0,0.0,0.0,0.0,333333.34,6.0,0.0,6,6,0,0.0,0.0,0,0,0,0.0,0.0,0,0,0,0,0,0,32,32,166666.67,166666.67,0,0,0.0,0.0,0.0,0,0,0,0,1,0,0,0,1,0.0,0.0,0.0,32,0,0,0,0,0,0,1,0,1,0,4718,30016,0,32,0.0,0.0,0,0,0.0,0.0,0,0,BENIGN
80,2927927,5,0,30,0,6,6,6.0,0.0,0,0,0.0,0.0,10.246157,1.7076929,731981.75,1463292.2,2926920,1,2927927,731981.75,1463292.2,2926920,1,0,0.0,0.0,0,0,0,0,0,0,100,0,1.7076929,0.0,6,6,6.0,0.0,0.0,0,0,0,0,1,0,0,0,0,7.2,6.0,0.0,100,0,0,0,0,0,0,5,30,0,0,256,-1,4,20,0.0,0.0,0,0,0.0,0.0,0,0,DDoS
1169,74,1,1,2,6,2,2,2.0,0.0,6,6,6.0,0.0,108108.11,27027.027,74.0,0.0,74,74,0,0.0,0.0,0,0,0,0.0,0.0,0,0,0,0,0,0,24,20,13513.514,13513.514,2,6,3.3333333,2.309401,5.3333335,0,0,0,1,0,0,0,0,1,5.0,2.0,6.0,24,0,0,0,0,0,0,1,2,1,6,1024,0,0,24,0.0,0.0,0,0,0.0,0.0,0,0,PortScan
80,84901242,8,6,358,11595,352,0,44.75,124.1655,5792,0,1932.5,2362.7815,140.78711,0.16489747,6530865.0,23500000.0,84800000,1,84800000,12100000.0,32000000.0,84800000,1,146557,29311.4,57937.86,132398,2,0,0,0,0,252,200,0.09422713,0.070670344,0,5792,796.86664,1709.6367,2922857.8,0,0,0,0,1,0,0,0,0,853.7857,44.75,1932.5,252,0,0,0,0,0,0,8,358,6,11595,274,235,2,20,2010.0,0.0,2010,2010,84800000.0,0.0,84800000,84800000,DoS Hulk
80,16498271,146,206,3340,402170,455,0,22.876713,82.16904,4380,2,1952.2815,822.6268,24578.94,21.33557,47003.62,539780.25,10009412,0,6488859,44750.75,126071.27,796387,49,16131543,78690.45,708044.5,10009502,1,0,0,0,0,2932,4124,8.849412,12.486156,0,4380,1148.7535,1142.0426,1304261.2,0,0,0,1,0,0,0,0,1,1152.0171,22.876713,1952.2815,2932,0,0,0,0,0,0,146,3340,206,402170,8192,20904,145,20,0.0,0.0,0,0,0.0,0.0,0,0,BENIGN
443,3211401,5,1,123,46,46,0,24.6,23.276598,46,46,46.0,0.0,52.625008,1.8683435,642280.2,1380220.0,3110443,48,3211401,802850.25,1538872.2,3110443,48,0,0.0,0.0,0,0,1,0,0,0,160,32,1.5569528,0.31139058,0,46,30.714285,21.684975,470.2381,0,1,0,0,1,0,0,0,0,35.833332,24.6,46.0,160,0,0,0,0,0,0,5,123,1,46,338,122,2,32,0.0,0.0,0,0,0.0,0.0,0,0,BENIGN
80,11839694,5,0,30,0,6,6,6.0,0.0,0,0,0.0,0.0,2.5338492,0.4223082,2959923.5,5919845.0,11800000,1,11800000,2959923.5,5919845.0,11800000,1,0,0.0,0.0,0,0,0,0,0,0,100,0,0.4223082,0.0,6,6,6.0,0.0,0.0,0,0,0,0,1,0,0,0,0,7.2,6.0,0.0,100,0,0,0,0,0,0,5,30,0,0,256,-1,4,20,3.0,0.0,3,3,11800000.0,0.0,11800000,11800000,DDoS
443,11054285,9,9,3493,2945,2917,0,388.1111,956.032,1451,0,327.22223,575.9837,582.3986,1.6283278,650252.06,2407041.0,9959994,30,10200000,1275378.6,3509343.5,9959994,205,11000000,1378079.4,3506133.0,10000000,204,0,0,0,0,200,188,0.8141639,0.8141639,0,2917,338.8421,749.2185,561328.4,0,0,0,1,0,0,0,0,1,357.66666,388.1111,327.22223,200,0,0,0,0,0,0,9,3493,9,2945,29200,16060,8,20,243035.0,0.0,243035,243035,9959994.0,0.0,9959994,9959994,BENIGN
80,49368,3,4,26,11601,20,0,8.666667,10.263203,8760,0,2900.25,4128.3193,235516.94,141.79225,8228.0,15880.714,39870,49,9044,4522.0,6325.7773,8995,49,49170,16390.0,20781.477,39870,362,0,0,0,0,72,92,60.76811,81.02415,0,8760,1453.375,3113.9526,9696701.0,0,0,0,1,0,0,0,0,1,1661.0,8.666667,2900.25,72,0,0,0,0,0,0,3,26,4,11601,8192,229,2,20,0.0,0.0,0,0,0.0,0.0,0,0,DDoS
80,83508178,9,6,303,11595,303,0,33.666668,101.0,5792,0,1932.5,2181.0083,142.47707,0.17962313,5964870.0,22300000.0,83400000,0,83400000,10400000.0,29500000.0,83400000,0,143415,28683.0,57516.312,131160,46,0,0,0,0,296,200,0.10777388,0.07184925,0,5792,743.625,1579.7781,2495698.8,0,0,0,0,1,0,0,0,0,793.2,33.666668,1932.5,296,0,0,0,0,0,0,9,303,6,11595,251,235,1,32,2002.0,0.0,2002,2002,83400000.0,0.0,83400000,83400000,DoS Hulk
80,85322360,7,6,374,11595,368,0,53.42857,138.73099,4344,0,1932.5,1977.8129,140.27975,0.15236335,7110196.5,24600000.0,85200000,2,85200000,14200000.0,34800000.0,85200000,2,151739,30347.8,60144.305,137396,55,0,0,0,0,220,200,0.0820418,0.070321545,0,4344,854.9286,1565.7113,2451452.0,0,0,0,0,1,0,0,0,0,920.6923,53.42857,1932.5,220,0,0,0,0,0,0,7,374,6,11595,251,235,2,20,1023.0,0.0,1023,1023,85200000.0,0.0,85200000,85200000,DoS Hulk
80,197505,3,6,26,11607,20,0,8.666667,10.263203,5840,0,1934.5,2538.9192,58899.773,45.568466,24688.125,69543.12,196798,1,596,298.0,353.5534,548,48,197488,39497.6,87933.93,196798,1,0,0,0,0,72,132,15.189488,30.378977,0,5840,1163.3,2138.329,4572451.5,0,0,0,1,0,0,0,0,2,1292.5555,8.666667,1934.5,72,0,0,0,0,0,0,3,26,6,11607,8192,229,2,20,0.0,0.0,0,0,0.0,0.0,0,0,DDoS
80,98228877,7,6,359,11595,353,0,51.285713,133.06229,5792,0,1932.5,2537.82,121.69537,0.13234398,8185740.0,28400000.0,98200000,1,98200000,16400000.0,40100000.0,98200000,1,3621,724.2,1378.1036,3187,47,0,0,0,0,220,200,0.07126214,0.061081834,0,5792,853.8571,1850.7302,3425202.2,0,0,0,0,1,0,0,0,0,919.53845,51.285713,1932.5,220,0,0,0,0,0,0,7,359,6,11595,251,235,2,20,969.0,0.0,969,969,98200000.0,0.0,98200000,98200000,DoS Hulk
21,9330147,9,15,112,188,25,0,12.444445,10.199401,34,0,12.533334,14.54975,32.153835,2.5723066,405658.56,1045828.8,3156605,3,6388153,798519.1,1457397.1,3198984,192,9330108,666436.3,1289898.6,3156605,3,0,0,0,0,296,488,0.96461505,1.6076918,0,34,12.0,12.822506,164.41667,0,0,0,1,0,0,0,0,1,12.5,12.444445,12.533334,296,0,0,0,0,0,0,9,112,15,188,29200,227,6,32,0.0,0.0,0,0,0.0,0.0,0,0,FTP-Patator
80,98629606,8,6,351,11595,351,0,43.875,124.09724,7240,0,1932.5,2845.8357,121.11982,0.14194521,7586893.0,27400000.0,98600000,1,98600000,14100000.0,37300000.0,98600000,1,8343,1668.6,3049.7222,7098,65,0,0,0,0,264,200,0.08111155,0.060833663,0,7240,796.4,1955.042,3822189.0,0,0,0,0,1,0,0,0,0,853.2857,43.875,1932.5,264,0,0,0,0,0,0,8,351,6,11595,274,235,1,32,1014.0,0.0,1014,1014,98600000.0,0.0,98600000,98600000,DoS Hulk
6007,1,1,1,2,6,2,2,2.0,0.0,6,6,6.0,0.0,8000000.0,2000000.0,1.0,0.0,1,1,0,0.0,0.0,0,0,0,0.0,0.0,0,0,0,0,0,0,24,20,1000000.0,1000000.0,2,6,3.3333333,2.309401,5.3333335,0,0,0,1,0,0,0,0,1,5.0,2.0,6.0,24,0,0,0,0,0,0,1,2,1,6,1024,0,0,24,0.0,0.0,0,0,0.0,0.0,0,0,PortScan
80,100815590,7,6,620,11595,310,0,88.57143,151.26451,5792,0,1932.5,2181.0083,121.16182,0.12894832,8401299.0,29000000.0,100000000,1,101000000,16800000.0,41000000.0,100000000,1,357275,71455.0,102849.586,223891,45,0,0,0,0,232,200,0.069433704,0.059514605,0,5792,872.5,1657.7542,2748148.8,0,0,0,0,1,0,0,0,0,939.61536,88.57143,1932.5,232,0,0,0,0,0,0,7,620,6,11595,251,235,2,32,5.0,0.0,5,5,100000000.0,0.0,100000000,100000000,DoS Hulk
80,98361930,8,5,308,11595,308,0,38.5,108.89445,7251,0,2319.0,3337.609,121.01227,0.13216496,8196827.5,28400000.0,98400000,0,98400000,14100000.0,37200000.0,98400000,0,3693,923.25,1433.3491,3073,190,0,0,0,0,264,168,0.08133228,0.050832674,0,7251,850.2143,2173.6553,4724777.0,0,0,0,0,1,0,0,0,0,915.61536,38.5,2319.0,264,0,0,0,0,0,0,8,308,5,11595,274,235,1,32,3.0,0.0,3,3,98400000.0,0.0,98400000,98400000,DoS Hulk
80,5807868,5,0,30,0,6,6,6.0,0.0,0,0,0.0,0.0,5.1654067,0.8609011,1451967.0,2900589.2,5802850,3,5807868,1451967.0,2900589.2,5802850,3,0,0.0,0.0,0,0,0,0,0,0,100,0,0.8609011,0.0,6,6,6.0,0.0,0.0,0,0,0,0,1,0,0,0,0,7.2,6.0,0.0,100,0,0,0,0,0,0,5,30,0,0,256,-1,4,20,5018.0,0.0,5018,5018,5802850.0,0.0,5802850,5802850,DDoS
443,20200461,10,5,1524,399,1285,0,152.4,400.5039,261,0,79.8,117.606125,95.19585,0.7425573,1442890.1,5360137.0,20066032,18,20200461,2244495.8,6683108.5,20066032,18,91394,22848.5,23575.967,43373,219,0,0,0,0,332,168,0.4950382,0.2475191,0,1285,120.1875,319.57602,102128.83,0,0,0,1,0,0,0,0,0,128.2,152.4,79.8,332,0,0,0,0,0,0,10,1524,5,399,65535,71,5,32,134333.0,0.0,134333,134333,20066032.0,0.0,20066032,20066032,BENIGN
2998,128,2,2,4,12,2,2,2.0,0.0,6,6,6.0,0.0,125000.0,31250.0,42.666668,9.237604,48,32,48,48.0,0.0,48,48,48,48.0,0.0,48,48,0,0,0,0,48,40,15625.0,15625.0,2,6,3.6,2.1908903,4.8,0,0,0,1,0,0,0,0,1,4.5,2.0,6.0,48,0,0,0,0,0,0,2,4,2,12,1024,0,1,24,0.0,0.0,0,0,0.0,0.0,0,0,BENIGN
80,98098776,9,6,305,11595,305,0,33.88889,101.666664,4344,0,1932.5,1754.8314,121.306305,0.1529071,7007055.5,26200000.0,98100000,0,98100000,12300000.0,34700000.0,98100000,0,7544,1508.8,3098.5354,7050,47,0,0,0,0,296,200,0.09174427,0.061162844,0,4344,743.75,1391.5676,1936460.4,0,0,0,0,1,0,0,0,0,793.3333,33.88889,1932.5,296,0,0,0,0,0,0,9,305,6,11595,251,235,1,32,1978.0,0.0,1978,1978,98100000.0,0.0,98100000,98100000,DoS Hulk
80,20316034,47,58,796,108427,526,0,16.93617,75.87386,4260,0,1869.431,964.2522,5376.197,5.1683316,195346.48,1372275.1,9996994,2,10364478,225314.73,1472936.8,9997075,48,20261989,355473.5,1850733.0,10050762,2,0,0,0,0,960,1172,2.3134437,2.854888,0,4260,1030.4056,1168.7546,1365987.5,0,0,0,1,0,0,0,0,1,1040.219,16.93617,1869.431,960,0,0,0,0,0,0,47,796,58,108427,29200,58,46,20,367484.0,0.0,367484,367484,9996994.0,0.0,9996994,9996994,BENIGN
443,11046024,22,21,15536,17280,1333,0,706.1818,568.6335,1451,0,822.8571,455.1922,2970.8428,3.8928034,263000.56,1321297.8,8605553,45,2440471,116212.91,103964.58,449113,252,11022893,551144.6,1945212.6,8799260,242,0,0,0,0,476,428,1.9916669,1.9011365,0,1451,745.8182,520.50214,270922.47,0,0,0,1,0,0,0,0,0,763.1628,706.1818,822.8571,476,0,0,0,0,0,0,22,15536,21,17280,8192,49321,19,20,0.0,0.0,0,0,0.0,0.0,0,0,BENIGN
80,89896553,8,4,56,11607,20,0,7.0,5.656854,11595,0,2901.75,5795.5005,129.738,0.13348676,8172414.0,26500000.0,88200000,1,89000000,12700000.0,33300000.0,88200000,1,873575,291191.66,503735.34,872855,4,0,0,0,0,172,92,0.08899117,0.044495586,0,11595,897.61536,3214.1675,10300000.0,0,0,0,0,1,0,0,0,0,972.4167,7.0,2901.75,172,0,0,0,0,0,0,8,56,4,11607,256,229,6,20,861015.0,0.0,861015,861015,88200000.0,0.0,88200000,88200000,DDoS
443,102673,7,9,504,3913,198,0,72.0,92.36883,2796,0,434.77777,913.2569,43020.074,155.83455,6844.8667,11760.953,29523,1,72812,12135.333,14607.995,31316,157,73209,9151.125,16069.389,39843,1,0,0,0,0,232,296,68.17761,87.65693,0,2796,259.82352,676.08386,457089.4,0,0,0,1,0,0,0,0,1,276.0625,72.0,434.77777,232,0,0,0,0,0,0,7,504,9,3913,29200,118,3,32,0.0,0.0,0,0,0.0,0.0,0,0,BENIGN
27715,36,1,1,2,6,2,2,2.0,0.0,6,6,6.0,0.0,222222.22,55555.555,36.0,0.0,36,36,0,0.0,0.0,0,0,0,0.0,0.0,0,0,0,0,0,0,24,20,27777.777,27777.777,2,6,3.3333333,2.309401,5.3333335,0,0,0,1,0,0,0,0,1,5.0,2.0,6.0,24,0,0,0,0,0,0,1,2,1,6,1024,0,0,24,0.0,0.0,0,0,0.0,0.0,0,0,PortScan
80,78885144,8,5,56,11607,20,0,7.0,5.656854,7300,0,2321.4,3346.364,147.84787,0.16479656,6573762.0,20700000.0,72000000,1,78700000,11200000.0,26900000.0,72000000,1,139466,34866.5,69033.97,138416,3,0,0,0,0,172,112,0.101413265,0.06338329,0,7300,833.5,2184.0618,4770126.0,0,0,0,0,1,0,0,0,0,897.61536,7.0,2321.4,172,0,0,0,0,0,0,8,56,5,11607,256,229,6,20,3.0,0.0,3,3,39400000.0,46200000.0,72000000,6717797,DDoS
80,98486884,7,5,351,11595,345,0,50.142857,130.039,5792,0,2319.0,2423.6296,121.29534,0.121843636,8953353.0,29700000.0,98500000,1,98500000,16400000.0,40200000.0,98500000,1,29641,7410.25,8763.866,18054,180,0,0,0,0,220,168,0.071075454,0.05076818,0,5792,918.9231,1814.8998,3293861.2,0,0,0,0,1,0,0,0,0,995.5,50.142857,2319.0,220,0,0,0,0,0,0,7,351,5,11595,251,235,2,20,965.0,0.0,965,965,98500000.0,0.0,98500000,98500000,DoS Hulk
80,6097844,4,0,24,0,6,6,6.0,0.0,0,0,0.0,0.0,3.9358172,0.65596956,2032614.6,3519557.0,6096649,172,6097844,2032614.6,3519557.0,6096649,172,0,0.0,0.0,0,0,0,0,0,0,80,0,0.65596956,0.0,6,6,6.0,0.0,0.0,0,0,0,0,1,0,0,0,0,7.5,6.0,0.0,80,0,0,0,0,0,0,4,24,0,0,256,-1,3,20,1195.0,0.0,1195,1195,6096649.0,0.0,6096649,6096649,DDoS
51535,8240,2,0,6,0,6,0,3.0,4.2426405,0,0,0.0,0.0,728.15533,242.71844,8240.0,0.0,8240,8240,8240,8240.0,0.0,8240,8240,0,0.0,0.0,0,0,0,0,0,0,52,0,242.71844,0.0,0,6,2.0,3.4641016,12.0,0,0,0,0,1,0,0,0,0,3.0,3.0,0.0,52,0,0,0,0,0,0,2,6,0,0,31,-1,1,20,0.0,0.0,0,0,0.0,0.0,0,0,BENIGN
5280,73,1,1,0,6,0,0,0.0,0.0,6,6,6.0,0.0,82191.78,27397.26,73.0,0.0,73,73,0,0.0,0.0,0,0,0,0.0,0.0,0,0,0,0,0,0,40,20,13698.63,13698.63,0,6,2.0,3.4641016,12.0,0,0,0,1,0,0,0,0,1,3.0,0.0,6.0,40,0,0,0,0,0,0,1,0,1,6,29200,0,0,40,0.0,0.0,0,0,0.0,0.0,0,0,PortScan
52300,4,2,0,12,0,6,6,6.0,0.0,0,0,0.0,0.0,3000000.0,500000.0,4.0,0.0,4,4,4,4.0,0.0,4,4,0,0.0,0.0,0,0,0,0,0,0,40,0,500000.0,0.0,6,6,6.0,0.0,0.0,0,0,0,0,1,0,0,0,0,9.0,6.0,0.0,40,0,0,0,0,0,0,2,12,0,0,360,-1,1,20,0.0,0.0,0,0,0.0,0.0,0,0,BENIGN
53,162,2,2,62,94,31,31,31.0,0.0,47,47,47.0,0.0,962962.94,24691.357,54.0,54.249424,111,3,3,3.0,0.0,3,3,48,48.0,0.0,48,48,0,0,0,0,40,40,12345.679,12345.679,31,47,37.4,8.763561,76.8,0,0,0,0,0,0,0,0,1,46.75,31.0,47.0,40,0,0,0,0,0,0,2,62,2,94,-1,-1,1,20,0.0,0.0,0,0,0.0,0.0,0,0,BENIGN
53,62145,2,2,76,196,38,38,38.0,0.0,98,98,98.0,0.0,4376.8604,64.36559,20715.0,35875.1,62140,1,1,1.0,0.0,1,1,4,4.0,0.0,4,4,0,0,0,0,80,64,32.182796,32.182796,38,98,62.0,32.863354,1080.0,0,0,0,0,0,0,0,0,1,77.5,38.0,98.0,80,0,0,0,0,0,0,2,76,2,196,-1,-1,1,40,0.0,0.0,0,0,0.0,0.0,0,0,BENIGN
80,98735337,9,6,325,11595,325,0,36.11111,108.333336,5792,0,1932.5,2181.0083,120.72678,0.15192129,7052524.0,26400000.0,98700000,1,98700000,12300000.0,34900000.0,98700000,1,75121,15024.2,27180.824,62745,14,0,0,0,0,296,200,0.09115277,0.06076852,0,5792,745.0,1579.3785,2494436.5,0,0,0,0,1,0,0,0,0,794.6667,36.11111,1932.5,296,0,0,0,0,0,0,9,325,6,11595,251,235,1,32,1028.0,0.0,1028,1028,98700000.0,0.0,98700000,98700000,DoS Hulk
80,85825336,6,7,371,11595,353,0,61.833332,142.67224,5792,0,1656.4286,2120.7322,139.4227,0.15147042,7152111.5,24700000.0,85600000,4,85600000,17100000.0,38300000.0,85600000,4,85800000,14300000.0,34900000.0,85600000,46,0,0,0,0,164,232,0.06990942,0.081561,0,5792,855.1429,1665.9094,2775254.2,1,0,0,0,0,0,0,0,1,920.9231,61.833332,1656.4286,164,0,0,0,0,0,0,6,371,7,11595,0,235,3,20,3002.0,0.0,3002,3002,85600000.0,0.0,85600000,85600000,DoS Hulk
443,88923,8,3,533,3488,198,0,66.625,83.026566,3488,0,1162.6666,2013.7977,45218.9,123.70253,8892.3,10914.637,27880,7,88923,12703.286,11817.432,27880,155,25541,12770.5,14786.31,23226,2315,0,0,0,0,264,104,89.96548,33.737053,0,3488,335.08334,995.5601,991139.9,0,0,0,1,0,0,0,0,0,365.54544,66.625,1162.6666,264,0,0,0,0,0,0,8,533,3,3488,29200,114,4,32,0.0,0.0,0,0,0.0,0.0,0,0,BENIGN
80,98883252,6,6,346,11595,346,0,57.666668,141.2539,4344,0,1932.5,1754.8314,120.75857,0.121355236,8989387.0,29800000.0,98700000,5,98700000,19700000.0,44100000.0,98700000,5,158369,31673.8,64187.43,146130,32,0,0,0,0,200,200,0.060677618,0.060677618,0,4344,918.53845,1498.776,2246329.5,0,0,0,0,1,0,0,0,1,995.0833,57.666668,1932.5,200,0,0,0,0,0,0,6,346,6,11595,274,235,1,32,440.0,0.0,440,440,98700000.0,0.0,98700000,98700000,DoS Hulk
80,1979,6,0,0,0,0,0,0.0,0.0,0,0,0.0,0.0,0.0,3031.8342,395.8,540.1599,993,1,1979,395.8,540.1599,993,1,0,0.0,0.0,0,0,0,0,0,0,192,0,3031.8342,0.0,0,0,0.0,0.0,0.0,0,0,0,0,1,0,0,0,0,0.0,0.0,0.0,192,0,0,0,0,0,0,6,0,0,0,274,-1,0,32,0.0,0.0,0,0,0.0,0.0,0,0,DoS Hulk
80,98690948,8,5,353,11595,353,0,44.125,124.804344,7240,0,2319.0,3003.1711,121.064804,0.13172434,8224245.5,28500000.0,98700000,1,98700000,14100000.0,37300000.0,98700000,1,5649,1412.25,2446.8577,5079,57,0,0,0,0,264,168,0.08106113,0.050663207,0,7240,853.4286,2017.0961,4068676.8,0,0,0,0,1,0,0,0,0,919.0769,44.125,2319.0,264,0,0,0,0,0,0,8,353,5,11595,251,235,1,32,1078.0,0.0,1078,1078,98700000.0,0.0,98700000,98700000,DoS Hulk
443,83129,10,5,810,399,565,0,81.0,176.39287,261,0,79.8,117.606125,14543.661,180.44244,5937.7856,9292.766,23355,3,83129,9236.556,11482.182,24956,3,51332,12833.0,12549.69,23815,902,0,0,0,0,332,168,120.29496,60.14748,0,565,75.5625,150.87521,22763.33,0,0,0,1,0,0,0,0,0,80.6,81.0,79.8,332,0,0,0,0,0,0,10,810,5,399,65535,974,5,32,0.0,0.0,0,0,0.0,0.0,0,0,BENIGN
8080,1029524,3,3,0,18,0,0,0.0,0.0,6,6,6.0,0.0,17.483809,5.827936,205904.8,281040.75,515007,593,1028753,514376.5,1774.1309,515631,513122,1028931,514465.5,1856.1553,515778,513153,0,0,0,0,92,60,2.913968,2.913968,0,6,2.5714285,3.207135,10.285714,0,0,0,1,0,0,0,0,1,3.0,0.0,6.0,92,0,0,0,0,0,0,3,0,3,18,8192,0,0,28,0.0,0.0,0,0,0.0,0.0,0,0,Bot
80,7914381,5,0,30,0,6,6,6.0,0.0,0,0,0.0,0.0,3.790568,0.6317614,1978595.2,3956437.2,7913251,329,7914381,1978595.2,3956437.2,7913251,329,0,0.0,0.0,0,0,0,0,0,0,100,0,0.6317614,0.0,6,6,6.0,0.0,0.0,0,0,0,0,1,0,0,0,0,7.2,6.0,0.0,100,0,0,0,0,0,0,5,30,0,0,256,-1,4,20,1130.0,0.0,1130,1130,7913251.0,0.0,7913251,7913251,DDoS
80,8054810,4,0,24,0,6,6,6.0,0.0,0,0,0.0,0.0,2.9795861,0.49659768,2684936.8,4649804.0,8054068,332,8054810,2684936.8,4649804.0,8054068,332,0,0.0,0.0,0,0,0,0,0,0,80,0,0.49659768,0.0,6,6,6.0,0.0,0.0,0,0,0,0,1,0,0,0,0,7.5,6.0,0.0,80,0,0,0,0,0,0,4,24,0,0,256,-1,3,20,742.0,0.0,742,742,8054068.0,0.0,8054068,8054068,DDoS
61322,7823160,1,6,1375,30,1375,1375,1375.0,0.0,6,0,5.0,2.4494898,179.59494,0.8947791,1303860.0,3176614.2,7788061,1,0,0.0,0.0,0,0,7819121,1563824.2,3479473.8,7788061,1,1,0,0,0,20,132,0.12782559,0.7669535,0,1375,347.5,634.1901,402197.16,0,1,0,0,1,1,0,0,6,397.14285,1375.0,5.0,20,0,0,0,0,0,0,1,1375,6,30,229,0,0,20,35099.0,0.0,35099,35099,7788061.0,0.0,7788061,7788061,BENIGN
53,232,2,2,64,204,32,32,32.0,0.0,102,102,102.0,0.0,1155172.4,17241.379,77.333336,49.943302,135,48,49,49.0,0.0,49,49,48,48.0,0.0,48,48,0,0,0,0,40,40,8620.689,8620.689,32,102,60.0,38.34058,1470.0,0,0,0,0,0,0,0,0,1,75.0,32.0,102.0,40,0,0,0,0,0,0,2,64,2,204,-1,-1,1,20,0.0,0.0,0,0,0.0,0.0,0,0,BENIGN
53,70437,2,2,62,148,31,31,31.0,0.0,74,74,74.0,0.0,2981.3877,56.788334,23479.0,40663.355,70433,0,0,0.0,0.0,0,0,4,4.0,0.0,4,4,0,0,0,0,40,64,28.394167,28.394167,31,74,48.2,23.55207,554.7,0,0,0,0,0,0,0,0,1,60.25,31.0,74.0,40,0,0,0,0,0,0,2,62,2,148,-1,-1,1,20,0.0,0.0,0,0,0.0,0.0,0,0,BENIGN
80,1281088,3,6,26,11601,20,0,8.666667,10.263203,5840,0,1933.5,2189.773,9075.879,7.0252786,160136.0,446462.22,1264991,37,15771,7885.5,11082.484,15722,49,1281038,256207.6,563967.8,1264991,45,0,0,0,0,72,132,2.3417594,4.683519,0,5840,1162.7,1911.5957,3654198.2,0,0,0,1,0,0,0,0,2,1291.8889,8.666667,1933.5,72,0,0,0,0,0,0,3,26,6,11601,8192,229,2,20,0.0,0.0,0,0,0.0,0.0,0,0,DDoS
443,23659,1,1,6,6,6,6,6.0,0.0,6,6,6.0,0.0,507.20657,84.534424,23659.0,0.0,23659,23659,0,0.0,0.0,0,0,0,0.0,0.0,0,0,0,0,0,0,20,20,42.267212,42.267212,6,6,6.0,0.0,0.0,0,0,0,0,1,1,0,0,1,9.0,6.0,6.0,20,0,0,0,0,0,0,1,6,1,6,280,143,0,20,0.0,0.0,0,0,0.0,0.0,0,0,BENIGN
80,179647,3,5,26,11607,20,0,8.666667,10.263203,10220,0,2321.4,4455.1826,64754.77,44.531776,25663.857,67512.01,178766,2,629,314.5,440.52753,626,3,179601,44900.25,89244.24,178766,2,0,0,0,0,72,112,16.699415,27.83236,0,10220,1292.5555,3378.299,11400000.0,0,0,0,1,0,0,0,0,1,1454.125,8.666667,2321.4,72,0,0,0,0,0,0,3,26,5,11607,8192,229,2,20,0.0,0.0,0,0,0.0,0.0,0,0,DDoS
53,71994095,2,2,87,166,44,43,43.5,0.70710677,107,59,83.0,33.941124,3.514177,0.055560112,23998032.0,41535516.0,71959111,610,71959721,71959720.0,0.0,71959721,71959721,71993485,71993490.0,0.0,71993485,71993485,0,0,0,0,64,64,0.027780056,0.027780056,43,107,59.4,27.428087,752.3,0,0,0,0,0,0,0,0,1,74.25,43.5,83.0,64,0,0,0,0,0,0,2,87,2,166,-1,-1,1,32,610.0,0.0,610,610,71959110.0,0.0,71959111,71959111,BENIGN
80,18547500,18,17,20409,6340,3020,0,1133.8334,1385.2974,906,0,372.94116,459.46863,1442.189,1.8870468,545514.7,1816900.5,10003001,3,18545822,1090930.8,2485275.5,10003001,79,18515101,1157193.8,2558666.8,10004726,3,0,0,0,0,584,552,0.9704812,0.9165656,0,3020,743.0278,1090.6251,1189463.1,0,0,0,1,0,0,0,0,0,764.25714,1133.8334,372.94116,584,0,0,0,0,0,0,18,20409,17,6340,29200,132,8,32,8542821.0,0.0,8542821,8542821,10003001.0,0.0,10003001,10003001,BENIGN
8080,73735,4,3,207,134,195,0,51.75,95.54188,128,0,44.666668,72.23111,4624.6694,94.93456,12289.167,29184.504,71859,41,73735,24578.334,42046.062,73128,41,72455,36227.5,50390.55,71859,596,0,0,0,0,92,72,54.24832,40.68624,0,195,42.625,75.57577,5711.6963,0,0,0,1,0,0,0,0,0,48.714287,51.75,44.666668,92,0,0,0,0,0,0,4,207,3,134,8192,237,3,20,0.0,0.0,0,0,0.0,0.0,0,0,Bot
80,9293780,5,0,30,0,6,6,6.0,0.0,0,0,0.0,0.0,3.2279654,0.5379942,2323445.0,4645553.5,9291775,4,9293780,2323445.0,4645553.5,9291775,4,0,0.0,0.0,0,0,0,0,0,0,100,0,0.5379942,0.0,6,6,6.0,0.0,0.0,0,0,0,0,1,0,0,0,0,7.2,6.0,0.0,100,0,0,0,0,0,0,5,30,0,0,256,-1,4,20,2005.0,0.0,2005,2005,9291775.0,0.0,9291775,9291775,DDoS
53,141346,1,1,55,144,55,55,55.0,0.0,144,144,144.0,0.0,1407.8927,14.149675,141346.0,0.0,141346,141346,0,0.0,0.0,0,0,0,0.0,0.0,0,0,0,0,0,0,20,32,7.0748377,7.0748377,55,144,84.666664,51.384174,2640.3333,0,0,0,0,0,0,0,0,1,127.0,55.0,144.0,20,0,0,0,0,0,0,1,55,1,144,-1,-1,0,20,0.0,0.0,0,0,0.0,0.0,0,0,BENIGN
80,5033785,4,0,24,0,6,6,6.0,0.0,0,0,0.0,0.0,4.767784,0.7946307,1677928.4,2905845.0,5033309,233,5033785,1677928.4,2905845.0,5033309,233,0,0.0,0.0,0,0,0,0,0,0,80,0,0.7946307,0.0,6,6,6.0,0.0,0.0,0,0,0,0,1,0,0,0,0,7.5,6.0,0.0,80,0,0,0,0,0,0,4,24,0,0,256,-1,3,20,476.0,0.0,476,476,5033309.0,0.0,5033309,5033309,DDoS
80,970408,2,4,20,11601,20,0,10.0,14.142136,8760,0,2900.25,4128.3193,11975.375,6.182966,194081.6,429067.9,961594,53,8561,8561.0,0.0,8561,8561,970355,323451.66,552663.44,961594,182,0,0,0,0,52,92,2.0609887,4.1219773,0,8760,1660.1428,3303.6025,10900000.0,0,0,0,1,0,0,0,0,2,1936.8334,10.0,2900.25,52,0,0,0,0,0,0,2,20,4,11601,8192,229,1,20,0.0,0.0,0,0,0.0,0.0,0,0,DDoS
80,85502972,5,8,316,11595,304,0,63.2,134.64471,5792,0,1449.375,2046.6735,139.3051,0.1520415,7125247.5,24600000.0,85300000,1,85300000,21300000.0,42600000.0,85300000,6,85500000,12200000.0,32200000.0,85300000,43,0,0,0,0,144,264,0.0584775,0.093563996,0,5792,851.2143,1665.8611,2775093.2,1,0,0,0,0,0,0,0,1,916.6923,63.2,1449.375,144,0,0,0,0,0,0,5,316,8,11595,0,235,2,20,11000.0,0.0,11000,11000,85300000.0,0.0,85300000,85300000,DoS Hulk
406,49,1,1,0,6,0,0,0.0,0.0,6,6,6.0,0.0,122448.98,40816.33,49.0,0.0,49,49,0,0.0,0.0,0,0,0,0.0,0.0,0,0,0,0,0,0,40,20,20408.164,20408.164,0,6,2.0,3.4641016,12.0,0,0,0,1,0,0,0,0,1,3.0,0.0,6.0,40,0,0,0,0,0,0,1,0,1,6,29200,0,0,40,0.0,0.0,0,0,0.0,0.0,0,0,PortScan
80,58508,3,5,26,11607,20,0,8.666667,10.263203,10220,0,2321.4,4455.1826,198827.52,136.73344,8358.286,21554.043,57233,20,1029,514.5,621.5469,954,75,58464,14616.0,28414.777,57233,20,0,0,0,0,72,112,51.27504,85.4584,0,10220,1292.5555,3378.299,11400000.0,0,0,0,1,0,0,0,0,1,1454.125,8.666667,2321.4,72,0,0,0,0,0,0,3,26,5,11607,8192,229,2,20,0.0,0.0,0,0,0.0,0.0,0,0,DDoS
80,117100388,8,7,356,11595,356,0,44.5,125.865005,4344,0,1656.4286,1757.579,102.05773,0.12809522,8364313.5,31300000.0,117000000,1,117000000,16700000.0,44200000.0,117000000,1,145627,24271.166,53046.19,132030,48,0,0,0,0,264,232,0.06831745,0.05977777,0,4344,746.9375,1389.0255,1929391.9,0,0,0,0,1,0,0,0,0,796.73334,44.5,1656.4286,264,0,0,0,0,0,0,8,356,7,11595,274,235,1,32,2017.0,0.0,2017,2017,117000000.0,0.0,117000000,117000000,DoS Hulk
53,24182,2,2,72,328,36,36,36.0,0.0,164,164,164.0,0.0,16541.229,165.4123,8060.6665,13957.154,24177,1,1,1.0,0.0,1,1,4,4.0,0.0,4,4,0,0,0,0,40,64,82.70615,82.70615,36,164,87.2,70.10849,4915.2,0,0,0,0,0,0,0,0,1,109.0,36.0,164.0,40,0,0,0,0,0,0,2,72,2,328,-1,-1,1,20,0.0,0.0,0,0,0.0,0.0,0,0,BENIGN
53,199,2,2,70,166,35,35,35.0,0.0,83,83,83.0,0.0,1185929.6,20100.502,66.333336,74.21815,148,3,48,48.0,0.0,48,48,3,3.0,0.0,3,3,0,0,0,0,80,80,10050.251,10050.251,35,83,54.2,26.290682,691.2,0,0,0,0,0,0,0,0,1,67.75,35.0,83.0,80,0,0,0,0,0,0,2,70,2,166,-1,-1,1,40,0.0,0.0,0,0,0.0,0.0,0,0,BENIGN
53,30523,1,1,55,135,55,55,55.0,0.0,135,135,135.0,0.0,6224.814,65.52436,30523.0,0.0,30523,30523,0,0.0,0.0,0,0,0,0.0,0.0,0,0,0,0,0,0,20,32,32.76218,32.76218,55,135,81.666664,46.188023,2133.3333,0,0,0,0,0,0,0,0,1,122.5,55.0,135.0,20,0,0,0,0,0,0,1,55,1,135,-1,-1,0,20,0.0,0.0,0,0,0.0,0.0,0,0,BENIGN
80,556065,3,5,26,11601,20,0,8.666667,10.263203,4380,0,2320.2,2193.2407,20909.426,14.386807,79437.86,197119.89,525750,4,29999,14999.5,21206.84,29995,4,556020,139005.0,258215.33,525750,47,0,0,0,0,72,112,5.395053,8.991755,0,4380,1291.8889,1972.8629,3892188.0,0,0,0,1,0,0,0,0,1,1453.375,8.666667,2320.2,72,0,0,0,0,0,0,3,26,5,11601,8192,229,2,20,0.0,0.0,0,0,0.0,0.0,0,0,DDoS
88,1004,2,2,2944,630,1472,1472,1472.0,0.0,315,315,315.0,0.0,3559761.0,3984.0637,334.66666,575.3298,999,2,3,3.0,0.0,3,3,2,2.0,0.0,2,2,0,0,0,0,64,64,1992.0319,1992.0319,315,1472,1009.2,633.715,401594.7,0,0,0,0,0,0,0,0,1,1261.5,1472.0,315.0,64,0,0,0,0,0,0,2,2944,2,630,-1,-1,1,32,0.0,0.0,0,0,0.0,0.0,0,0,BENIGN
80,12215,2,2,12,0,6,6,6.0,0.0,0,0,0.0,0.0,982.3987,327.46622,4071.6667,6215.781,11238,144,977,977.0,0.0,977,977,12071,12071.0,0.0,12071,12071,0,0,0,0,40,64,163.73311,163.73311,0,6,3.6,3.2863352,10.8,1,0,0,0,0,0,0,0,1,4.5,6.0,0.0,40,0,0,0,0,0,0,2,12,2,0,0,235,1,20,0.0,0.0,0,0,0.0,0.0,0,0,DoS Hulk
80,85637298,6,6,345,11595,345,0,57.5,140.84566,5792,0,1932.5,2181.0083,139.42523,0.14012586,7785209.0,25800000.0,85500000,1,85500000,17100000.0,38200000.0,85500000,1,151660,30332.0,59641.53,136393,9,0,0,0,0,200,200,0.07006293,0.07006293,0,5792,918.46155,1716.1953,2945326.2,0,0,0,0,1,0,0,0,1,995.0,57.5,1932.5,200,0,0,0,0,0,0,6,345,6,11595,251,235,1,32,48.0,0.0,48,48,85500000.0,0.0,85500000,85500000,DoS Hulk
80,4963,3,1,18,0,6,6,6.0,0.0,0,0,0.0,0.0,3626.8386,805.9641,1654.3334,1452.0483,3007,120,4963,2481.5,743.16925,3007,1956,0,0.0,0.0,0,0,0,0,0,0,60,32,604.4731,201.49103,0,6,4.8,2.6832817,7.2,1,0,0,0,0,0,0,0,0,6.0,6.0,0.0,60,0,0,0,0,0,0,3,18,1,0,0,235,2,20,0.0,0.0,0,0,0.0,0.0,0,0,DoS Hulk
80,85148113,6,6,305,11595,305,0,50.833332,124.51573,4344,0,1932.5,1754.8314,139.75647,0.14093089,7740737.5,25600000.0,85000000,1,85000000,17000000.0,38000000.0,85000000,1,148477,29695.4,60276.945,137191,47,0,0,0,0,200,200,0.070465446,0.070465446,0,4344,915.38464,1500.1237,2250371.0,0,0,0,0,1,0,0,0,1,991.6667,50.833332,1932.5,200,0,0,0,0,0,0,6,305,6,11595,251,235,1,32,4.0,0.0,4,4,85000000.0,0.0,85000000,85000000,DoS Hulk
80,68545561,7,6,355,11595,355,0,50.714287,134.17738,5792,0,1932.5,2181.0083,174.3366,0.18965487,5712130.0,19700000.0,68400000,1,68400000,11400000.0,27900000.0,68400000,1,152316,30463.2,61538.023,140168,45,0,0,0,0,232,200,0.10212186,0.08753302,0,5792,853.5714,1666.8064,2778243.8,0,0,0,0,1,0,0,0,0,919.2308,50.714287,1932.5,232,0,0,0,0,0,0,7,355,6,11595,251,235,1,32,1037.0,0.0,1037,1037,68400000.0,0.0,68400000,68400000,DoS Hulk
80,85009782,6,7,360,11595,360,0,60.0,146.96939,4344,0,1656.4286,1757.579,140.63087,0.15292358,7084148.5,24500000.0,84900000,1,84900000,17000000.0,37900000.0,84900000,1,149035,24839.166,54987.09,136666,15,0,0,0,0,200,232,0.07058011,0.08234347,0,4344,853.9286,1458.7053,2127821.2,0,0,0,0,1,0,0,0,1,919.61536,60.0,1656.4286,200,0,0,0,0,0,0,6,360,7,11595,274,235,1,32,4.0,0.0,4,4,84900000.0,0.0,84900000,84900000,DoS Hulk
11111,53,1,1,2,6,2,2,2.0,0.0,6,6,6.0,0.0,150943.39,37735.848,53.0,0.0,53,53,0,0.0,0.0,0,0,0,0.0,0.0,0,0,0,0,0,0,24,20,18867.924,18867.924,2,6,3.3333333,2.309401,5.3333335,0,0,0,1,0,0,0,0,1,5.0,2.0,6.0,24,0,0,0,0,0,0,1,2,1,6,1024,0,0,24,0.0,0.0,0,0,0.0,0.0,0,0,PortScan
80,99879810,8,6,371,11595,371,0,46.375,131.1683,5792,0,1932.5,2181.0083,119.80399,0.14016847,7683062.5,27700000.0,99700000,2,99700000,14200000.0,37700000.0,99700000,2,149571,29914.2,60246.477,137292,46,0,0,0,0,264,200,0.08009627,0.060072202,0,5792,797.73334,1620.9187,2627377.5,0,0,0,0,1,0,0,0,0,854.7143,46.375,1932.5,264,0,0,0,0,0,0,8,371,6,11595,251,235,1,32,1009.0,0.0,1009,1009,99700000.0,0.0,99700000,99700000,DoS Hulk
55872,44,1,1,0,0,0,0,0.0,0.0,0,0,0.0,0.0,0.0,45454.547,44.0,0.0,44,44,0,0.0,0.0,0,0,0,0.0,0.0,0,0,0,0,0,0,20,20,22727.273,22727.273,0,0,0.0,0.0,0.0,0,0,0,0,1,1,0,0,1,0.0,0.0,0.0,20,0,0,0,0,0,0,1,0,1,0,229,256,0,20,0.0,0.0,0,0,0.0,0.0,0,0,BENIGN
53,166101,1,1,45,142,45,45,45.0,0.0,142,142,142.0,0.0,1125.821,12.040867,166101.0,0.0,166101,166101,0,0.0,0.0,0,0,0,0.0,0.0,0,0,0,0,0,0,20,20,6.0204334,6.0204334,45,142,77.333336,56.002975,3136.3333,0,0,0,0,0,0,0,0,1,116.0,45.0,142.0,20,0,0,0,0,0,0,1,45,1,142,-1,-1,0,20,0.0,0.0,0,0,0.0,0.0,0,0,BENIGN
80,670237,3,5,26,11607,20,0,8.666667,10.263203,5840,0,2321.4,3173.3738,17356.547,11.936076,95748.14,252822.75,669096,4,889,444.5,560.73566,841,48,670104,167526.0,334380.2,669096,4,0,0,0,0,72,112,4.4760284,7.4600477,0,5840,1292.5555,2554.1592,6523729.5,0,0,0,1,0,0,0,0,1,1454.125,8.666667,2321.4,72,0,0,0,0,0,0,3,26,5,11607,8192,229,2,20,0.0,0.0,0,0,0.0,0.0,0,0,DDoS
80,5221559,3,1,0,0,0,0,0.0,0.0,0,0,0.0,0.0,0.0,0.76605475,1740519.6,3013908.2,5220681,94,5221559,2610779.5,3690958.0,5220681,878,0,0.0,0.0,0,0,0,0,0,0,104,40,0.57454103,0.19151369,0,0,0.0,0.0,0.0,0,0,0,1,0,0,0,0,0,0.0,0.0,0.0,104,0,0,0,0,0,0,3,0,1,0,29200,28960,0,32,0.0,0.0,0,0,0.0,0.0,0,0,Web Attack - XSS
2008,52,2,2,4,12,2,2,2.0,0.0,6,6,6.0,0.0,307692.3,76923.08,17.333334,26.576933,48,1,1,1.0,0.0,1,1,48,48.0,0.0,48,48,0,0,0,0,48,40,38461.54,38461.54,2,6,3.6,2.1908903,4.8,0,0,0,1,0,0,0,0,1,4.5,2.0,6.0,48,0,0,0,0,0,0,2,4,2,12,1024,0,1,24,0.0,0.0,0,0,0.0,0.0,0,0,BENIGN
80,98465523,8,5,325,11595,319,0,40.625,112.50008,10147,0,2319.0,4420.6763,121.0576,0.13202591,8205460.0,28400000.0,98500000,0,98500000,14100000.0,37200000.0,98500000,0,3258,814.5,1349.9202,2834,4,0,0,0,0,252,168,0.08124671,0.050779194,0,10147,851.4286,2703.4321,7308544.5,0,0,0,0,1,0,0,0,0,916.9231,40.625,2319.0,252,0,0,0,0,0,0,8,325,5,11595,274,235,2,20,995.0,0.0,995,995,98500000.0,0.0,98500000,98500000,DoS Hulk
80,101009649,8,6,706,11595,350,0,88.25,161.56888,4344,0,1932.5,1977.8129,121.78044,0.13860062,7769973.0,27900000.0,101000000,1,101000000,14400000.0,38000000.0,101000000,1,353410,70682.0,100597.05,216054,53,0,0,0,0,252,200,0.07920036,0.059400264,0,4344,820.06665,1514.7714,2294532.2,0,0,0,0,1,0,0,0,0,878.6429,88.25,1932.5,252,0,0,0,0,0,0,8,706,6,11595,251,235,3,20,981.0,0.0,981,981,101000000.0,0.0,101000000,101000000,DoS Hulk
22,13903754,21,32,2008,2745,640,0,95.61905,140.04517,976,0,85.78125,220.24059,341.85013,3.8119202,267379.88,726893.06,2688227,3,11700000,587077.75,1038154.2,2733202,414,13900000,448506.06,902429.75,2688227,3,0,0,0,0,680,1032,1.5103835,2.3015368,0,976,88.01852,189.59027,35944.473,0,0,0,1,0,0,0,0,1,89.679245,95.61905,85.78125,680,0,0,0,0,0,0,21,2008,32,2745,29200,247,16,32,0.0,0.0,0,0,0.0,0.0,0,0,SSH-Patator
53,140,2,2,58,122,29,29,29.0,0.0,61,61,61.0,0.0,1285714.2,28571.428,46.666668,75.63289,134,3,3,3.0,0.0,3,3,3,3.0,0.0,3,3,0,0,0,0,64,64,14285.714,14285.714,29,61,41.8,17.527122,307.2,0,0,0,0,0,0,0,0,1,52.25,29.0,61.0,64,0,0,0,0,0,0,2,58,2,122,-1,-1,1,32,0.0,0.0,0,0,0.0,0.0,0,0,BENIGN
53,100139,2,2,66,358,33,33,33.0,0.0,179,179,179.0,0.0,4234.1147,39.944477,33379.668,57772.848,100090,1,1,1.0,0.0,1,1,48,48.0,0.0,48,48,0,0,0,0,64,64,19.972239,19.972239,33,179,91.4,79.96749,6394.8,0,0,0,0,0,0,0,0,1,114.25,33.0,179.0,64,0,0,0,0,0,0,2,66,2,358,-1,-1,1,32,0.0,0.0,0,0,0.0,0.0,0,0,BENIGN
80,1611406,3,4,26,11607,20,0,8.666667,10.263203,11595,0,2901.75,5795.5005,7219.1616,4.3440323,268567.66,657373.7,1610426,4,832,416.0,408.70773,705,127,1611362,537120.7,929509.8,1610426,4,0,0,0,0,72,92,1.8617282,2.4823043,0,11595,1454.125,4097.5376,16800000.0,0,0,0,1,0,0,0,0,1,1661.8572,8.666667,2901.75,72,0,0,0,0,0,0,3,26,4,11607,8192,229,2,20,0.0,0.0,0,0,0.0,0.0,0,0,DDoS
53,515148,4,2,120,92,30,30,30.0,0.0,46,46,46.0,0.0,411.53223,11.647139,103029.6,176109.34,406649,3,108496,36165.332,62635.0,108490,3,3,3.0,0.0,3,3,0,0,0,0,104,40,7.764759,3.8823795,30,46,34.57143,7.8072004,60.95238,0,0,0,0,0,0,0,0,0,40.333332,30.0,46.0,104,0,0,0,0,0,0,4,120,2,92,-1,-1,3,20,0.0,0.0,0,0,0.0,0.0,0,0,BENIGN
80,1794935,3,4,26,11601,20,0,8.666667,10.263203,7215,0,2900.25,3540.003,6477.672,3.8998628,299155.84,726756.75,1782610,4,12058,6029.0,8520.637,12054,4,1794870,598290.0,1025668.56,1782610,159,0,0,0,0,72,92,1.6713697,2.228493,0,7215,1453.375,2786.2598,7763243.5,0,0,0,1,0,0,0,0,1,1661.0,8.666667,2900.25,72,0,0,0,0,0,0,3,26,4,11601,8192,229,2,20,0.0,0.0,0,0,0.0,0.0,0,0,DDoS
443,282,3,1,18,0,6,6,6.0,0.0,0,0,0.0,0.0,63829.79,14184.397,94.0,119.25183,229,3,282,141.0,195.16147,279,3,0,0.0,0.0,0,0,0,0,0,0,60,32,10638.298,3546.0994,0,6,4.8,2.6832817,7.2,1,0,0,0,0,0,0,0,0,6.0,6.0,0.0,60,0,0,0,0,0,0,3,18,1,0,0,128,2,20,0.0,0.0,0,0,0.0,0.0,0,0,BENIGN
53,185,2,2,58,90,29,29,29.0,0.0,45,45,45.0,0.0,800000.0,21621.621,61.666668,22.810816,88,48,49,49.0,0.0,49,49,48,48.0,0.0,48,48,0,0,0,0,40,40,10810.811,10810.811,29,45,35.4,8.763561,76.8,0,0,0,0,0,0,0,0,1,44.25,29.0,45.0,40,0,0,0,0,0,0,2,58,2,90,-1,-1,1,20,0.0,0.0,0,0,0.0,0.0,0,0,BENIGN
80,84949179,5,7,424,11595,412,0,84.8,182.93497,4344,0,1656.4286,1760.5973,141.48459,0.14126094,7722652.5,25600000.0,84800000,4,84800000,21200000.0,42400000.0,84800000,4,84900000,14200000.0,34600000.0,84800000,47,0,0,0,0,144,232,0.058858722,0.08240221,0,4344,925.0,1495.8618,2237602.8,1,0,0,0,0,0,0,0,1,1002.0833,84.8,1656.4286,144,0,0,0,0,0,0,5,424,7,11595,0,235,2,20,3008.0,0.0,3008,3008,84800000.0,0.0,84800000,84800000,DoS Hulk
80,10664748,8,6,435,11632,435,0,54.375,153.79573,4392,0,1938.6666,2190.7188,1131.4847,1.3127362,820365.25,2006213.0,5659224,15,5662663,808951.9,2139110.8,5659999,49,10700000,2132935.5,2929097.8,5659224,15,0,0,0,0,264,200,0.75013494,0.5626012,0,4392,804.4667,1626.3136,2644895.8,0,0,0,1,0,0,0,0,0,861.9286,54.375,1938.6666,264,0,0,0,0,0,0,8,435,6,11632,29200,235,1,32,1590.0,0.0,1590,1590,5659224.0,0.0,5659224,5659224,DoS GoldenEye
8194,50,1,1,2,6,2,2,2.0,0.0,6,6,6.0,0.0,160000.0,40000.0,50.0,0.0,50,50,0,0.0,0.0,0,0,0,0.0,0.0,0,0,0,0,0,0,24,20,20000.0,20000.0,2,6,3.3333333,2.309401,5.3333335,0,0,0,1,0,0,0,0,1,5.0,2.0,6.0,24,0,0,0,0,0,0,1,2,1,6,1024,0,0,24,0.0,0.0,0,0,0.0,0.0,0,0,PortScan
443,237612,23,39,887,52779,405,0,38.565216,99.882126,2896,0,1353.3077,560.6578,225855.6,260.9296,3895.2788,13041.695,93876,1,237612,10800.546,20514.578,93876,1,202607,5331.763,19542.889,116094,49,0,0,0,0,748,1256,96.796455,164.13312,0,2896,851.84125,781.9518,611448.6,0,0,0,1,0,0,0,0,1,865.5806,38.565216,1353.3077,748,0,0,0,0,0,0,23,887,39,52779,65535,122,6,32,0.0,0.0,0,0,0.0,0.0,0,0,BENIGN
80,508791,3,4,26,11601,20,0,8.666667,10.263203,10135,0,2900.25,4871.8257,22852.213,13.758105,84798.5,197630.75,487866,28,20655,10327.5,14451.142,20546,109,508763,169587.67,275827.84,487866,193,0,0,0,0,72,92,5.896331,7.8617744,0,10135,1453.375,3544.652,12600000.0,0,0,0,1,0,0,0,0,1,1661.0,8.666667,2900.25,72,0,0,0,0,0,0,3,26,4,11601,8192,229,2,20,0.0,0.0,0,0,0.0,0.0,0,0,DDoS
80,98746990,8,4,305,11595,305,0,38.125,107.833786,8688,0,2898.75,4095.5662,120.51,0.12152269,8976999.0,29800000.0,98700000,4,98700000,14100000.0,37300000.0,98700000,4,65652,21884.0,33530.145,60503,187,0,0,0,0,264,136,0.081015125,0.040507562,0,8688,915.38464,2468.6694,6094328.5,0,0,0,0,1,0,0,0,0,991.6667,38.125,2898.75,264,0,0,0,0,0,0,8,305,4,11595,274,235,1,32,2012.0,0.0,2012,2012,98700000.0,0.0,98700000,98700000,DoS Hulk
53,99284,2,2,76,268,38,38,38.0,0.0,134,134,134.0,0.0,3464.808,40.288464,33094.668,57276.617,99232,3,3,3.0,0.0,3,3,49,49.0,0.0,49,49,0,0,0,0,64,64,20.144232,20.144232,38,134,76.4,52.581364,2764.8,0,0,0,0,0,0,0,0,1,95.5,38.0,134.0,64,0,0,0,0,0,0,2,76,2,268,-1,-1,1,32,0.0,0.0,0,0,0.0,0.0,0,0,BENIGN
1717,63,1,1,2,6,2,2,2.0,0.0,6,6,6.0,0.0,126984.125,31746.031,63.0,0.0,63,63,0,0.0,0.0,0,0,0,0.0,0.0,0,0,0,0,0,0,24,20,15873.016,15873.016,2,6,3.3333333,2.309401,5.3333335,0,0,0,1,0,0,0,0,1,5.0,2.0,6.0,24,0,0,0,0,0,0,1,2,1,6,1024,0,0,24,0.0,0.0,0,0,0.0,0.0,0,0,PortScan
80,169615,2,0,12,0,6,6,6.0,0.0,0,0,0.0,0.0,70.74846,11.7914095,169615.0,0.0,169615,169615,169615,169615.0,0.0,169615,169615,0,0.0,0.0,0,0,0,0,0,0,40,0,11.7914095,0.0,6,6,6.0,0.0,0.0,0,0,0,0,1,0,0,0,0,9.0,6.0,0.0,40,0,0,0,0,0,0,2,12,0,0,253,-1,1,20,0.0,0.0,0,0,0.0,0.0,0,0,BENIGN
80,15492,2,2,12,0,6,6,6.0,0.0,0,0,0.0,0.0,774.5933,258.19778,5164.0,8500.288,14977,74,515,515.0,0.0,515,515,15418,15418.0,0.0,15418,15418,0,0,0,0,40,64,129.09889,129.09889,0,6,3.6,3.2863352,10.8,1,0,0,0,0,0,0,0,1,4.5,6.0,0.0,40,0,0,0,0,0,0,2,12,2,0,0,235,1,20,0.0,0.0,0,0,0.0,0.0,0,0,DoS Hulk
4000,39,1,1,0,6,0,0,0.0,0.0,6,6,6.0,0.0,153846.16,51282.05,39.0,0.0,39,39,0,0.0,0.0,0,0,0,0.0,0.0,0,0,0,0,0,0,40,20,25641.025,25641.025,0,6,2.0,3.4641016,12.0,0,0,0,1,0,0,0,0,1,3.0,0.0,6.0,40,0,0,0,0,0,0,1,0,1,6,29200,0,0,40,0.0,0.0,0,0,0.0,0.0,0,0,PortScan
80,1143623,4,5,345,11595,345,0,86.25,172.5,7240,0,2319.0,3331.6382,10440.504,7.869726,142952.88,349157.75,999889,76,1012904,337634.66,573555.44,999889,1009,143658,35914.5,63118.87,130156,160,0,0,0,0,144,168,3.497656,4.3720703,0,7240,1194.0,2519.9365,6350080.0,0,0,0,1,0,0,0,0,1,1326.6666,86.25,2319.0,144,0,0,0,0,0,0,4,345,5,11595,29200,235,1,32,0.0,0.0,0,0,0.0,0.0,0,0,DoS Hulk
53,247,2,2,72,270,36,36,36.0,0.0,135,135,135.0,0.0,1384615.4,16194.332,82.333336,61.2073,153,46,46,46.0,0.0,46,46,48,48.0,0.0,48,48,0,0,0,0,64,64,8097.166,8097.166,36,135,75.6,54.224533,2940.3,0,0,0,0,0,0,0,0,1,94.5,36.0,135.0,64,0,0,0,0,0,0,2,72,2,270,-1,-1,1,32,0.0,0.0,0,0,0.0,0.0,0,0,BENIGN
80,98420660,6,5,415,11595,415,0,69.166664,169.42303,7240,0,2319.0,3331.6382,122.02722,0.11176515,9842066.0,31100000.0,98400000,1,98400000,19700000.0,44000000.0,98400000,1,42308,10577.0,14631.012,31135,45,0,0,0,0,200,168,0.06096281,0.050802343,0,7240,1000.8333,2324.5776,5403661.0,0,0,0,0,1,0,0,0,0,1091.8182,69.166664,2319.0,200,0,0,0,0,0,0,6,415,5,11595,274,235,1,32,2.0,0.0,2,2,98400000.0,0.0,98400000,98400000,DoS Hulk
80,10442738,4,0,24,0,6,6,6.0,0.0,0,0,0.0,0.0,2.2982478,0.3830413,3480912.8,6026943.0,10400000,993,10400000,3480912.8,6026943.0,10400000,993,0,0.0,0.0,0,0,0,0,0,0,80,0,0.3830413,0.0,6,6,6.0,0.0,0.0,0,0,0,0,1,0,0,0,0,7.5,6.0,0.0,80,0,0,0,0,0,0,4,24,0,0,256,-1,3,20,2511.0,0.0,2511,2511,10400000.0,0.0,10400000,10400000,DDoS
20005,49,1,1,0,6,0,0,0.0,0.0,6,6,6.0,0.0,122448.98,40816.33,49.0,0.0,49,49,0,0.0,0.0,0,0,0,0.0,0.0,0,0,0,0,0,0,40,20,20408.164,20408.164,0,6,2.0,3.4641016,12.0,0,0,0,1,0,0,0,0,1,3.0,0.0,6.0,40,0,0,0,0,0,0,1,0,1,6,29200,0,0,40,0.0,0.0,0,0,0.0,0.0,0,0,PortScan
80,7997854,5,0,30,0,6,6,6.0,0.0,0,0,0.0,0.0,3.7510061,0.6251677,1999463.5,3997594.2,7995855,1,7997854,1999463.5,3997594.2,7995855,1,0,0.0,0.0,0,0,0,0,0,0,100,0,0.6251677,0.0,6,6,6.0,0.0,0.0,0,0,0,0,1,0,0,0,0,7.2,6.0,0.0,100,0,0,0,0,0,0,5,30,0,0,256,-1,4,20,1999.0,0.0,1999,1999,7995855.0,0.0,7995855,7995855,DDoS
80,99728682,6,7,433,11595,415,0,72.166664,167.97906,5792,0,1656.4286,2120.7322,120.60723,0.13035367,8310723.5,28800000.0,99700000,1,99700000,19900000.0,44600000.0,99700000,1,99700000,16600000.0,40700000.0,99700000,46,0,0,0,0,164,232,0.060163233,0.07019044,0,5792,859.5714,1664.5537,2770739.0,1,0,0,0,0,0,0,0,1,925.6923,72.166664,1656.4286,164,0,0,0,0,0,0,6,433,7,11595,0,235,3,20,11021.0,0.0,11021,11021,99700000.0,0.0,99700000,99700000,DoS Hulk
443,12918,1,1,6,6,6,6,6.0,0.0,6,6,6.0,0.0,928.93634,154.82272,12918.0,0.0,12918,12918,0,0.0,0.0,0,0,0,0.0,0.0,0,0,0,0,0,0,20,20,77.41136,77.41136,6,6,6.0,0.0,0.0,1,0,0,0,1,0,0,0,1,9.0,6.0,6.0,20,0,0,0,0,0,0,1,6,1,6,0,0,0,20,0.0,0.0,0,0,0.0,0.0,0,0,BENIGN
5987,66,1,1,0,6,0,0,0.0,0.0,6,6,6.0,0.0,90909.09,30303.031,66.0,0.0,66,66,0,0.0,0.0,0,0,0,0.0,0.0,0,0,0,0,0,0,40,20,15151.516,15151.516,0,6,2.0,3.4641016,12.0,0,0,0,1,0,0,0,0,1,3.0,0.0,6.0,40,0,0,0,0,0,0,1,0,1,6,29200,0,0,40,0.0,0.0,0,0,0.0,0.0,0,0,PortScan
80,890969,3,5,26,11601,20,0,8.666667,10.263203,7300,0,2320.2,3022.508,13049.837,8.978988,127281.29,330892.22,877602,58,12659,6329.5,8802.772,12554,105,890911,222727.75,436621.78,877602,196,0,0,0,0,72,112,3.3671205,5.6118674,0,7300,1291.8889,2460.653,6054813.0,0,0,0,1,0,0,0,0,1,1453.375,8.666667,2320.2,72,0,0,0,0,0,0,3,26,5,11601,8192,229,2,20,0.0,0.0,0,0,0.0,0.0,0,0,DDoS
80,6156858,4,0,24,0,6,6,6.0,0.0,0,0,0.0,0.0,3.8980923,0.64968204,2052286.0,3553798.5,6155859,4,6156858,2052286.0,3553798.5,6155859,4,0,0.0,0.0,0,0,0,0,0,0,80,0,0.64968204,0.0,6,6,6.0,0.0,0.0,0,0,0,0,1,0,0,0,0,7.5,6.0,0.0,80,0,0,0,0,0,0,4,24,0,0,256,-1,3,20,999.0,0.0,999,999,6155859.0,0.0,6155859,6155859,DDoS
6779,43,1,1,0,6,0,0,0.0,0.0,6,6,6.0,0.0,139534.89,46511.63,43.0,0.0,43,43,0,0.0,0.0,0,0,0,0.0,0.0,0,0,0,0,0,0,40,20,23255.814,23255.814,0,6,2.0,3.4641016,12.0,0,0,0,1,0,0,0,0,1,3.0,0.0,6.0,40,0,0,0,0,0,0,1,0,1,6,29200,0,0,40,0.0,0.0,0,0,0.0,0.0,0,0,PortScan
80,201286,3,5,26,11601,20,0,8.666667,10.263203,4380,0,2320.2,2207.3413,57763.582,39.744442,28755.143,72340.836,192699,55,7717,3858.5,5378.9614,7662,55,200954,50238.5,95032.26,192699,154,0,0,0,0,72,112,14.904166,24.840277,0,4380,1291.8889,1980.7102,3923213.0,0,0,0,1,0,0,0,0,1,1453.375,8.666667,2320.2,72,0,0,0,0,0,0,3,26,5,11601,8192,229,2,20,0.0,0.0,0,0,0.0,0.0,0,0,DDoS
53,60580,1,1,42,233,42,42,42.0,0.0,233,233,233.0,0.0,4539.452,33.014194,60580.0,0.0,60580,60580,0,0.0,0.0,0,0,0,0.0,0.0,0,0,0,0,0,0,32,20,16.507097,16.507097,42,233,105.666664,110.2739,12160.333,0,0,0,0,0,0,0,0,1,158.5,42.0,233.0,32,0,0,0,0,0,0,1,42,1,233,-1,-1,0,32,0.0,0.0,0,0,0.0,0.0,0,0,BENIGN
3268,116837239,23,13,2986,6344,1305,0,129.82608,371.65192,2910,0,488.0,898.14844,79.854675,0.30812094,3338206.8,19700000.0,117000000,1,117000000,5310783.5,24900000.0,117000000,1,117000000,9736415.0,33700000.0,117000000,1,0,0,0,0,760,408,0.19685505,0.1112659,0,2910,252.16216,620.2522,384712.8,0,0,0,1,0,0,0,0,0,259.16666,129.82608,488.0,760,0,0,0,0,0,0,23,2986,13,6344,65535,0,10,32,20788.0,0.0,20788,20788,117000000.0,0.0,117000000,117000000,BENIGN
50006,45,1,1,0,6,0,0,0.0,0.0,6,6,6.0,0.0,133333.33,44444.445,45.0,0.0,45,45,0,0.0,0.0,0,0,0,0.0,0.0,0,0,0,0,0,0,40,20,22222.223,22222.223,0,6,2.0,3.4641016,12.0,0,0,0,1,0,0,0,0,1,3.0,0.0,6.0,40,0,0,0,0,0,0,1,0,1,6,29200,0,0,40,0.0,0.0,0,0,0.0,0.0,0,0,PortScan
443,71833447,19,22,2030,4842,758,0,106.8421,186.09235,1430,0,220.09091,427.47986,95.66574,0.5707648,1795836.1,9287272.0,58400000,2,71800000,3990747.0,13800000.0,58500000,4,71600000,3410312.0,12800000.0,58500000,2,0,0,0,0,392,452,0.26450074,0.306264,0,1430,163.61905,335.6481,112659.66,0,0,0,1,0,0,0,0,1,167.60976,106.8421,220.09091,392,0,0,0,0,0,0,19,2030,22,4842,8192,384,18,20,237754.67,90478.164,331758,151271,23600000.0,30100000.0,58400000,5612043,BENIGN
64648,607,3,1,43,6,31,6,14.333333,14.433757,6,6,6.0,0.0,80724.875,6589.7856,202.33333,324.6927,577,3,580,290.0,405.8793,577,3,0,0.0,0.0,0,0,0,0,0,0,60,20,4942.3394,1647.4464,6,31,11.0,11.18034,125.0,0,0,0,0,1,0,0,0,0,13.75,14.333333,6.0,60,0,0,0,0,0,0,3,43,1,6,980,0,2,20,0.0,0.0,0,0,0.0,0.0,0,0,BENIGN
80,149469,3,6,415,11595,415,0,138.33333,239.60036,5792,0,1932.5,2181.0083,80351.11,60.213154,18683.625,46933.56,134116,5,15025,7512.5,10617.208,15020,5,149442,29888.4,58623.04,134116,46,0,0,0,0,104,200,20.07105,40.1421,0,5792,1201.0,1883.8358,3548837.2,0,0,0,1,0,0,0,0,2,1334.4445,138.33333,1932.5,104,0,0,0,0,0,0,3,415,6,11595,29200,235,1,32,0.0,0.0,0,0,0.0,0.0,0,0,DoS Hulk
80,98712909,7,6,374,11595,374,0,53.42857,141.35872,7240,0,1932.5,2845.8357,121.2506,0.13169503,8226076.0,28500000.0,98700000,1,98700000,16400000.0,40300000.0,98700000,1,60645,12129.0,20854.213,48288,4,0,0,0,0,232,200,0.07091271,0.060782325,0,7240,854.9286,2015.4877,4062190.5,0,0,0,0,1,0,0,0,0,920.6923,53.42857,1932.5,232,0,0,0,0,0,0,7,374,6,11595,251,235,1,32,3.0,0.0,3,3,98700000.0,0.0,98700000,98700000,DoS Hulk
21,9662154,9,15,108,188,23,0,12.0,9.682458,34,0,12.533334,14.54975,30.63499,2.4839182,420093.66,1102731.4,3684190,3,7056849,882106.1,1631764.6,3726468,236,9662054,690146.7,1362782.9,3684190,3,0,0,0,0,296,488,0.9314693,1.5524489,0,34,11.84,12.684242,160.89,0,0,0,1,0,0,0,0,1,12.333333,12.0,12.533334,296,0,0,0,0,0,0,9,108,15,188,29200,227,6,32,0.0,0.0,0,0,0.0,0.0,0,0,FTP-Patator
80,4979904,5,0,30,0,6,6,6.0,0.0,0,0,0.0,0.0,6.0242124,1.0040355,1244976.0,2486598.5,4974873,187,4979904,1244976.0,2486598.5,4974873,187,0,0.0,0.0,0,0,0,0,0,0,100,0,1.0040355,0.0,6,6,6.0,0.0,0.0,0,0,0,0,1,0,0,0,0,7.2,6.0,0.0,100,0,0,0,0,0,0,5,30,0,0,256,-1,4,20,0.0,0.0,0,0,0.0,0.0,0,0,DDoS
1025,79,1,1,0,6,0,0,0.0,0.0,6,6,6.0,0.0,75949.37,25316.455,79.0,0.0,79,79,0,0.0,0.0,0,0,0,0.0,0.0,0,0,0,0,0,0,40,20,12658.228,12658.228,0,6,2.0,3.4641016,12.0,0,0,0,1,0,0,0,0,1,3.0,0.0,6.0,40,0,0,0,0,0,0,1,0,1,6,29200,0,0,40,0.0,0.0,0,0,0.0,0.0,0,0,PortScan
80,867752,3,5,26,11607,20,0,8.666667,10.263203,10135,0,2321.4,4413.202,13405.904,9.219224,123964.57,327414.66,866471,4,1023,511.5,440.52753,823,200,867692,216923.0,433032.22,866471,4,0,0,0,0,72,112,3.4572089,5.762015,0,10135,1292.5555,3350.635,11200000.0,0,0,0,1,0,0,0,0,1,1454.125,8.666667,2321.4,72,0,0,0,0,0,0,3,26,5,11607,8192,229,2,20,0.0,0.0,0,0,0.0,0.0,0,0,DDoS
53,190,2,2,74,194,37,37,37.0,0.0,97,97,97.0,0.0,1410526.4,21052.63,63.333332,68.63187,138,3,49,49.0,0.0,49,49,3,3.0,0.0,3,3,0,0,0,0,40,40,10526.315,10526.315,37,97,61.0,32.863354,1080.0,0,0,0,0,0,0,0,0,1,76.25,37.0,97.0,40,0,0,0,0,0,0,2,74,2,194,-1,-1,1,20,0.0,0.0,0,0,0.0,0.0,0,0,BENIGN
80,119153389,7,2,0,0,0,0,0.0,0.0,0,0,0.0,0.0,0.0,0.07553289,14900000.0,31000000.0,86600000,1,119000000,19900000.0,35000000.0,86600000,1,31600000,31600000.0,0.0,31600000,31600000,0,0,0,0,240,80,0.058747806,0.016785087,0,0,0.0,0.0,0.0,0,0,0,0,1,0,0,0,0,0.0,0.0,0.0,240,0,0,0,0,0,0,7,0,2,0,251,28960,0,32,500279.5,707497.8,1000556,3,59100000.0,38900000.0,86600000,31600000,DoS Hulk
80,97399916,6,5,375,11595,357,0,62.5,144.30489,11584,0,2319.0,5179.2944,122.895386,0.112936445,9739992.0,30800000.0,97400000,1,97400000,19500000.0,43500000.0,97400000,1,97400000,24300000.0,48700000.0,97400000,188,0,0,0,0,164,168,0.061601695,0.051334746,0,11584,998.0,3335.276,11100000.0,1,0,0,0,0,0,0,0,0,1088.7273,62.5,2319.0,164,0,0,0,0,0,0,6,375,5,11595,0,235,3,20,17000.0,0.0,17000,17000,97400000.0,0.0,97400000,97400000,DoS Hulk
1,44,1,1,2,6,2,2,2.0,0.0,6,6,6.0,0.0,181818.19,45454.547,44.0,0.0,44,44,0,0.0,0.0,0,0,0,0.0,0.0,0,0,0,0,0,0,24,20,22727.273,22727.273,2,6,3.3333333,2.309401,5.3333335,0,0,0,1,0,0,0,0,1,5.0,2.0,6.0,24,0,0,0,0,0,0,1,2,1,6,1024,0,0,24,0.0,0.0,0,0,0.0,0.0,0,0,PortScan
57439,78,1,1,0,0,0,0,0.0,0.0,0,0,0.0,0.0,0.0,25641.025,78.0,0.0,78,78,0,0.0,0.0,0,0,0,0.0,0.0,0,0,0,0,0,0,32,32,12820.513,12820.513,0,0,0.0,0.0,0.0,0,0,0,0,1,1,0,0,1,0.0,0.0,0.0,32,0,0,0,0,0,0,1,0,1,0,357,398,0,32,0.0,0.0,0,0,0.0,0.0,0,0,BENIGN
80,85518427,6,7,987,11595,327,0,164.5,178.02332,5792,0,1656.4286,2118.2273,147.12619,0.15201402,7126535.5,24500000.0,84900000,2,85400000,17100000.0,37900000.0,84900000,2,580811,96801.836,178574.89,443998,46,0,0,0,0,188,232,0.070160314,0.0818537,0,5792,899.1429,1643.8711,2702312.2,1,0,0,0,0,0,0,0,1,968.3077,164.5,1656.4286,188,0,0,0,0,0,0,6,987,7,11595,0,235,3,20,0.0,0.0,0,0,84900000.0,0.0,84900000,84900000,DoS Hulk
49666,46,1,1,0,0,0,0,0.0,0.0,0,0,0.0,0.0,0.0,43478.26,46.0,0.0,46,46,0,0.0,0.0,0,0,0,0.0,0.0,0,0,0,0,0,0,20,20,21739.13,21739.13,0,0,0.0,0.0,0.0,0,0,0,0,1,1,0,0,1,0.0,0.0,0.0,20,0,0,0,0,0,0,1,0,1,0,251,2048,0,20,0.0,0.0,0,0,0.0,0.0,0,0,BENIGN
8001,49,1,1,2,6,2,2,2.0,0.0,6,6,6.0,0.0,163265.31,40816.33,49.0,0.0,49,49,0,0.0,0.0,0,0,0,0.0,0.0,0,0,0,0,0,0,24,20,20408.164,20408.164,2,6,3.3333333,2.309401,5.3333335,0,0,0,1,0,0,0,0,1,5.0,2.0,6.0,24,0,0,0,0,0,0,1,2,1,6,1024,0,0,24,0.0,0.0,0,0,0.0,0.0,0,0,PortScan
7937,99,2,2,4,12,2,2,2.0,0.0,6,6,6.0,0.0,161616.16,40404.04,33.0,26.851442,49,2,49,49.0,0.0,49,49,2,2.0,0.0,2,2,0,0,0,0,48,40,20202.02,20202.02,2,6,3.6,2.1908903,4.8,0,0,0,1,0,0,0,0,1,4.5,2.0,6.0,48,0,0,0,0,0,0,2,4,2,12,1024,0,1,24,0.0,0.0,0,0,0.0,0.0,0,0,BENIGN
443,4117913,5,1,123,46,46,0,24.6,23.276598,46,46,46.0,0.0,41.040207,1.4570488,823582.6,1814001.2,4068346,37,4117913,1029478.25,2026042.8,4068346,37,0,0.0,0.0,0,0,1,0,0,0,160,32,1.2142073,0.24284145,0,46,30.714285,21.684975,470.2381,0,1,0,0,1,0,0,0,0,35.833332,24.6,46.0,160,0,0,0,0,0,0,5,123,1,46,332,179,2,32,0.0,0.0,0,0,0.0,0.0,0,0,BENIGN
80,85477159,5,6,385,11595,373,0,77.0,165.49623,7240,0,1932.5,3126.6826,140.1544,0.12868935,8547716.0,27000000.0,85300000,4,85300000,21300000.0,42700000.0,85300000,4,85500000,17100000.0,38100000.0,85300000,59,0,0,0,0,144,200,0.05849516,0.07019419,0,7240,998.8333,2324.871,5405025.0,1,0,0,0,0,0,0,0,1,1089.6364,77.0,1932.5,144,0,0,0,0,0,0,5,385,6,11595,0,235,2,20,10988.0,0.0,10988,10988,85300000.0,0.0,85300000,85300000,DoS Hulk
80,99192346,5,7,373,11595,361,0,74.6,160.13057,4355,0,1656.4286,2121.9836,120.65447,0.120977074,9017486.0,29900000.0,99200000,3,99200000,24800000.0,49600000.0,99200000,437,99200000,16500000.0,40500000.0,99200000,3,0,0,0,0,144,232,0.050407115,0.07056996,0,4355,921.0769,1715.727,2943719.2,1,0,0,0,0,0,0,0,1,997.8333,74.6,1656.4286,144,0,0,0,0,0,0,5,373,7,11595,0,235,2,20,13981.0,0.0,13981,13981,99200000.0,0.0,99200000,99200000,DoS Hulk
80,74955680,9,6,62,11607,20,0,6.888889,5.3019915,5840,0,1934.5,2538.9192,155.67867,0.20011826,5353977.0,18800000.0,70500000,1,73100000,9142544.0,24800000.0,70500000,1,1816101,363220.2,811665.25,1815171,3,0,0,0,0,192,132,0.12007096,0.0800473,0,5840,729.6875,1754.3447,3077725.5,0,0,0,0,1,0,0,0,0,778.3333,6.888889,1934.5,192,0,0,0,0,0,0,9,62,6,11607,256,229,7,20,2613867.0,0.0,2613867,2613867,70500000.0,0.0,70500000,70500000,DDoS
80,264911,3,5,26,11607,20,0,8.666667,10.263203,10135,0,2321.4,4413.202,43912.86,30.198822,37844.43,99719.29,263986,5,710,355.0,434.16357,662,48,264858,66214.5,131847.97,263986,5,0,0,0,0,72,112,11.324558,18.874264,0,10135,1292.5555,3350.635,11200000.0,0,0,0,1,0,0,0,0,1,1454.125,8.666667,2321.4,72,0,0,0,0,0,0,3,26,5,11607,8192,229,2,20,0.0,0.0,0,0,0.0,0.0,0,0,DDoS
80,63101766,7,0,0,0,0,0,0.0,0.0,0,0,0.0,0.0,0.0,0.11093192,10500000.0,11900000.0,32100000,998391,63100000,10500000.0,11900000.0,32100000,998391,0,0.0,0.0,0,0,0,0,0,0,280,0,0.11093192,0.0,0,0,0.0,0.0,0.0,0,0,0,1,0,0,0,0,0,0.0,0.0,0.0,280,0,0,0,0,0,0,7,0,0,0,29200,-1,0,40,7006359.0,0.0,7006359,7006359,18700000.0,12200000.0,32100000,8015711,DoS Slowhttptest
80,85480898,8,7,365,11595,365,0,45.625,129.04698,5792,0,1656.4286,1947.6382,139.9143,0.1754778,6105778.5,22600000.0,84500000,1,85500000,12200000.0,31900000.0,84500000,1,6735,1122.5,2433.0195,6087,46,0,0,0,0,272,232,0.09358816,0.08188964,0,5792,747.5,1486.8127,2210612.2,0,0,0,0,1,0,0,0,0,797.3333,45.625,1656.4286,272,0,0,0,0,0,0,8,365,7,11595,274,235,1,32,1010.0,0.0,1010,1010,84500000.0,0.0,84500000,84500000,DoS Hulk
80,2468,2,0,0,0,0,0,0.0,0.0,0,0,0.0,0.0,0.0,810.37274,2468.0,0.0,2468,2468,2468,2468.0,0.0,2468,2468,0,0.0,0.0,0,0,0,0,0,0,64,0,810.37274,0.0,0,0,0.0,0.0,0.0,0,0,0,0,1,1,0,0,0,0.0,0.0,0.0,64,0,0,0,0,0,0,2,0,0,0,227,-1,0,32,0.0,0.0,0,0,0.0,0.0,0,0,DoS GoldenEye
443,116895702,24,20,4158,5401,1941,0,173.25,503.67874,1413,0,270.05,545.87213,81.77375,0.37640393,2718504.8,4447627.5,10205057,18,116895702,5082422.0,5053587.5,10240007,18,113907507,5995132.0,5082594.5,10240213,42,0,0,0,0,776,648,0.20531122,0.17109269,0,1941,212.42223,514.44684,264655.53,0,0,0,1,0,0,0,0,0,217.25,173.25,270.05,776,0,0,0,0,0,0,24,4158,20,5401,29200,23168,5,32,179868.64,480162.5,1627613,34895,10175311.0,67616.305,10205057,10007362,BENIGN
443,119593057,69,67,16055,54712,2964,0,232.68115,561.886,1530,0,816.597,652.16437,591.7317,1.1371897,885874.5,2760966.5,10000000,0,120000000,1758721.4,3715351.8,10000000,1,115000000,1740404.8,3750040.2,10000000,1,0,0,0,0,2216,2152,0.57695657,0.5602332,0,2964,516.5474,671.90753,451459.75,0,0,0,1,0,0,0,0,0,520.3456,232.68115,816.597,2216,0,0,0,0,0,0,69,16055,67,54712,29200,678,16,32,431790.8,1309926.9,4381369,36637,10000000.0,1774.589,10000000,10000000,BENIGN
22,11936548,21,32,2008,2745,640,0,95.61905,140.04517,976,0,85.78125,220.24059,398.1888,4.4401445,229549.0,624896.4,2440279,19,9968936,498446.8,893911.56,2515565,286,11900000,385045.88,775929.1,2440279,19,0,0,0,0,680,1032,1.7593026,2.6808422,0,976,88.01852,189.59027,35944.473,0,0,0,1,0,0,0,0,1,89.679245,95.61905,85.78125,680,0,0,0,0,0,0,21,2008,32,2745,29200,247,16,32,0.0,0.0,0,0,0.0,0.0,0,0,SSH-Patator
80,1668485,3,6,26,11607,20,0,8.666667,10.263203,4380,0,1934.5,2177.345,6972.1934,5.394115,208560.62,589460.1,1667400,5,752,376.0,255.97266,557,195,1668432,333686.4,745568.6,1667400,5,0,0,0,0,72,132,1.7980384,3.5960767,0,4380,1163.3,1903.9626,3625073.8,0,0,0,1,0,0,0,0,2,1292.5555,8.666667,1934.5,72,0,0,0,0,0,0,3,26,6,11607,8192,229,2,20,0.0,0.0,0,0,0.0,0.0,0,0,DDoS
80,3002933,5,0,30,0,6,6,6.0,0.0,0,0,0.0,0.0,9.990232,1.6650388,750733.25,1500122.6,3000917,3,3002933,750733.25,1500122.6,3000917,3,0,0.0,0.0,0,0,0,0,0,0,100,0,1.6650388,0.0,6,6,6.0,0.0,0.0,0,0,0,0,1,0,0,0,0,7.2,6.0,0.0,100,0,0,0,0,0,0,5,30,0,0,256,-1,4,20,0.0,0.0,0,0,0.0,0.0,0,0,DDoS
53,189195,1,1,48,64,48,48,48.0,0.0,64,64,64.0,0.0,591.9818,10.571104,189195.0,0.0,189195,189195,0,0.0,0.0,0,0,0,0.0,0.0,0,0,0,0,0,0,20,20,5.285552,5.285552,48,64,53.333332,9.237604,85.333336,0,0,0,0,0,0,0,0,1,80.0,48.0,64.0,20,0,0,0,0,0,0,1,48,1,64,-1,-1,0,20,0.0,0.0,0,0,0.0,0.0,0,0,BENIGN
3827,36,1,1,0,6,0,0,0.0,0.0,6,6,6.0,0.0,166666.67,55555.555,36.0,0.0,36,36,0,0.0,0.0,0,0,0,0.0,0.0,0,0,0,0,0,0,40,20,27777.777,27777.777,0,6,2.0,3.4641016,12.0,0,0,0,1,0,0,0,0,1,3.0,0.0,6.0,40,0,0,0,0,0,0,1,0,1,6,29200,0,0,40,0.0,0.0,0,0,0.0,0.0,0,0,PortScan
10243,46,1,1,2,6,2,2,2.0,0.0,6,6,6.0,0.0,173913.05,43478.26,46.0,0.0,46,46,0,0.0,0.0,0,0,0,0.0,0.0,0,0,0,0,0,0,24,20,21739.13,21739.13,2,6,3.3333333,2.309401,5.3333335,0,0,0,1,0,0,0,0,1,5.0,2.0,6.0,24,0,0,0,0,0,0,1,2,1,6,1024,0,0,24,0.0,0.0,0,0,0.0,0.0,0,0,PortScan
80,98887624,9,6,328,11595,328,0,36.444443,109.333336,5792,0,1932.5,2362.7815,120.571205,0.15168734,7063401.5,26400000.0,98700000,4,98700000,12300000.0,34900000.0,98700000,4,152680,30536.0,61507.74,140180,95,0,0,0,0,296,200,0.0910124,0.06067493,0,5792,745.1875,1664.2062,2769582.0,0,0,0,0,1,0,0,0,0,794.86664,36.444443,1932.5,296,0,0,0,0,0,0,9,328,6,11595,251,235,1,32,5789.0,0.0,5789,5789,98700000.0,0.0,98700000,98700000,DoS Hulk
53,124,2,2,88,188,44,44,44.0,0.0,94,94,94.0,0.0,2225806.5,32258.064,41.333332,68.134674,120,1,3,3.0,0.0,3,3,1,1.0,0.0,1,1,0,0,0,0,40,40,16129.032,16129.032,44,94,64.0,27.386127,750.0,0,0,0,0,0,0,0,0,1,80.0,44.0,94.0,40,0,0,0,0,0,0,2,88,2,188,-1,-1,1,20,0.0,0.0,0,0,0.0,0.0,0,0,BENIGN
80,7858,2,0,12,0,6,6,6.0,0.0,0,0,0.0,0.0,1527.1061,254.51768,7858.0,0.0,7858,7858,7858,7858.0,0.0,7858,7858,0,0.0,0.0,0,0,0,0,0,0,40,0,254.51768,0.0,6,6,6.0,0.0,0.0,0,0,0,0,1,0,0,0,0,9.0,6.0,0.0,40,0,0,0,0,0,0,2,12,0,0,254,-1,1,20,0.0,0.0,0,0,0.0,0.0,0,0,BENIGN
53,186,2,2,90,172,45,45,45.0,0.0,86,86,86.0,0.0,1408602.1,21505.377,62.0,67.75692,136,3,3,3.0,0.0,3,3,47,47.0,0.0,47,47,0,0,0,0,64,64,10752.688,10752.688,45,86,61.4,22.456625,504.3,0,0,0,0,0,0,0,0,1,76.75,45.0,86.0,64,0,0,0,0,0,0,2,90,2,172,-1,-1,1,32,0.0,0.0,0,0,0.0,0.0,0,0,BENIGN
43132,86,1,2,0,0,0,0,0.0,0.0,0,0,0.0,0.0,0.0,34883.723,43.0,7.071068,48,38,0,0.0,0.0,0,0,48,48.0,0.0,48,48,0,0,0,0,32,64,11627.907,23255.814,0,0,0.0,0.0,0.0,0,0,0,0,1,1,0,0,2,0.0,0.0,0.0,32,0,0,0,0,0,0,1,0,2,0,243,290,0,32,0.0,0.0,0,0,0.0,0.0,0,0,BENIGN
57210,17,1,1,6,6,6,6,6.0,0.0,6,6,6.0,0.0,705882.4,117647.06,17.0,0.0,17,17,0,0.0,0.0,0,0,0,0.0,0.0,0,0,0,0,0,0,20,20,58823.53,58823.53,6,6,6.0,0.0,0.0,0,0,0,0,1,1,0,0,1,9.0,6.0,6.0,20,0,0,0,0,0,0,1,6,1,6,946,253,0,20,0.0,0.0,0,0,0.0,0.0,0,0,BENIGN
88,85,1,4,6,24,6,6,6.0,0.0,6,6,6.0,0.0,352941.2,58823.53,21.25,31.308945,67,1,0,0.0,0.0,0,0,69,23.0,38.105118,67,1,0,0,0,0,20,80,11764.706,47058.824,6,6,6.0,0.0,0.0,0,0,0,0,1,1,0,0,4,7.2,6.0,6.0,20,0,0,0,0,0,0,1,6,4,24,256,0,0,20,0.0,0.0,0,0,0.0,0.0,0,0,BENIGN
80,26520,3,6,333,11595,333,0,111.0,192.25764,4344,0,1932.5,1754.8314,449773.75,339.36652,3315.0,6276.281,16243,4,9999,4999.5,7061.8755,9993,6,26516,5303.2,7478.897,16243,8,0,0,0,0,104,200,113.12217,226.24434,0,4344,1192.8,1622.3329,2631964.0,0,0,0,1,0,0,0,0,2,1325.3334,111.0,1932.5,104,0,0,0,0,0,0,3,333,6,11595,29200,235,1,32,0.0,0.0,0,0,0.0,0.0,0,0,DoS Hulk
80,8559774,5,0,30,0,6,6,6.0,0.0,0,0,0.0,0.0,3.5047655,0.58412755,2139943.5,4278552.5,8557772,3,8559774,2139943.5,4278552.5,8557772,3,0,0.0,0.0,0,0,0,0,0,0,100,0,0.58412755,0.0,6,6,6.0,0.0,0.0,0,0,0,0,1,0,0,0,0,7.2,6.0,0.0,100,0,0,0,0,0,0,5,30,0,0,256,-1,4,20,2002.0,0.0,2002,2002,8557772.0,0.0,8557772,8557772,DDoS
50454,3,2,0,12,0,6,6,6.0,0.0,0,0,0.0,0.0,4000000.0,666666.7,3.0,0.0,3,3,3,3.0,0.0,3,3,0,0.0,0.0,0,0,0,0,0,0,40,0,666666.7,0.0,6,6,6.0,0.0,0.0,0,0,0,0,1,0,0,0,0,9.0,6.0,0.0,40,0,0,0,0,0,0,2,12,0,0,31,-1,1,20,0.0,0.0,0,0,0.0,0.0,0,0,BENIGN
80,43792,3,5,26,11601,20,0,8.666667,10.263203,4380,0,2320.2,2207.3413,265505.12,182.68176,6256.0,14229.401,38272,4,5021,2510.5,3544.7263,5017,4,43671,10917.75,18377.611,38272,190,0,0,0,0,72,112,68.50566,114.1761,0,4380,1291.8889,1980.7102,3923213.0,0,0,0,1,0,0,0,0,1,1453.375,8.666667,2320.2,72,0,0,0,0,0,0,3,26,5,11601,8192,229,2,20,0.0,0.0,0,0,0.0,0.0,0,0,DDoS
80,83544066,9,6,378,11595,372,0,42.0,123.76591,5792,0,1932.5,2181.0083,143.31358,0.17954597,5967433.5,22300000.0,83400000,2,83400000,10400000.0,29500000.0,83400000,2,147403,29480.6,58259.047,133142,46,0,0,0,0,284,200,0.10772758,0.07181839,0,5792,748.3125,1578.3999,2491346.2,0,0,0,0,1,0,0,0,0,798.2,42.0,1932.5,284,0,0,0,0,0,0,9,378,6,11595,251,235,2,20,1995.0,0.0,1995,1995,83400000.0,0.0,83400000,83400000,DoS Hulk
139,503,3,1,0,0,0,0,0.0,0.0,0,0,0.0,0.0,0.0,7952.286,167.66667,209.42859,407,18,503,251.5,330.21887,485,18,0,0.0,0.0,0,0,0,0,0,0,104,40,5964.215,1988.0715,0,0,0.0,0.0,0.0,0,0,0,1,0,0,0,0,0,0.0,0.0,0.0,104,0,0,0,0,0,0,3,0,1,0,29200,28960,0,32,0.0,0.0,0,0,0.0,0.0,0,0,PortScan
443,293870,15,10,976,7408,469,0,65.066666,134.34894,1586,0,740.8,749.5048,28529.621,85.07163,12244.583,24635.744,89741,1,293870,20990.715,29834.893,89920,1,234896,26099.555,39905.95,91757,1,0,0,0,0,492,328,51.042976,34.028652,0,1586,322.46155,571.18634,326253.84,0,0,0,1,0,0,0,0,0,335.36,65.066666,740.8,492,0,0,0,0,0,0,15,976,10,7408,65535,357,6,32,0.0,0.0,0,0,0.0,0.0,0,0,BENIGN
80,98615104,6,5,416,11595,398,0,69.333336,161.03995,11595,0,2319.0,5185.4414,121.79676,0.11154478,9861510.0,31200000.0,98600000,5,98600000,19700000.0,44100000.0,98600000,156,98600000,24700000.0,49300000.0,98600000,5,0,0,0,0,164,168,0.060842607,0.050702173,0,11595,1001.4167,3338.0527,11100000.0,1,0,0,0,0,0,0,0,0,1092.4546,69.333336,2319.0,164,0,0,0,0,0,0,6,416,5,11595,0,235,3,20,11987.0,0.0,11987,11987,98600000.0,0.0,98600000,98600000,DoS Hulk
443,5547155,6,4,611,164,517,0,101.833336,204.30508,152,0,41.0,74.05403,139.71126,1.8027259,616350.56,1798347.5,5411646,4,5547155,1109431.0,2440376.0,5474803,4,111835,37278.332,41500.57,82180,330,0,0,0,0,132,92,1.0816356,0.7210904,0,517,70.454544,154.75682,23949.672,0,0,0,1,0,0,0,0,0,77.5,101.833336,41.0,132,0,0,0,0,0,0,6,611,4,164,8192,946,5,20,135505.0,0.0,135505,135505,5411646.0,0.0,5411646,5411646,BENIGN
51961,184,1,3,6,18,6,6,6.0,0.0,6,6,6.0,0.0,130434.78,21739.13,61.333332,57.046764,117,3,0,0.0,0.0,0,0,67,33.5,43.133514,64,3,0,0,0,0,20,60,5434.7827,16304.348,6,6,6.0,0.0,0.0,0,0,0,0,1,1,0,0,3,7.5,6.0,6.0,20,0,0,0,0,0,0,1,6,3,18,256,389,0,20,0.0,0.0,0,0,0.0,0.0,0,0,BENIGN
80,98637225,7,6,360,11595,354,0,51.42857,133.4402,5792,0,1932.5,2181.0083,121.201706,0.13179608,8219769.0,28500000.0,98600000,1,98600000,16400000.0,40300000.0,98600000,1,7990,1598.0,3135.1357,7191,46,0,0,0,0,220,200,0.07096712,0.06082896,0,5792,853.9286,1666.5939,2777535.2,0,0,0,0,1,0,0,0,0,919.61536,51.42857,1932.5,220,0,0,0,0,0,0,7,360,6,11595,251,235,2,20,1002.0,0.0,1002,1002,98600000.0,0.0,98600000,98600000,DoS Hulk
80,145501,3,6,329,11595,329,0,109.666664,189.94824,4344,0,1932.5,1754.8314,81951.33,61.855244,18187.625,45896.33,131140,4,13995,6997.5,9890.303,13991,4,145434,29086.8,57366.402,131140,48,0,0,0,0,104,200,20.618416,41.23683,0,4344,1192.4,1622.5688,2632729.8,0,0,0,1,0,0,0,0,2,1324.8889,109.666664,1932.5,104,0,0,0,0,0,0,3,329,6,11595,29200,235,1,32,0.0,0.0,0,0,0.0,0.0,0,0,DoS Hulk
53,100377,2,2,58,190,29,29,29.0,0.0,95,95,95.0,0.0,2470.6855,39.849766,33459.0,57949.223,100373,1,1,1.0,0.0,1,1,3,3.0,0.0,3,3,0,0,0,0,64,40,19.924883,19.924883,29,95,55.4,36.14969,1306.8,0,0,0,0,0,0,0,0,1,69.25,29.0,95.0,64,0,0,0,0,0,0,2,58,2,190,-1,-1,1,32,0.0,0.0,0,0,0.0,0.0,0,0,BENIGN
80,98308998,9,6,368,11595,368,0,40.88889,122.666664,5792,0,1932.5,2181.0083,121.687744,0.15258013,7022071.5,26300000.0,98300000,1,98300000,12300000.0,34800000.0,98300000,1,6747,1349.4,2621.107,6030,45,0,0,0,0,296,200,0.09154808,0.061032053,0,5792,747.6875,1578.6526,2492144.0,0,0,0,0,1,0,0,0,0,797.5333,40.88889,1932.5,296,0,0,0,0,0,0,9,368,6,11595,251,235,1,32,996.0,0.0,996,996,98300000.0,0.0,98300000,98300000,DoS Hulk
443,291435,10,6,587,3834,197,0,58.7,74.54909,2079,0,639.0,886.96967,15169.764,54.90075,19429.0,32358.213,123903,3,291435,32381.666,37067.48,123903,3,107550,21510.0,28818.54,53762,3,0,0,0,0,212,132,34.31297,20.587782,0,2079,260.05884,576.5336,332391.06,0,0,0,1,0,0,0,0,0,276.3125,58.7,639.0,212,0,0,0,0,0,0,10,587,6,3834,8192,115,9,20,0.0,0.0,0,0,0.0,0.0,0,0,BENIGN
80,85812660,9,6,378,11595,378,0,42.0,126.0,4344,0,1932.5,2178.085,139.52487,0.17479938,6129475.5,22600000.0,84800000,1,85800000,10700000.0,29900000.0,84800000,1,4621,924.2,1751.4984,4050,15,0,0,0,0,304,200,0.10487963,0.06991975,0,4344,748.3125,1577.1482,2487396.5,0,0,0,0,1,0,0,0,0,798.2,42.0,1932.5,304,0,0,0,0,0,0,9,378,6,11595,251,235,1,32,999.0,0.0,999,999,84800000.0,0.0,84800000,84800000,DoS Hulk
80,544756,3,6,26,11601,20,0,8.666667,10.263203,4380,0,1933.5,1757.7899,21343.5,16.521158,68094.5,182182.14,518428,47,25986,12993.0,18014.252,25731,255,544706,108941.2,229184.33,518428,50,0,0,0,0,72,132,5.507053,11.014106,0,4380,1162.7,1645.2418,2706820.5,0,0,0,1,0,0,0,0,2,1291.8889,8.666667,1933.5,72,0,0,0,0,0,0,3,26,6,11601,8192,229,2,20,0.0,0.0,0,0,0.0,0.0,0,0,DDoS
80,7827800,4,0,24,0,6,6,6.0,0.0,0,0,0.0,0.0,3.0659955,0.51099926,2609266.8,4517656.5,7825807,979,7827800,2609266.8,4517656.5,7825807,979,0,0.0,0.0,0,0,0,0,0,0,80,0,0.51099926,0.0,6,6,6.0,0.0,0.0,0,0,0,0,1,0,0,0,0,7.5,6.0,0.0,80,0,0,0,0,0,0,4,24,0,0,256,-1,3,20,1993.0,0.0,1993,1993,7825807.0,0.0,7825807,7825807,DDoS
80,2110,3,4,374,11595,374,0,124.666664,215.929,11595,0,2898.75,5797.5,5672512.0,3317.5356,351.66666,394.9707,900,45,1065,532.5,583.3631,945,120,2065,688.3333,455.2761,1069,184,0,0,0,0,104,136,1421.8009,1895.7346,0,11595,1496.125,4082.66,16700000.0,0,0,0,1,0,0,0,0,1,1709.8572,124.666664,2898.75,104,0,0,0,0,0,0,3,374,4,11595,29200,235,1,32,0.0,0.0,0,0,0.0,0.0,0,0,DoS Hulk
80,1227893,3,5,26,11607,20,0,8.666667,10.263203,8675,0,2321.4,3769.5361,9473.952,6.515226,175413.28,463667.4,1226912,20,707,353.5,412.24326,645,62,1227846,306961.5,613300.44,1226912,20,0,0,0,0,72,112,2.4432096,4.0720162,0,8675,1292.5555,2931.4294,8593279.0,0,0,0,1,0,0,0,0,1,1454.125,8.666667,2321.4,72,0,0,0,0,0,0,3,26,5,11607,8192,229,2,20,0.0,0.0,0,0,0.0,0.0,0,0,DDoS
53,620,1,1,51,111,51,51,51.0,0.0,111,111,111.0,0.0,261290.33,3225.8064,620.0,0.0,620,620,0,0.0,0.0,0,0,0,0.0,0.0,0,0,0,0,0,0,32,32,1612.9032,1612.9032,51,111,71.0,34.641018,1200.0,0,0,0,0,0,0,0,0,1,106.5,51.0,111.0,32,0,0,0,0,0,0,1,51,1,111,-1,-1,0,32,0.0,0.0,0,0,0.0,0.0,0,0,BENIGN
80,5471599,3,1,12,0,6,0,4.0,3.4641016,0,0,0.0,0.0,2.1931431,0.73104775,1823866.4,3126858.0,5434388,132,5471599,2735799.5,3816380.5,5434388,37211,0,0.0,0.0,0,0,0,0,0,0,72,32,0.5482858,0.18276194,0,6,2.4,3.2863352,10.8,0,0,0,1,0,0,0,0,0,3.0,4.0,0.0,72,0,0,0,0,0,0,3,12,1,0,8192,29200,2,20,0.0,0.0,0,0,0.0,0.0,0,0,BENIGN
80,8523,3,6,342,11595,342,0,114.0,197.4538,7240,0,1932.5,2695.6392,1400563.1,1055.9662,1065.375,1958.717,5440,30,8006,4003.0,2119.9062,5502,2504,8461,1692.2,3511.937,7974,72,0,0,0,0,104,200,351.98874,703.9775,0,7240,1193.7,2226.2937,4956384.0,0,0,0,1,0,0,0,0,2,1326.3334,114.0,1932.5,104,0,0,0,0,0,0,3,342,6,11595,29200,235,1,32,0.0,0.0,0,0,0.0,0.0,0,0,DoS Hulk
53,195,2,2,82,254,41,41,41.0,0.0,127,127,127.0,0.0,1723076.9,20512.82,65.0,107.38715,189,3,3,3.0,0.0,3,3,3,3.0,0.0,3,3,0,0,0,0,64,80,10256.41,10256.41,41,127,75.4,47.10414,2218.8,0,0,0,0,0,0,0,0,1,94.25,41.0,127.0,64,0,0,0,0,0,0,2,82,2,254,-1,-1,1,32,0.0,0.0,0,0,0.0,0.0,0,0,BENIGN
80,98902165,6,7,307,11595,289,0,51.166668,116.55113,4344,0,1656.4286,1947.6382,120.34115,0.13144302,8241847.0,28500000.0,98900000,25,98900000,19800000.0,44200000.0,98900000,976,98900000,16500000.0,40400000.0,98900000,35,0,0,0,0,164,232,0.060666014,0.070777014,0,4344,850.5714,1566.9941,2455470.5,1,0,0,0,0,0,0,0,1,916.0,51.166668,1656.4286,164,0,0,0,0,0,0,6,307,7,11595,0,235,3,20,11970.0,0.0,11970,11970,98900000.0,0.0,98900000,98900000,DoS Hulk
7200,51,1,1,2,6,2,2,2.0,0.0,6,6,6.0,0.0,156862.75,39215.688,51.0,0.0,51,51,0,0.0,0.0,0,0,0,0.0,0.0,0,0,0,0,0,0,24,20,19607.844,19607.844,2,6,3.3333333,2.309401,5.3333335,0,0,0,1,0,0,0,0,1,5.0,2.0,6.0,24,0,0,0,0,0,0,1,2,1,6,1024,0,0,24,0.0,0.0,0,0,0.0,0.0,0,0,PortScan
80,98733878,8,7,346,11595,346,0,43.25,122.329475,5792,0,1656.4286,1947.6382,120.94126,0.15192354,7052420.0,26300000.0,98600000,1,98600000,14100000.0,37300000.0,98600000,1,150614,25102.334,55568.836,138115,48,0,0,0,0,264,232,0.08102588,0.07089765,0,5792,746.3125,1487.1461,2211603.8,0,0,0,0,1,0,0,0,0,796.06665,43.25,1656.4286,264,0,0,0,0,0,0,8,346,7,11595,274,235,1,32,1004.0,0.0,1004,1004,98600000.0,0.0,98600000,98600000,DoS Hulk
53,157,2,2,76,154,38,38,38.0,0.0,77,77,77.0,0.0,1464968.1,25477.707,52.333332,84.58329,150,3,4,4.0,0.0,4,4,3,3.0,0.0,3,3,0,0,0,0,64,64,12738.854,12738.854,38,77,53.6,21.36118,456.3,0,0,0,0,0,0,0,0,1,67.0,38.0,77.0,64,0,0,0,0,0,0,2,76,2,154,-1,-1,1,32,0.0,0.0,0,0,0.0,0.0,0,0,BENIGN
80,102496795,9,6,417,11595,393,0,46.333332,130.0346,5803,0,1932.5,2993.818,117.19391,0.14634603,7321199.5,26500000.0,99500000,2,102000000,12800000.0,35000000.0,99500000,2,102000000,20500000.0,45800000.0,102000000,9,0,0,0,0,264,200,0.087807626,0.058538415,0,5803,751.125,1972.3029,3889978.8,1,0,0,0,0,0,0,0,0,801.2,46.333332,1932.5,264,0,0,0,0,0,0,9,417,6,11595,0,235,4,20,13013.0,0.0,13013,13013,99500000.0,0.0,99500000,99500000,DoS Hulk
80,99482646,9,5,335,11595,335,0,37.22222,111.666664,8688,0,2319.0,3774.2375,119.92041,0.14072806,7652511.0,27600000.0,99400000,1,99400000,12400000.0,35200000.0,99400000,1,45412,11353.0,16524.78,35129,59,0,0,0,0,296,168,0.09046804,0.050260022,0,8688,795.3333,2306.7012,5320870.0,0,0,0,0,1,0,0,0,0,852.1429,37.22222,2319.0,296,0,0,0,0,0,0,9,335,5,11595,251,235,1,32,2001.0,0.0,2001,2001,99400000.0,0.0,99400000,99400000,DoS Hulk
406,55,1,1,2,6,2,2,2.0,0.0,6,6,6.0,0.0,145454.55,36363.637,55.0,0.0,55,55,0,0.0,0.0,0,0,0,0.0,0.0,0,0,0,0,0,0,24,20,18181.818,18181.818,2,6,3.3333333,2.309401,5.3333335,0,0,0,1,0,0,0,0,1,5.0,2.0,6.0,24,0,0,0,0,0,0,1,2,1,6,1024,0,0,24,0.0,0.0,0,0,0.0,0.0,0,0,PortScan
256,51,2,2,4,12,2,2,2.0,0.0,6,6,6.0,0.0,313725.5,78431.375,17.0,27.712812,49,1,1,1.0,0.0,1,1,49,49.0,0.0,49,49,0,0,0,0,48,40,39215.688,39215.688,2,6,3.6,2.1908903,4.8,0,0,0,1,0,0,0,0,1,4.5,2.0,6.0,48,0,0,0,0,0,0,2,4,2,12,1024,0,1,24,0.0,0.0,0,0,0.0,0.0,0,0,BENIGN
80,15743,2,2,12,0,6,6,6.0,0.0,0,0,0.0,0.0,762.2435,254.08118,5247.6665,8817.834,15428,0,315,315.0,0.0,315,315,15743,15743.0,0.0,15743,15743,0,0,0,0,40,64,127.04059,127.04059,0,6,3.6,3.2863352,10.8,1,0,0,0,0,0,0,0,1,4.5,6.0,0.0,40,0,0,0,0,0,0,2,12,2,0,0,235,1,20,0.0,0.0,0,0,0.0,0.0,0,0,DoS Hulk
22,34,1,1,0,0,0,0,0.0,0.0,0,0,0.0,0.0,0.0,58823.53,34.0,0.0,34,34,0,0.0,0.0,0,0,0,0.0,0.0,0,0,0,0,0,0,32,32,29411.766,29411.766,0,0,0.0,0.0,0.0,0,0,0,0,1,1,0,0,1,0.0,0.0,0.0,32,0,0,0,0,0,0,1,0,1,0,259,247,0,32,0.0,0.0,0,0,0.0,0.0,0,0,SSH-Patator
1061,50,1,1,2,6,2,2,2.0,0.0,6,6,6.0,0.0,160000.0,40000.0,50.0,0.0,50,50,0,0.0,0.0,0,0,0,0.0,0.0,0,0,0,0,0,0,24,20,20000.0,20000.0,2,6,3.3333333,2.309401,5.3333335,0,0,0,1,0,0,0,0,1,5.0,2.0,6.0,24,0,0,0,0,0,0,1,2,1,6,1024,0,0,24,0.0,0.0,0,0,0.0,0.0,0,0,PortScan
53,145,2,2,68,482,34,34,34.0,0.0,241,241,241.0,0.0,3793103.5,27586.207,48.333332,47.003548,95,1,1,1.0,0.0,1,1,49,49.0,0.0,49,49,0,0,0,0,40,40,13793.104,13793.104,34,241,116.8,113.37857,12854.7,0,0,0,0,0,0,0,0,1,146.0,34.0,241.0,40,0,0,0,0,0,0,2,68,2,482,-1,-1,1,20,0.0,0.0,0,0,0.0,0.0,0,0,BENIGN
80,98373536,6,7,359,11595,341,0,59.833332,137.77434,5803,0,1656.4286,2430.2112,121.51642,0.13214937,8197794.5,28400000.0,98400000,0,98400000,19700000.0,44000000.0,98400000,0,98400000,16400000.0,40200000.0,98400000,50,0,0,0,0,164,232,0.060992014,0.07115735,0,5803,854.2857,1851.0084,3426232.0,1,0,0,0,0,0,0,0,1,920.0,59.833332,1656.4286,164,0,0,0,0,0,0,6,359,7,11595,0,235,3,20,13014.0,0.0,13014,13014,98400000.0,0.0,98400000,98400000,DoS Hulk
53,59609,1,1,52,68,52,52,52.0,0.0,68,68,68.0,0.0,2013.1188,33.55198,59609.0,0.0,59609,59609,0,0.0,0.0,0,0,0,0.0,0.0,0,0,0,0,0,0,20,32,16.77599,16.77599,52,68,57.333332,9.237604,85.333336,0,0,0,0,0,0,0,0,1,86.0,52.0,68.0,20,0,0,0,0,0,0,1,52,1,68,-1,-1,0,20,0.0,0.0,0,0,0.0,0.0,0,0,BENIGN
80,99943632,5,6,378,11595,366,0,75.6,162.36626,5792,0,1932.5,2989.5588,119.79753,0.11006204,9994363.0,31600000.0,99900000,47,99900000,25000000.0,50000000.0,99900000,997,99900000,20000000.0,44700000.0,99900000,47,0,0,0,0,144,200,0.0500282,0.06003384,0,5792,998.25,2241.5635,5024607.0,1,0,0,0,0,0,0,0,1,1089.0,75.6,1932.5,144,0,0,0,0,0,0,5,378,6,11595,0,235,2,20,10000.0,0.0,10000,10000,99900000.0,0.0,99900000,99900000,DoS Hulk
80,2156956,4,0,24,0,6,6,6.0,0.0,0,0,0.0,0.0,11.126792,1.8544652,718985.3,1244484.4,2155992,2,2156956,718985.3,1244484.4,2155992,2,0,0.0,0.0,0,0,0,0,0,0,80,0,1.8544652,0.0,6,6,6.0,0.0,0.0,0,0,0,0,1,0,0,0,0,7.5,6.0,0.0,80,0,0,0,0,0,0,4,24,0,0,256,-1,3,20,0.0,0.0,0,0,0.0,0.0,0,0,DDoS
80,71182363,8,4,56,11601,20,0,7.0,5.656854,8760,0,2900.25,4128.3193,163.76248,0.16858108,6471124.0,21200000.0,70200000,48,70600000,10100000.0,26500000.0,70200000,230,635293,211764.33,355253.7,621927,1194,0,0,0,0,172,92,0.11238739,0.056193694,0,8760,897.1539,2488.507,6192667.5,0,0,0,0,1,0,0,0,0,971.9167,7.0,2900.25,172,0,0,0,0,0,0,8,56,4,11601,256,229,6,20,305034.0,0.0,305034,305034,70200000.0,0.0,70200000,70200000,DDoS
80,10049737,5,0,30,0,6,6,6.0,0.0,0,0,0.0,0.0,2.9851527,0.49752545,2512434.2,5022872.0,10000000,3,10000000,2512434.2,5022872.0,10000000,3,0,0.0,0.0,0,0,0,0,0,0,100,0,0.49752545,0.0,6,6,6.0,0.0,0.0,0,0,0,0,1,0,0,0,0,7.2,6.0,0.0,100,0,0,0,0,0,0,5,30,0,0,256,-1,4,20,2995.0,0.0,2995,2995,10000000.0,0.0,10000000,10000000,DDoS
53,47432130,2,2,99,225,51,48,49.5,2.1213202,114,111,112.5,2.1213202,6.830813,0.08433102,15800000.0,27400000.0,47400000,541,47400000,47400000.0,0.0,47400000,47400000,47400000,47400000.0,0.0,47400000,47400000,0,0,0,0,40,40,0.04216551,0.04216551,48,114,75.0,34.27098,1174.5,0,0,0,0,0,0,0,0,1,93.75,49.5,112.5,40,0,0,0,0,0,0,2,99,2,225,-1,-1,1,20,1151.0,0.0,1151,1151,47400000.0,0.0,47400000,47400000,BENIGN
80,79204644,4,6,379,11595,373,0,94.75,185.52156,7240,0,1932.5,2695.6392,151.17801,0.12625523,8800516.0,26300000.0,79100000,4,79100000,26400000.0,45600000.0,79100000,4,146502,29300.4,59389.9,135204,45,0,0,0,0,124,200,0.050502088,0.07575314,0,7240,1089.091,2140.831,4583158.0,1,0,0,0,0,0,0,0,1,1198.0,94.75,1932.5,124,0,0,0,0,0,0,4,379,6,11595,0,235,1,20,0.0,0.0,0,0,79100000.0,0.0,79100000,79100000,DoS Hulk
80,98876906,8,5,359,11595,359,0,44.875,126.92567,10147,0,2319.0,4420.6763,120.8978,0.13147661,8239742.0,28500000.0,98900000,2,98900000,14100000.0,37400000.0,98900000,2,3718,929.5,1553.5028,3254,5,0,0,0,0,264,168,0.08090868,0.050567925,0,10147,853.8571,2702.9924,7306168.0,0,0,0,0,1,0,0,0,0,919.53845,44.875,2319.0,264,0,0,0,0,0,0,8,359,5,11595,251,235,1,32,992.0,0.0,992,992,98900000.0,0.0,98900000,98900000,DoS Hulk
80,85261072,7,5,382,11595,376,0,54.57143,141.75432,7240,0,2319.0,3331.6382,140.47443,0.14074418,7751006.5,25700000.0,85100000,1,85100000,14200000.0,34700000.0,85100000,1,150425,37606.25,66072.12,136231,85,0,0,0,0,220,168,0.08210077,0.05864341,0,7240,921.3077,2243.4158,5032914.0,0,0,0,0,1,0,0,0,0,998.0833,54.57143,2319.0,220,0,0,0,0,0,0,7,382,5,11595,251,235,2,20,982.0,0.0,982,982,85100000.0,0.0,85100000,85100000,DoS Hulk
52050,4,3,0,83,0,46,6,27.666666,20.20726,0,0,0.0,0.0,20800000.0,750000.0,2.0,2.828427,4,0,4,2.0,2.828427,4,0,0,0.0,0.0,0,0,1,0,0,0,60,0,750000.0,0.0,6,46,32.25,18.874586,356.25,0,1,0,0,1,0,0,0,0,43.0,27.666666,0.0,60,0,0,0,0,0,0,3,83,0,0,123,-1,2,20,0.0,0.0,0,0,0.0,0.0,0,0,BENIGN
80,39037,3,6,26,11601,20,0,8.666667,10.263203,5840,0,1933.5,2189.773,297845.62,230.5505,4879.625,11680.599,33451,47,5247,2623.5,3640.8928,5198,49,38989,7797.8,14513.134,33451,47,0,0,0,0,72,132,76.85017,153.70033,0,5840,1162.7,1911.5957,3654198.2,0,0,0,1,0,0,0,0,2,1291.8889,8.666667,1933.5,72,0,0,0,0,0,0,3,26,6,11601,8192,229,2,20,0.0,0.0,0,0,0.0,0.0,0,0,DDoS
1039,72,1,1,0,6,0,0,0.0,0.0,6,6,6.0,0.0,83333.336,27777.777,72.0,0.0,72,72,0,0.0,0.0,0,0,0,0.0,0.0,0,0,0,0,0,0,40,20,13888.889,13888.889,0,6,2.0,3.4641016,12.0,0,0,0,1,0,0,0,0,1,3.0,0.0,6.0,40,0,0,0,0,0,0,1,0,1,6,29200,0,0,40,0.0,0.0,0,0,0.0,0.0,0,0,PortScan
443,82185899,19,9,2136,4318,421,0,112.42105,172.00526,1400,0,479.77777,510.2722,78.52929,0.34069106,3043922.2,15645420.0,81327955,1,82185899,4565883.5,19157512.0,81327955,1,821965,102745.625,145657.28,439968,217,0,0,0,0,620,296,0.23118322,0.10950784,0,1400,222.55173,353.1,124679.62,0,0,0,1,0,0,0,0,0,230.5,112.42105,479.77777,620,0,0,0,0,0,0,19,2136,9,4318,65535,19832,9,32,857878.0,0.0,857878,857878,81327950.0,0.0,81327955,81327955,BENIGN
53,233813,1,1,45,90,45,45,45.0,0.0,90,90,90.0,0.0,577.3845,8.553844,233813.0,0.0,233813,233813,0,0.0,0.0,0,0,0,0.0,0.0,0,0,0,0,0,0,32,20,4.276922,4.276922,45,90,60.0,25.980762,675.0,0,0,0,0,0,0,0,0,1,90.0,45.0,90.0,32,0,0,0,0,0,0,1,45,1,90,-1,-1,0,32,0.0,0.0,0,0,0.0,0.0,0,0,BENIGN
53,402,1,1,58,139,58,58,58.0,0.0,139,139,139.0,0.0,490049.75,4975.1245,402.0,0.0,402,402,0,0.0,0.0,0,0,0,0.0,0.0,0,0,0,0,0,0,32,32,2487.5623,2487.5623,58,139,85.0,46.765373,2187.0,0,0,0,0,0,0,0,0,1,127.5,58.0,139.0,32,0,0,0,0,0,0,1,58,1,139,-1,-1,0,32,0.0,0.0,0,0,0.0,0.0,0,0,BENIGN
80,63106110,7,0,0,0,0,0,0.0,0.0,0,0,0.0,0.0,0.0,0.11092428,10500000.0,11900000.0,32100000,998523,63100000,10500000.0,11900000.0,32100000,998523,0,0.0,0.0,0,0,0,0,0,0,280,0,0.11092428,0.0,0,0,0.0,0.0,0.0,0,0,0,1,0,0,0,0,0,0.0,0.0,0.0,280,0,0,0,0,0,0,7,0,0,0,29200,-1,0,40,7010462.0,0.0,7010462,7010462,18700000.0,12200000.0,32100000,8015932,DoS Slowhttptest
80,5183063,3,1,12,0,6,0,4.0,3.4641016,0,0,0.0,0.0,2.3152332,0.77174443,1727687.6,2948546.8,5132250,22,5183063,2591531.5,3593118.5,5132250,50813,0,0.0,0.0,0,0,0,0,0,0,72,32,0.5788083,0.19293611,0,6,2.4,3.2863352,10.8,0,0,0,1,0,0,0,0,0,3.0,4.0,0.0,72,0,0,0,0,0,0,3,12,1,0,8192,26883,2,20,0.0,0.0,0,0,0.0,0.0,0,0,BENIGN
444,2030,2,0,12,0,6,6,6.0,0.0,0,0,0.0,0.0,5911.33,985.2217,2030.0,0.0,2030,2030,2030,2030.0,0.0,2030,2030,0,0.0,0.0,0,0,0,0,0,0,40,0,985.2217,0.0,6,6,6.0,0.0,0.0,0,0,0,0,1,0,0,0,0,9.0,6.0,0.0,40,0,0,0,0,0,0,2,12,0,0,255,-1,1,20,0.0,0.0,0,0,0.0,0.0,0,0,Infiltration
53,75231,1,1,52,68,52,52,52.0,0.0,68,68,68.0,0.0,1595.0872,26.584785,75231.0,0.0,75231,75231,0,0.0,0.0,0,0,0,0.0,0.0,0,0,0,0,0,0,32,20,13.292393,13.292393,52,68,57.333332,9.237604,85.333336,0,0,0,0,0,0,0,0,1,86.0,52.0,68.0,32,0,0,0,0,0,0,1,52,1,68,-1,-1,0,32,0.0,0.0,0,0,0.0,0.0,0,0,BENIGN
5802,83,1,1,2,6,2,2,2.0,0.0,6,6,6.0,0.0,96385.54,24096.385,83.0,0.0,83,83,0,0.0,0.0,0,0,0,0.0,0.0,0,0,0,0,0,0,24,20,12048.192,12048.192,2,6,3.3333333,2.309401,5.3333335,0,0,0,1,0,0,0,0,1,5.0,2.0,6.0,24,0,0,0,0,0,0,1,2,1,6,1024,0,0,24,0.0,0.0,0,0,0.0,0.0,0,0,PortScan
47798,73508,2,2,0,12,0,0,0.0,0.0,6,6,6.0,0.0,163.24754,54.415848,24502.666,42383.582,73443,3,73508,73508.0,0.0,73508,73508,3,3.0,0.0,3,3,0,0,0,0,64,40,27.207924,27.207924,0,6,2.4,3.2863352,10.8,0,0,0,0,1,0,0,0,1,3.0,0.0,6.0,64,0,0,0,0,0,0,2,0,2,12,349,0,0,32,0.0,0.0,0,0,0.0,0.0,0,0,BENIGN
80,68644673,6,6,329,11595,329,0,54.833332,134.31369,5792,0,1932.5,2179.547,173.70612,0.17481327,6240425.0,20600000.0,68500000,3,68500000,13700000.0,30600000.0,68500000,3,149583,29916.6,60177.21,137164,46,0,0,0,0,200,200,0.087406635,0.087406635,0,5792,917.2308,1715.8732,2944220.5,0,0,0,0,1,0,0,0,1,993.6667,54.833332,1932.5,200,0,0,0,0,0,0,6,329,6,11595,251,235,1,32,997.0,0.0,997,997,68500000.0,0.0,68500000,68500000,DoS Hulk
80,100139650,9,5,694,11595,344,0,77.111115,151.32452,10136,0,2319.0,4414.366,122.71862,0.13980477,7703050.0,27700000.0,99800000,3,100000000,12500000.0,35300000.0,99800000,3,355350,88837.5,107123.39,215979,83,0,0,0,0,284,168,0.08987449,0.04993027,0,10136,819.26666,2604.996,6786004.5,0,0,0,0,1,0,0,0,0,877.7857,77.111115,2319.0,284,0,0,0,0,0,0,9,694,5,11595,274,235,3,20,1981.0,0.0,1981,1981,99800000.0,0.0,99800000,99800000,DoS Hulk
53,239,2,2,82,254,41,41,41.0,0.0,127,127,127.0,0.0,1405857.8,16736.402,79.666664,131.92549,232,3,3,3.0,0.0,3,3,4,4.0,0.0,4,4,0,0,0,0,40,40,8368.201,8368.201,41,127,75.4,47.10414,2218.8,0,0,0,0,0,0,0,0,1,94.25,41.0,127.0,40,0,0,0,0,0,0,2,82,2,254,-1,-1,1,20,0.0,0.0,0,0,0.0,0.0,0,0,BENIGN
53,30944,1,1,65,123,65,65,65.0,0.0,123,123,123.0,0.0,6075.491,64.63289,30944.0,0.0,30944,30944,0,0.0,0.0,0,0,0,0.0,0.0,0,0,0,0,0,0,32,20,32.316444,32.316444,65,123,84.333336,33.486317,1121.3334,0,0,0,0,0,0,0,0,1,126.5,65.0,123.0,32,0,0,0,0,0,0,1,65,1,123,-1,-1,0,32,0.0,0.0,0,0,0.0,0.0,0,0,BENIGN
80,3999295,4,0,24,0,6,6,6.0,0.0,0,0,0.0,0.0,6.0010576,1.0001763,1333098.4,2308215.5,3998396,285,3999295,1333098.4,2308215.5,3998396,285,0,0.0,0.0,0,0,0,0,0,0,80,0,1.0001763,0.0,6,6,6.0,0.0,0.0,0,0,0,0,1,0,0,0,0,7.5,6.0,0.0,80,0,0,0,0,0,0,4,24,0,0,256,-1,3,20,0.0,0.0,0,0,0.0,0.0,0,0,DDoS
80,84676150,8,6,329,11595,329,0,41.125,116.31907,4344,0,1932.5,1754.8314,140.81888,0.16533582,6513550.0,23400000.0,84500000,1,84500000,12100000.0,31900000.0,84500000,1,144488,28897.6,58512.78,133226,15,0,0,0,0,264,200,0.09447761,0.0708582,0,4344,794.93335,1425.1306,2030997.2,0,0,0,0,1,0,0,0,0,851.7143,41.125,1932.5,264,0,0,0,0,0,0,8,329,6,11595,274,235,1,32,993.0,0.0,993,993,84500000.0,0.0,84500000,84500000,DoS Hulk
80,99999467,2,2,16,0,8,8,8.0,0.0,0,0,0.0,0.0,0.16000085,0.04000021,33300000.0,57700000.0,100000000,51,100000000,100000000.0,0.0,100000000,100000000,100000000,100000000.0,0.0,100000000,100000000,1,0,0,0,64,64,0.020000108,0.020000108,0,8,4.8,4.3817806,19.2,0,1,0,0,1,0,0,0,1,6.0,8.0,0.0,64,0,0,0,0,0,0,2,16,2,0,229,235,1,32,51.0,0.0,51,51,100000000.0,0.0,100000000,100000000,DoS slowloris
80,85176994,6,7,357,11595,357,0,59.5,145.74464,4344,0,1656.4286,1757.579,140.31958,0.15262337,7098083.0,24500000.0,85000000,41,85000000,17000000.0,38000000.0,85000000,212,142635,23772.5,52788.902,131161,48,0,0,0,0,200,232,0.07044156,0.08218181,0,4344,853.7143,1458.7837,2128050.0,0,0,0,0,1,0,0,0,1,919.38464,59.5,1656.4286,200,0,0,0,0,0,0,6,357,7,11595,274,235,1,32,536.0,0.0,536,536,85000000.0,0.0,85000000,85000000,DoS Hulk
80,439835,3,4,644,421,644,0,214.66667,371.81357,421,0,105.25,210.5,2421.3625,15.915059,73305.836,113156.55,219938,4,220095,110047.5,155460.97,219975,120,219897,73299.0,126178.96,218997,4,0,0,0,0,104,136,6.8207397,9.094319,0,644,133.125,253.6023,64314.125,0,0,0,1,0,0,0,0,1,152.14285,214.66667,105.25,104,0,0,0,0,0,0,3,644,4,421,29200,5024,1,32,0.0,0.0,0,0,0.0,0.0,0,0,BENIGN
3998,45,1,1,0,6,0,0,0.0,0.0,6,6,6.0,0.0,133333.33,44444.445,45.0,0.0,45,45,0,0.0,0.0,0,0,0,0.0,0.0,0,0,0,0,0,0,40,20,22222.223,22222.223,0,6,2.0,3.4641016,12.0,0,0,0,1,0,0,0,0,1,3.0,0.0,6.0,40,0,0,0,0,0,0,1,0,1,6,29200,0,0,40,0.0,0.0,0,0,0.0,0.0,0,0,PortScan
53,272,2,2,64,636,32,32,32.0,0.0,318,318,318.0,0.0,2573529.5,14705.883,90.666664,150.97792,265,3,3,3.0,0.0,3,3,4,4.0,0.0,4,4,0,0,0,0,40,40,7352.9414,7352.9414,32,318,146.4,156.64865,24538.8,0,0,0,0,0,0,0,0,1,183.0,32.0,318.0,40,0,0,0,0,0,0,2,64,2,636,-1,-1,1,20,0.0,0.0,0,0,0.0,0.0,0,0,BENIGN
80,100012692,6,7,410,11595,392,0,68.333336,158.59088,4344,0,1656.4286,1947.6382,120.03477,0.1299835,8334391.0,28800000.0,99900000,1,99900000,20000000.0,44700000.0,99900000,1,100000000,16700000.0,40800000.0,99900000,47,0,0,0,0,164,232,0.059992384,0.06999112,0,4344,857.9286,1564.3943,2447329.5,1,0,0,0,0,0,0,0,1,923.9231,68.333336,1656.4286,164,0,0,0,0,0,0,6,410,7,11595,0,235,3,20,13978.0,0.0,13978,13978,99900000.0,0.0,99900000,99900000,DoS Hulk
443,149882,34,62,871,86554,389,0,25.617647,81.402855,2896,0,1396.0322,469.09677,583292.2,640.50385,1577.7053,4965.646,24060,0,149882,4541.879,8084.575,24836,1,124980,2048.8525,6752.7505,40046,48,0,0,0,0,1100,1992,226.84512,413.65875,0,2896,901.28864,761.722,580220.4,0,0,0,1,0,0,0,0,1,910.67706,25.617647,1396.0322,1100,0,0,0,0,0,0,34,871,62,86554,65535,122,6,32,0.0,0.0,0,0,0.0,0.0,0,0,BENIGN
80,111444,3,5,26,11607,20,0,8.666667,10.263203,10220,0,2321.4,4455.1826,104384.266,71.784935,15920.571,40598.594,107971,1,2392,1196.0,1689.9852,2391,1,111392,27848.0,53425.418,107971,188,0,0,0,0,72,112,26.91935,44.86558,0,10220,1292.5555,3378.299,11400000.0,0,0,0,1,0,0,0,0,1,1454.125,8.666667,2321.4,72,0,0,0,0,0,0,3,26,5,11607,8192,229,2,20,0.0,0.0,0,0,0.0,0.0,0,0,DDoS
80,100602694,8,6,325,11595,325,0,40.625,114.904854,4344,0,1932.5,1754.8314,118.48589,0.13916129,7738669.0,27600000.0,99500000,3,100000000,14400000.0,37500000.0,99500000,3,152461,30492.2,60506.42,138194,49,0,0,0,0,272,200,0.07952073,0.05964055,0,4344,794.6667,1425.2244,2031264.5,0,0,0,0,1,0,0,0,0,851.4286,40.625,1932.5,272,0,0,0,0,0,0,8,325,6,11595,251,235,1,32,987.0,0.0,987,987,99500000.0,0.0,99500000,99500000,DoS Hulk
80,100296694,11,6,714,11595,357,0,64.90909,144.4136,4344,0,1932.5,1754.8314,122.72588,0.16949712,6268543.5,25000000.0,99900000,0,100000000,10000000.0,31600000.0,99900000,0,354299,70859.8,100725.25,215881,36,0,0,0,0,360,200,0.1096746,0.05982251,0,4344,683.8333,1320.4745,1743652.9,0,0,0,0,1,0,0,0,0,724.05884,64.90909,1932.5,360,0,0,0,0,0,0,11,714,6,11595,251,235,2,32,999.0,0.0,999,999,99900000.0,0.0,99900000,99900000,DoS Hulk
80,85381232,7,5,305,11595,305,0,43.57143,115.27917,8688,0,2319.0,3774.2375,139.3749,0.14054611,7761930.0,25700000.0,85200000,1,85200000,14200000.0,34800000.0,85200000,1,146565,36641.25,65912.54,135216,189,0,0,0,0,232,168,0.08198523,0.058560878,0,8688,915.38464,2467.5938,6089019.0,0,0,0,0,1,0,0,0,0,991.6667,43.57143,2319.0,232,0,0,0,0,0,0,7,305,5,11595,274,235,1,32,1004.0,0.0,1004,1004,85200000.0,0.0,85200000,85200000,DoS Hulk
80,85614131,8,6,301,11595,301,0,37.625,106.41957,4344,0,1932.5,1754.8314,138.94902,0.1635244,6585702.5,23700000.0,85400000,1,85500000,12200000.0,32300000.0,85400000,1,184369,36873.8,66800.484,154104,33,0,0,0,0,264,200,0.093442515,0.07008189,0,4344,793.06665,1425.8026,2032913.2,0,0,0,0,1,0,0,0,0,849.7143,37.625,1932.5,264,0,0,0,0,0,0,8,301,6,11595,251,235,1,32,1032.0,0.0,1032,1032,85400000.0,0.0,85400000,85400000,DoS Hulk
5963,3,2,0,4,0,2,2,2.0,0.0,0,0,0.0,0.0,1333333.4,666666.7,3.0,0.0,3,3,3,3.0,0.0,3,3,0,0.0,0.0,0,0,0,0,0,0,48,0,666666.7,0.0,2,2,2.0,0.0,0.0,0,0,0,1,0,0,0,0,0,3.0,2.0,0.0,48,0,0,0,0,0,0,2,4,0,0,1024,-1,1,24,0.0,0.0,0,0,0.0,0.0,0,0,BENIGN
54126,24769,2,1,12,6,6,6,6.0,0.0,6,6,6.0,0.0,726.71484,121.11914,12384.5,17462.002,24732,37,24769,24769.0,0.0,24769,24769,0,0.0,0.0,0,0,0,0,0,0,40,20,80.74609,40.373047,6,6,6.0,0.0,0.0,0,0,0,0,1,1,0,0,0,8.0,6.0,6.0,40,0,0,0,0,0,0,2,12,1,6,60,255,1,20,0.0,0.0,0,0,0.0,0.0,0,0,BENIGN
80,108592,3,5,26,11607,20,0,8.666667,10.263203,10135,0,2321.4,4413.202,107125.76,73.67025,15513.143,40683.125,107773,4,586,293.0,345.0681,537,49,108545,27136.25,53758.35,107773,4,0,0,0,0,72,112,27.626345,46.043907,0,10135,1292.5555,3350.635,11200000.0,0,0,0,1,0,0,0,0,1,1454.125,8.666667,2321.4,72,0,0,0,0,0,0,3,26,5,11607,8192,229,2,20,0.0,0.0,0,0,0.0,0.0,0,0,DDoS
4125,52,1,1,2,6,2,2,2.0,0.0,6,6,6.0,0.0,153846.16,38461.54,52.0,0.0,52,52,0,0.0,0.0,0,0,0,0.0,0.0,0,0,0,0,0,0,24,20,19230.77,19230.77,2,6,3.3333333,2.309401,5.3333335,0,0,0,1,0,0,0,0,1,5.0,2.0,6.0,24,0,0,0,0,0,0,1,2,1,6,1024,0,0,24,0.0,0.0,0,0,0.0,0.0,0,0,PortScan
80,67577,3,4,26,11601,20,0,8.666667,10.263203,7215,0,2900.25,3540.003,172055.58,103.58554,11262.833,21258.066,53180,6,14041,7020.5,9920.001,14035,6,67414,22471.334,27489.137,53180,161,0,0,0,0,72,92,44.393803,59.19174,0,7215,1453.375,2786.2598,7763243.5,0,0,0,1,0,0,0,0,1,1661.0,8.666667,2900.25,72,0,0,0,0,0,0,3,26,4,11601,8192,229,2,20,0.0,0.0,0,0,0.0,0.0,0,0,DDoS
25,56,1,1,0,6,0,0,0.0,0.0,6,6,6.0,0.0,107142.86,35714.285,56.0,0.0,56,56,0,0.0,0.0,0,0,0,0.0,0.0,0,0,0,0,0,0,40,20,17857.143,17857.143,0,6,2.0,3.4641016,12.0,0,0,0,1,0,0,0,0,1,3.0,0.0,6.0,40,0,0,0,0,0,0,1,0,1,6,29200,0,0,40,0.0,0.0,0,0,0.0,0.0,0,0,PortScan
7920,8,1,1,2,6,2,2,2.0,0.0,6,6,6.0,0.0,1000000.0,250000.0,8.0,0.0,8,8,0,0.0,0.0,0,0,0,0.0,0.0,0,0,0,0,0,0,24,20,125000.0,125000.0,2,6,3.3333333,2.309401,5.3333335,0,0,0,1,0,0,0,0,1,5.0,2.0,6.0,24,0,0,0,0,0,0,1,2,1,6,1024,0,0,24,0.0,0.0,0,0,0.0,0.0,0,0,PortScan
9080,17,1,1,0,6,0,0,0.0,0.0,6,6,6.0,0.0,352941.2,117647.06,17.0,0.0,17,17,0,0.0,0.0,0,0,0,0.0,0.0,0,0,0,0,0,0,40,20,58823.53,58823.53,0,6,2.0,3.4641016,12.0,0,0,0,1,0,0,0,0,1,3.0,0.0,6.0,40,0,0,0,0,0,0,1,0,1,6,29200,0,0,40,0.0,0.0,0,0,0.0,0.0,0,0,PortScan
1082,79,1,1,2,6,2,2,2.0,0.0,6,6,6.0,0.0,101265.82,25316.455,79.0,0.0,79,79,0,0.0,0.0,0,0,0,0.0,0.0,0,0,0,0,0,0,24,20,12658.228,12658.228,2,6,3.3333333,2.309401,5.3333335,0,0,0,1,0,0,0,0,1,5.0,2.0,6.0,24,0,0,0,0,0,0,1,2,1,6,1024,0,0,24,0.0,0.0,0,0,0.0,0.0,0,0,PortScan
80,97384793,7,7,358,11595,358,0,51.142857,135.31128,4344,0,1656.4286,1757.579,122.73991,0.14375961,7491138.0,27000000.0,97400000,1,97400000,16200000.0,39700000.0,97400000,1,18471,3078.5,4691.5093,9989,1,0,0,0,0,232,232,0.071879804,0.071879804,0,4344,796.86664,1422.8746,2024572.1,0,0,0,0,1,0,0,0,1,853.7857,51.142857,1656.4286,232,0,0,0,0,0,0,7,358,7,11595,251,235,1,32,997.0,0.0,997,997,97400000.0,0.0,97400000,97400000,DoS Hulk
80,74932988,8,5,56,11607,20,0,7.0,5.656854,7215,0,2321.4,3327.7698,155.64574,0.17348835,6244415.5,19400000.0,67700000,1,73100000,10400000.0,25300000.0,67700000,1,1854484,463621.0,926413.4,1853241,162,0,0,0,0,172,112,0.10676206,0.06672629,0,7215,833.5,2175.3025,4731941.5,0,0,0,0,1,0,0,0,0,897.61536,7.0,2321.4,172,0,0,0,0,0,0,8,56,5,11607,256,229,6,20,975.0,0.0,975,975,36500000.0,44100000.0,67700000,5337792,DDoS
53,200,2,2,90,196,45,45,45.0,0.0,98,98,98.0,0.0,1430000.0,20000.0,66.666664,30.599564,102,49,49,49.0,0.0,49,49,49,49.0,0.0,49,49,0,0,0,0,64,64,10000.0,10000.0,45,98,66.2,29.029295,842.7,0,0,0,0,0,0,0,0,1,82.75,45.0,98.0,64,0,0,0,0,0,0,2,90,2,196,-1,-1,1,32,0.0,0.0,0,0,0.0,0.0,0,0,BENIGN
80,85631724,7,7,327,11595,309,0,46.714287,115.69603,4344,0,1656.4286,1760.5973,139.2241,0.16349082,6587055.5,23400000.0,84500000,2,85500000,14300000.0,34400000.0,84500000,2,85600000,14300000.0,34900000.0,85500000,16,0,0,0,0,204,232,0.08174541,0.08174541,0,4344,795.2,1424.6549,2029641.8,1,0,0,0,0,0,0,0,1,852.0,46.714287,1656.4286,204,0,0,0,0,0,0,7,327,7,11595,0,235,3,20,11986.0,0.0,11986,11986,84500000.0,0.0,84500000,84500000,DoS Hulk
80,6696854,4,0,24,0,6,6,6.0,0.0,0,0,0.0,0.0,3.5837724,0.5972954,2232284.8,3863837.0,6693859,1,6696854,2232284.8,3863837.0,6693859,1,0,0.0,0.0,0,0,0,0,0,0,80,0,0.5972954,0.0,6,6,6.0,0.0,0.0,0,0,0,0,1,0,0,0,0,7.5,6.0,0.0,80,0,0,0,0,0,0,4,24,0,0,256,-1,3,20,2995.0,0.0,2995,2995,6693859.0,0.0,6693859,6693859,DDoS
80,1703906,4,5,440,860,440,0,110.0,220.0,860,0,172.0,384.6037,762.9529,5.2819815,212988.25,426315.8,1189936,4,1680099,560033.0,588984.7,1189988,23086,1680849,420212.25,562739.8,1189965,4,0,0,0,0,136,176,2.3475473,2.9344342,0,860,130.0,291.3951,84911.11,0,0,0,1,0,0,0,0,1,144.44444,110.0,172.0,136,0,0,0,0,0,0,4,440,5,860,29200,31,1,32,0.0,0.0,0,0,0.0,0.0,0,0,BENIGN
80,4044928,4,0,24,0,6,6,6.0,0.0,0,0,0.0,0.0,5.933357,0.98889273,1348309.4,2335336.8,4044924,1,4044928,1348309.4,2335336.8,4044924,1,0,0.0,0.0,0,0,0,0,0,0,80,0,0.98889273,0.0,6,6,6.0,0.0,0.0,0,0,0,0,1,0,0,0,0,7.5,6.0,0.0,80,0,0,0,0,0,0,4,24,0,0,256,-1,3,20,0.0,0.0,0,0,0.0,0.0,0,0,DDoS
80,85184265,5,8,321,11595,309,0,64.2,136.88023,5792,0,1449.375,1895.881,139.885,0.15261035,7098689.0,24500000.0,85000000,5,85100000,21300000.0,42500000.0,85000000,5,85200000,12200000.0,32100000.0,85000000,48,0,0,0,0,144,264,0.058696285,0.093914054,0,5792,851.5714,1566.7019,2454554.8,1,0,0,0,0,0,0,0,1,917.0769,64.2,1449.375,144,0,0,0,0,0,0,5,321,8,11595,0,235,2,20,9983.0,0.0,9983,9983,85000000.0,0.0,85000000,85000000,DoS Hulk
80,117179235,8,5,770,11595,382,0,96.25,176.38087,7240,0,2319.0,3331.6382,105.52211,0.11094116,9764936.0,33700000.0,117000000,1,117000000,16700000.0,44200000.0,117000000,1,274494,68623.5,106267.69,224038,74,0,0,0,0,252,168,0.06827148,0.042669676,0,7240,883.2143,2160.1104,4666076.5,0,0,0,0,1,0,0,0,0,951.1539,96.25,2319.0,252,0,0,0,0,0,0,8,770,5,11595,251,235,3,20,991.0,0.0,991,991,117000000.0,0.0,117000000,117000000,DoS Hulk
548,19,1,1,2,6,2,2,2.0,0.0,6,6,6.0,0.0,421052.62,105263.16,19.0,0.0,19,19,0,0.0,0.0,0,0,0,0.0,0.0,0,0,0,0,0,0,24,20,52631.58,52631.58,2,6,3.3333333,2.309401,5.3333335,0,0,0,1,0,0,0,0,1,5.0,2.0,6.0,24,0,0,0,0,0,0,1,2,1,6,1024,0,0,24,0.0,0.0,0,0,0.0,0.0,0,0,PortScan
443,119723110,49,78,4019,79067,1320,0,82.02041,227.14244,2860,0,1013.6795,673.3606,693.9846,1.060781,950183.44,7337998.0,58900000,1,120000000,2492630.0,11800000.0,58900000,32,120000000,1553857.0,9370397.0,58900000,1,1,0,0,0,980,1560,0.4092777,0.65150326,0,2860,659.4219,709.6128,503550.28,0,1,0,0,1,0,0,0,1,664.6142,82.02041,1013.6795,980,0,0,0,0,0,0,49,4019,78,79067,255,567,13,20,632694.0,773399.44,1179570,85818,58500000.0,513677.0,58900000,58100000,BENIGN
53,23810,1,1,37,53,37,37,37.0,0.0,53,53,53.0,0.0,3779.9243,83.99832,23810.0,0.0,23810,23810,0,0.0,0.0,0,0,0,0.0,0.0,0,0,0,0,0,0,32,32,41.99916,41.99916,37,53,42.333332,9.237604,85.333336,0,0,0,0,0,0,0,0,1,63.5,37.0,53.0,32,0,0,0,0,0,0,1,37,1,53,-1,-1,0,32,0.0,0.0,0,0,0.0,0.0,0,0,BENIGN
80,163797,3,4,418,564,418,0,139.33333,241.33241,564,0,141.0,282.0,5995.2256,42.735825,27299.5,41566.055,81044,4,81575,40787.5,57067.055,81140,435,82753,27584.334,46612.305,81402,4,0,0,0,0,108,136,18.315353,24.420471,0,564,122.75,230.61394,53182.785,0,0,0,1,0,0,0,0,1,140.28572,139.33333,141.0,108,0,0,0,0,0,0,3,418,4,564,65535,3216,1,32,0.0,0.0,0,0,0.0,0.0,0,0,BENIGN
443,60,2,0,12,0,6,6,6.0,0.0,0,0,0.0,0.0,200000.0,33333.332,60.0,0.0,60,60,60,60.0,0.0,60,60,0,0.0,0.0,0,0,0,0,0,0,40,0,33333.332,0.0,6,6,6.0,0.0,0.0,0,0,0,0,1,0,0,0,0,9.0,6.0,0.0,40,0,0,0,0,0,0,2,12,0,0,16273,-1,1,20,0.0,0.0,0,0,0.0,0.0,0,0,BENIGN
443,75573120,13,16,985,3400,517,0,75.76923,165.16414,1748,0,212.5,546.7771,58.023277,0.38373432,2699040.0,4362707.0,10000000,3,71300000,5939658.5,5143086.0,10100000,5113,75500000,5030475.5,5032355.5,10100000,3,0,0,0,0,272,416,0.17201884,0.21171549,0,1748,146.16667,413.89737,171311.05,0,0,0,1,0,0,0,0,1,151.2069,75.76923,212.5,272,0,0,0,0,0,0,13,985,16,3400,8192,245,12,20,180652.14,170891.67,568198,115936,10000000.0,4435.965,10000000,9994393,BENIGN
53,23619,2,2,80,202,40,40,40.0,0.0,101,101,101.0,0.0,11939.54,169.35518,7873.0,13591.422,23567,3,3,3.0,0.0,3,3,49,49.0,0.0,49,49,0,0,0,0,64,40,84.67759,84.67759,40,101,64.4,33.411076,1116.3,0,0,0,0,0,0,0,0,1,80.5,40.0,101.0,64,0,0,0,0,0,0,2,80,2,202,-1,-1,1,32,0.0,0.0,0,0,0.0,0.0,0,0,BENIGN
80,85344042,6,7,393,11595,375,0,65.5,151.6519,5792,0,1656.4286,2120.7322,140.46675,0.15232463,7112003.5,24600000.0,85200000,1,85200000,17000000.0,38100000.0,85200000,1,85300000,14200000.0,34800000.0,85200000,46,0,0,0,0,164,232,0.07030368,0.08202095,0,5792,856.7143,1665.4095,2773589.2,1,0,0,0,0,0,0,0,1,922.61536,65.5,1656.4286,164,0,0,0,0,0,0,6,393,7,11595,0,235,3,20,10000.0,0.0,10000,10000,85200000.0,0.0,85200000,85200000,DoS Hulk
2001,56,1,1,0,6,0,0,0.0,0.0,6,6,6.0,0.0,107142.86,35714.285,56.0,0.0,56,56,0,0.0,0.0,0,0,0,0.0,0.0,0,0,0,0,0,0,40,20,17857.143,17857.143,0,6,2.0,3.4641016,12.0,0,0,0,1,0,0,0,0,1,3.0,0.0,6.0,40,0,0,0,0,0,0,1,0,1,6,29200,0,0,40,0.0,0.0,0,0,0.0,0.0,0,0,PortScan
80,98730707,6,6,355,11595,355,0,59.166668,144.92815,5792,0,1932.5,2181.0083,121.03631,0.12154273,8975519.0,29800000.0,98700000,1,98700000,19700000.0,44100000.0,98700000,1,39336,7867.2,12269.817,28163,45,0,0,0,0,200,200,0.06077137,0.06077137,0,5792,919.2308,1715.9191,2944378.2,0,0,0,0,1,0,0,0,1,995.8333,59.166668,1932.5,200,0,0,0,0,0,0,6,355,6,11595,251,235,1,32,4.0,0.0,4,4,98700000.0,0.0,98700000,98700000,DoS Hulk
53,197,2,2,116,212,58,58,58.0,0.0,106,106,106.0,0.0,1664974.6,20304.568,65.666664,107.67699,190,3,4,4.0,0.0,4,4,3,3.0,0.0,3,3,0,0,0,0,64,64,10152.284,10152.284,58,106,77.2,26.290682,691.2,0,0,0,0,0,0,0,0,1,96.5,58.0,106.0,64,0,0,0,0,0,0,2,116,2,212,-1,-1,1,32,0.0,0.0,0,0,0.0,0.0,0,0,BENIGN
53,111463,4,2,132,278,33,33,33.0,0.0,139,139,139.0,0.0,3678.3506,53.82952,22292.6,37638.637,86876,3,24584,8194.667,14187.517,24577,3,3,3.0,0.0,3,3,0,0,0,0,128,64,35.88635,17.943174,33,139,63.285713,51.722702,2675.238,0,0,0,0,0,0,0,0,0,73.833336,33.0,139.0,128,0,0,0,0,0,0,4,132,2,278,-1,-1,3,32,0.0,0.0,0,0,0.0,0.0,0,0,BENIGN
53,37111,4,2,120,92,30,30,30.0,0.0,46,46,46.0,0.0,5712.592,161.67712,7422.2,10177.998,19800,3,17263,5754.3335,9960.735,17256,3,48,48.0,0.0,48,48,0,0,0,0,80,40,107.78475,53.892376,30,46,34.57143,7.8072004,60.95238,0,0,0,0,0,0,0,0,0,40.333332,30.0,46.0,80,0,0,0,0,0,0,4,120,2,92,-1,-1,3,20,0.0,0.0,0,0,0.0,0.0,0,0,BENIGN
80,6290860,4,0,24,0,6,6,6.0,0.0,0,0,0.0,0.0,3.8150587,0.6358431,2096953.4,3631166.2,6289863,3,6290860,2096953.4,3631166.2,6289863,3,0,0.0,0.0,0,0,0,0,0,0,80,0,0.6358431,0.0,6,6,6.0,0.0,0.0,0,0,0,0,1,0,0,0,0,7.5,6.0,0.0,80,0,0,0,0,0,0,4,24,0,0,256,-1,3,20,997.0,0.0,997,997,6289863.0,0.0,6289863,6289863,DDoS
80,5046134,4,0,24,0,6,6,6.0,0.0,0,0,0.0,0.0,4.7561164,0.79268605,1682044.6,2912835.2,5045497,221,5046134,1682044.6,2912835.2,5045497,221,0,0.0,0.0,0,0,0,0,0,0,80,0,0.79268605,0.0,6,6,6.0,0.0,0.0,0,0,0,0,1,0,0,0,0,7.5,6.0,0.0,80,0,0,0,0,0,0,4,24,0,0,256,-1,3,20,637.0,0.0,637,637,5045497.0,0.0,5045497,5045497,DDoS
80,10824698,5,0,30,0,6,6,6.0,0.0,0,0,0.0,0.0,2.7714398,0.46190664,2706174.5,5412163.0,10800000,1,10800000,2706174.5,5412163.0,10800000,1,0,0.0,0.0,0,0,0,0,0,0,100,0,0.46190664,0.0,6,6,6.0,0.0,0.0,0,0,0,0,1,0,0,0,0,7.2,6.0,0.0,100,0,0,0,0,0,0,5,30,0,0,256,-1,4,20,279.0,0.0,279,279,10800000.0,0.0,10800000,10800000,DDoS
80,99181916,5,7,360,11595,348,0,72.0,154.31786,5792,0,1656.4286,2429.1187,120.53609,0.1209898,9016538.0,29900000.0,99200000,4,99200000,24800000.0,49600000.0,99200000,4,99200000,16500000.0,40500000.0,99200000,46,0,0,0,0,144,232,0.050412416,0.07057738,0,5792,920.0769,1908.8864,3643847.0,1,0,0,0,0,0,0,0,1,996.75,72.0,1656.4286,144,0,0,0,0,0,0,5,360,7,11595,0,235,2,20,15006.0,0.0,15006,15006,99200000.0,0.0,99200000,99200000,DoS Hulk
80,85623026,7,5,354,11595,348,0,50.57143,131.17273,8688,0,2319.0,3774.2375,139.55359,0.14014922,7783911.5,25800000.0,85500000,1,85500000,14200000.0,34900000.0,85500000,1,156375,39093.75,64644.984,134906,65,0,0,0,0,220,168,0.08175371,0.05839551,0,8688,919.1539,2466.5505,6083871.0,0,0,0,0,1,0,0,0,0,995.75,50.57143,2319.0,220,0,0,0,0,0,0,7,354,5,11595,274,235,2,20,5001.0,0.0,5001,5001,85500000.0,0.0,85500000,85500000,DoS Hulk
11111,50,1,1,2,6,2,2,2.0,0.0,6,6,6.0,0.0,160000.0,40000.0,50.0,0.0,50,50,0,0.0,0.0,0,0,0,0.0,0.0,0,0,0,0,0,0,24,20,20000.0,20000.0,2,6,3.3333333,2.309401,5.3333335,0,0,0,1,0,0,0,0,1,5.0,2.0,6.0,24,0,0,0,0,0,0,1,2,1,6,1024,0,0,24,0.0,0.0,0,0,0.0,0.0,0,0,PortScan
80,4680909,4,0,24,0,6,6,6.0,0.0,0,0,0.0,0.0,5.127209,0.85453486,1560303.0,2701644.2,4679893,3,4680909,1560303.0,2701644.2,4679893,3,0,0.0,0.0,0,0,0,0,0,0,80,0,0.85453486,0.0,6,6,6.0,0.0,0.0,0,0,0,0,1,0,0,0,0,7.5,6.0,0.0,80,0,0,0,0,0,0,4,24,0,0,256,-1,3,20,0.0,0.0,0,0,0.0,0.0,0,0,DDoS
80,83838085,5,7,310,11595,298,0,62.0,131.96211,5792,0,1656.4286,2120.7322,141.99991,0.14313304,7621644.0,25200000.0,83700000,4,83700000,20900000.0,41800000.0,83700000,4,83800000,14000000.0,34200000.0,83700000,46,0,0,0,0,144,232,0.05963877,0.083494276,0,5792,916.2308,1716.7559,2947250.8,1,0,0,0,0,0,0,0,1,992.5833,62.0,1656.4286,144,0,0,0,0,0,0,5,310,7,11595,0,235,2,20,12995.0,0.0,12995,12995,83700000.0,0.0,83700000,83700000,DoS Hulk
80,16199127,4,6,396,11595,396,0,99.0,198.0,8688,0,1932.5,3384.303,740.2251,0.6173172,1799903.0,5343449.0,16000000,25,16100000,5353521.0,9262201.0,16000000,1969,150513,30102.6,60652.11,138210,47,0,0,0,0,144,200,0.24692689,0.37039033,0,8688,1090.091,2583.8035,6676041.0,0,0,0,1,0,0,0,0,1,1199.1,99.0,1932.5,144,0,0,0,0,0,0,4,396,6,11595,29200,235,1,32,0.0,0.0,0,0,16000000.0,0.0,16000000,16000000,DoS Hulk
53,148,2,2,88,188,44,44,44.0,0.0,94,94,94.0,0.0,1864864.9,27027.027,49.333332,81.98984,144,1,3,3.0,0.0,3,3,1,1.0,0.0,1,1,0,0,0,0,40,40,13513.514,13513.514,44,94,64.0,27.386127,750.0,0,0,0,0,0,0,0,0,1,80.0,44.0,94.0,40,0,0,0,0,0,0,2,88,2,188,-1,-1,1,20,0.0,0.0,0,0,0.0,0.0,0,0,BENIGN
53,23685,2,2,96,160,48,48,48.0,0.0,80,80,80.0,0.0,10808.528,168.88326,7895.0,13669.345,23679,3,3,3.0,0.0,3,3,3,3.0,0.0,3,3,0,0,0,0,64,40,84.44163,84.44163,48,80,60.8,17.527122,307.2,0,0,0,0,0,0,0,0,1,76.0,48.0,80.0,64,0,0,0,0,0,0,2,96,2,160,-1,-1,1,32,0.0,0.0,0,0,0.0,0.0,0,0,BENIGN
80,90750022,8,4,56,11601,20,0,7.0,5.656854,7215,0,2900.25,3540.003,128.45177,0.13223137,8250002.0,26700000.0,88600000,22,90700000,13000000.0,33400000.0,88600000,182,30931,10310.333,9566.512,19190,180,0,0,0,0,172,92,0.08815425,0.044077124,0,7215,897.1539,2250.515,5064817.5,0,0,0,0,1,0,0,0,0,971.9167,7.0,2900.25,172,0,0,0,0,0,0,8,56,4,11601,256,229,6,20,2085333.0,0.0,2085333,2085333,88600000.0,0.0,88600000,88600000,DDoS
80,101201715,8,6,382,11595,376,0,47.75,132.64964,5792,0,1932.5,2181.0083,118.34779,0.13833758,7784747.5,27700000.0,100000000,1,101000000,14400000.0,37800000.0,100000000,1,133499,26699.8,55562.254,125937,45,0,0,0,0,260,200,0.07905004,0.059287533,0,5792,798.4667,1620.6149,2626392.8,0,0,0,0,1,0,0,0,0,855.5,47.75,1932.5,260,0,0,0,0,0,0,8,382,6,11595,251,235,2,20,5.0,0.0,5,5,100000000.0,0.0,100000000,100000000,DoS Hulk
80,99965452,6,5,341,11595,341,0,56.833332,139.21266,5792,0,2319.0,2423.6296,119.40125,0.11003802,9996545.0,31600000.0,99800000,1,99800000,20000000.0,44600000.0,99800000,1,148219,37054.75,67305.6,137773,146,0,0,0,0,200,168,0.060020737,0.05001728,0,5792,994.6667,1873.9523,3511697.2,0,0,0,0,1,0,0,0,0,1085.091,56.833332,2319.0,200,0,0,0,0,0,0,6,341,5,11595,251,235,1,32,3.0,0.0,3,3,99800000.0,0.0,99800000,99800000,DoS Hulk
80,99386007,7,7,399,11595,375,0,57.0,140.25334,4355,0,1656.4286,2121.9836,120.68097,0.1408649,7645077.5,27600000.0,99400000,1,99400000,16600000.0,40600000.0,99400000,1,99400000,16600000.0,40600000.0,99400000,16,0,0,0,0,184,232,0.07043245,0.07043245,0,4355,800.0,1620.4934,2625998.8,1,0,0,0,0,0,0,0,1,857.1429,57.0,1656.4286,184,0,0,0,0,0,0,7,399,7,11595,0,235,4,20,14000.0,0.0,14000,14000,99400000.0,0.0,99400000,99400000,DoS Hulk
80,5016355,5,0,30,0,6,6,6.0,0.0,0,0,0.0,0.0,5.9804378,0.9967397,1254088.8,2507091.5,5014726,224,5016355,1254088.8,2507091.5,5014726,224,0,0.0,0.0,0,0,0,0,0,0,100,0,0.9967397,0.0,6,6,6.0,0.0,0.0,0,0,0,0,1,0,0,0,0,7.2,6.0,0.0,100,0,0,0,0,0,0,5,30,0,0,256,-1,4,20,1629.0,0.0,1629,1629,5014726.0,0.0,5014726,5014726,DDoS
80,97637686,8,6,346,11595,346,0,43.25,122.329475,5792,0,1932.5,2181.0083,122.29909,0.14338726,7510591.0,27100000.0,97600000,1,97600000,13900000.0,36900000.0,97600000,1,12132,2426.4,4187.3564,9756,46,0,0,0,0,264,200,0.08193558,0.06145168,0,5792,796.06665,1621.4016,2628943.2,0,0,0,0,1,0,0,0,0,852.9286,43.25,1932.5,264,0,0,0,0,0,0,8,346,6,11595,274,235,1,32,986.0,0.0,986,986,97600000.0,0.0,97600000,97600000,DoS Hulk
80,769120,3,6,26,11607,20,0,8.666667,10.263203,5840,0,1934.5,2538.9192,15125.078,11.701685,96140.0,271523.4,768126,47,656,328.0,390.32294,604,52,769072,153814.4,343410.72,768126,47,0,0,0,0,72,132,3.9005616,7.801123,0,5840,1163.3,2138.329,4572451.5,0,0,0,1,0,0,0,0,2,1292.5555,8.666667,1934.5,72,0,0,0,0,0,0,3,26,6,11607,8192,229,2,20,0.0,0.0,0,0,0.0,0.0,0,0,DDoS
80,98419949,9,6,344,11595,344,0,38.22222,114.666664,4344,0,1932.5,1977.8129,121.30671,0.15240812,7029996.5,26300000.0,98300000,0,98300000,12300000.0,34700000.0,98300000,0,146669,29333.8,58913.957,134317,36,0,0,0,0,296,200,0.09144487,0.06096325,0,4344,746.1875,1487.1821,2211710.8,0,0,0,0,1,0,0,0,0,795.93335,38.22222,1932.5,296,0,0,0,0,0,0,9,344,6,11595,274,235,1,32,998.0,0.0,998,998,98300000.0,0.0,98300000,98300000,DoS Hulk
80,205,3,0,0,0,0,0,0.0,0.0,0,0,0.0,0.0,0.0,14634.146,102.5,139.30003,201,4,205,102.5,139.30003,201,4,0,0.0,0.0,0,0,0,0,0,0,96,0,14634.146,0.0,0,0,0.0,0.0,0.0,0,0,0,0,1,0,0,0,0,0.0,0.0,0.0,96,0,0,0,0,0,0,3,0,0,0,274,-1,0,32,0.0,0.0,0,0,0.0,0.0,0,0,DoS Hulk
3905,103,2,2,4,12,2,2,2.0,0.0,6,6,6.0,0.0,155339.81,38834.953,34.333332,28.936712,53,1,1,1.0,0.0,1,1,49,49.0,0.0,49,49,0,0,0,0,48,40,19417.477,19417.477,2,6,3.6,2.1908903,4.8,0,0,0,1,0,0,0,0,1,4.5,2.0,6.0,48,0,0,0,0,0,0,2,4,2,12,1024,0,1,24,0.0,0.0,0,0,0.0,0.0,0,0,BENIGN
1234,26,1,1,0,6,0,0,0.0,0.0,6,6,6.0,0.0,230769.23,76923.08,26.0,0.0,26,26,0,0.0,0.0,0,0,0,0.0,0.0,0,0,0,0,0,0,40,20,38461.54,38461.54,0,6,2.0,3.4641016,12.0,0,0,0,1,0,0,0,0,1,3.0,0.0,6.0,40,0,0,0,0,0,0,1,0,1,6,29200,0,0,40,0.0,0.0,0,0,0.0,0.0,0,0,PortScan
21,9627034,9,15,106,188,23,0,11.777778,9.444281,34,0,12.533334,14.54975,30.539001,2.4929798,418566.7,1075222.4,3512532,3,6858726,857340.75,1545475.4,3555576,235,9626938,687638.44,1325613.2,3512532,3,0,0,0,0,296,488,0.9348674,1.5581123,0,34,11.76,12.623655,159.35667,0,0,0,1,0,0,0,0,1,12.25,11.777778,12.533334,296,0,0,0,0,0,0,9,106,15,188,29200,227,6,32,0.0,0.0,0,0,0.0,0.0,0,0,FTP-Patator
80,59015,5,0,30,0,6,6,6.0,0.0,0,0,0.0,0.0,508.34534,84.72422,14753.75,28182.201,57021,3,59015,14753.75,28182.201,57021,3,0,0.0,0.0,0,0,0,0,0,0,100,0,84.72422,0.0,6,6,6.0,0.0,0.0,0,0,0,0,1,0,0,0,0,7.2,6.0,0.0,100,0,0,0,0,0,0,5,30,0,0,256,-1,4,20,0.0,0.0,0,0,0.0,0.0,0,0,DDoS
80,99274761,8,6,394,11595,388,0,49.25,136.89177,4344,0,1932.5,1977.8129,120.76584,0.14102276,7636520.0,27500000.0,99200000,1,99200000,14200000.0,37500000.0,99200000,1,49498,9899.6,16925.322,39193,53,0,0,0,0,252,200,0.08058443,0.060438324,0,4344,799.26666,1524.4257,2323873.5,0,0,0,0,1,0,0,0,0,856.3571,49.25,1932.5,252,0,0,0,0,0,0,8,394,6,11595,274,235,2,20,998.0,0.0,998,998,99200000.0,0.0,99200000,99200000,DoS Hulk
80,101085318,5,6,422,11595,410,0,84.4,182.04065,8688,0,1932.5,3506.0217,118.879776,0.10881897,10100000.0,31900000.0,101000000,62,101000000,25200000.0,50500000.0,101000000,930,101000000,20200000.0,45100000.0,101000000,188,0,0,0,0,144,200,0.049463168,0.059355803,0,8688,1001.9167,2558.2388,6544586.0,1,0,0,0,0,0,0,0,1,1093.0,84.4,1932.5,144,0,0,0,0,0,0,5,422,6,11595,0,235,2,20,9983.0,0.0,9983,9983,101000000.0,0.0,101000000,101000000,DoS Hulk
80,101847806,8,7,1312,11595,325,0,164.0,172.13118,7240,0,1656.4286,2698.6094,126.72831,0.14727858,7274843.5,26900000.0,101000000,47,102000000,14500000.0,38100000.0,101000000,994,102000000,17000000.0,41100000.0,101000000,52,0,0,0,0,240,232,0.07854857,0.068730004,0,7240,807.0625,1877.982,3526816.8,1,0,0,0,0,0,0,0,0,860.86664,164.0,1656.4286,240,0,0,0,0,0,0,8,1312,7,11595,0,235,5,20,9953.0,0.0,9953,9953,101000000.0,0.0,101000000,101000000,DoS Hulk
53,47855,1,1,44,76,44,44,44.0,0.0,76,76,76.0,0.0,2507.575,41.792915,47855.0,0.0,47855,47855,0,0.0,0.0,0,0,0,0.0,0.0,0,0,0,0,0,0,20,20,20.896458,20.896458,44,76,54.666668,18.475208,341.33334,0,0,0,0,0,0,0,0,1,82.0,44.0,76.0,20,0,0,0,0,0,0,1,44,1,76,-1,-1,0,20,0.0,0.0,0,0,0.0,0.0,0,0,BENIGN
80,99728868,9,5,383,11595,383,0,42.555557,127.666664,5792,0,2319.0,2423.6296,120.105644,0.14038062,7671451.5,27700000.0,99700000,1,99700000,12500000.0,35200000.0,99700000,1,25655,6413.75,7582.781,15402,88,0,0,0,0,296,168,0.09024468,0.050135937,0,5792,798.5333,1710.6095,2926184.8,0,0,0,0,1,0,0,0,0,855.5714,42.555557,2319.0,296,0,0,0,0,0,0,9,383,5,11595,251,235,1,32,5001.0,0.0,5001,5001,99700000.0,0.0,99700000,99700000,DoS Hulk
80,812657,3,5,26,11607,20,0,8.666667,10.263203,10135,0,2321.4,4413.202,14314.772,9.844252,116093.86,306837.6,811936,5,599,299.5,354.2605,550,49,812575,203143.75,405861.56,811936,5,0,0,0,0,72,112,3.6915944,6.1526575,0,10135,1292.5555,3350.635,11200000.0,0,0,0,1,0,0,0,0,1,1454.125,8.666667,2321.4,72,0,0,0,0,0,0,3,26,5,11607,8192,229,2,20,0.0,0.0,0,0,0.0,0.0,0,0,DDoS
80,98309749,5,7,336,11595,324,0,67.2,143.58691,4344,0,1656.4286,1760.5973,121.36131,0.122063175,8937250.0,29600000.0,98200000,49,98300000,24600000.0,49100000.0,98200000,995,98300000,16400000.0,40100000.0,98200000,49,0,0,0,0,144,232,0.050859656,0.071203515,0,4344,918.2308,1498.5735,2245722.2,1,0,0,0,0,0,0,0,1,994.75,67.2,1656.4286,144,0,0,0,0,0,0,5,336,7,11595,0,235,2,20,13987.0,0.0,13987,13987,98200000.0,0.0,98200000,98200000,DoS Hulk
53418,1,2,0,12,0,6,6,6.0,0.0,0,0,0.0,0.0,12000000.0,2000000.0,1.0,0.0,1,1,1,1.0,0.0,1,1,0,0.0,0.0,0,0,0,0,0,0,40,0,2000000.0,0.0,6,6,6.0,0.0,0.0,0,0,0,0,1,0,0,0,0,9.0,6.0,0.0,40,0,0,0,0,0,0,2,12,0,0,32753,-1,1,20,0.0,0.0,0,0,0.0,0.0,0,0,BENIGN
33806,3,2,0,0,0,0,0,0.0,0.0,0,0,0.0,0.0,0.0,666666.7,3.0,0.0,3,3,3,3.0,0.0,3,3,0,0.0,0.0,0,0,0,0,0,0,64,0,666666.7,0.0,0,0,0.0,0.0,0.0,0,0,0,0,1,0,0,0,0,0.0,0.0,0.0,64,0,0,0,0,0,0,2,0,0,0,365,-1,0,32,0.0,0.0,0,0,0.0,0.0,0,0,BENIGN
80,25,1,1,8,0,8,8,8.0,0.0,0,0,0.0,0.0,320000.0,80000.0,25.0,0.0,25,25,0,0.0,0.0,0,0,0,0.0,0.0,0,0,1,0,0,0,32,32,40000.0,40000.0,0,8,5.3333335,4.618802,21.333334,0,1,0,0,1,0,0,0,1,8.0,8.0,0.0,32,0,0,0,0,0,0,1,8,1,0,229,235,0,32,0.0,0.0,0,0,0.0,0.0,0,0,DoS slowloris
80,100390011,7,8,357,11595,339,0,51.0,127.031494,5792,0,1449.375,2046.6735,119.05567,0.14941725,7170715.0,26500000.0,99200000,1,100000000,16700000.0,40400000.0,99200000,1,100000000,14300000.0,37900000.0,100000000,10,0,0,0,0,204,264,0.069728054,0.079689205,0,5792,747.375,1577.0344,2487037.5,1,0,0,0,0,0,0,0,1,797.2,51.0,1449.375,204,0,0,0,0,0,0,7,357,8,11595,0,235,3,20,11001.0,0.0,11001,11001,99200000.0,0.0,99200000,99200000,DoS Hulk
43,2,1,1,2,6,2,2,2.0,0.0,6,6,6.0,0.0,4000000.0,1000000.0,2.0,0.0,2,2,0,0.0,0.0,0,0,0,0.0,0.0,0,0,0,0,0,0,24,20,500000.0,500000.0,2,6,3.3333333,2.309401,5.3333335,0,0,0,1,0,0,0,0,1,5.0,2.0,6.0,24,0,0,0,0,0,0,1,2,1,6,1024,0,0,24,0.0,0.0,0,0,0.0,0.0,0,0,PortScan
80,85036152,4,6,335,11595,329,0,83.75,163.52446,4344,0,1932.5,1977.8129,140.29327,0.11759704,9448461.0,28300000.0,84900000,51,84900000,28300000.0,49000000.0,84900000,52,146512,29302.4,58314.13,133135,51,0,0,0,0,124,200,0.047038816,0.07055823,0,4344,1085.091,1706.5382,2912272.5,1,0,0,0,0,0,0,0,1,1193.6,83.75,1932.5,124,0,0,0,0,0,0,4,335,6,11595,0,235,1,20,0.0,0.0,0,0,84900000.0,0.0,84900000,84900000,DoS Hulk
80,99049432,6,6,315,11595,315,0,52.5,128.5982,5792,0,1932.5,2537.82,120.24299,0.121151626,9004494.0,29900000.0,99000000,1,99000000,19800000.0,44300000.0,99000000,1,1017,203.4,331.88898,792,3,0,0,0,0,200,200,0.060575813,0.060575813,0,5792,916.1539,1910.45,3649818.8,0,0,0,0,1,0,0,0,1,992.5,52.5,1932.5,200,0,0,0,0,0,0,6,315,6,11595,274,235,1,32,2.0,0.0,2,2,99000000.0,0.0,99000000,99000000,DoS Hulk
80,85405,3,5,393,11595,393,0,131.0,226.89865,10136,0,2319.0,4414.366,140366.48,93.67133,12200.714,27099.934,73127,31,12008,6004.0,5659.6826,10006,2002,85238,21309.5,34986.49,73127,45,0,0,0,0,104,168,35.126747,58.544582,0,10136,1332.0,3335.8237,11100000.0,0,0,0,1,0,0,0,0,1,1498.5,131.0,2319.0,104,0,0,0,0,0,0,3,393,5,11595,29200,235,1,32,0.0,0.0,0,0,0.0,0.0,0,0,DoS Hulk
8757,261340,4,1,107,0,69,0,26.75,33.380383,0,0,0.0,0.0,409.42834,19.132166,65335.0,121122.125,246727,1,261340,87113.336,138461.81,246774,1,0,0.0,0.0,0,0,1,0,0,0,80,20,15.305732,3.826433,0,69,29.333334,34.068558,1160.6666,0,1,0,0,1,0,0,0,0,35.2,26.75,0.0,80,0,0,0,0,0,0,4,107,1,0,513,0,1,20,0.0,0.0,0,0,0.0,0.0,0,0,BENIGN
443,10,1,1,0,0,0,0,0.0,0.0,0,0,0.0,0.0,0.0,200000.0,10.0,0.0,10,10,0,0.0,0.0,0,0,0,0.0,0.0,0,0,0,0,0,0,32,32,100000.0,100000.0,0,0,0.0,0.0,0.0,0,0,0,0,1,0,0,0,1,0.0,0.0,0.0,32,0,0,0,0,0,0,1,0,1,0,316,349,0,32,0.0,0.0,0,0,0.0,0.0,0,0,BENIGN
80,4184950,5,0,30,0,6,6,6.0,0.0,0,0,0.0,0.0,7.1685443,1.1947575,1046237.5,2090473.9,4181948,3,4184950,1046237.5,2090473.9,4181948,3,0,0.0,0.0,0,0,0,0,0,0,100,0,1.1947575,0.0,6,6,6.0,0.0,0.0,0,0,0,0,1,0,0,0,0,7.2,6.0,0.0,100,0,0,0,0,0,0,5,30,0,0,256,-1,4,20,0.0,0.0,0,0,0.0,0.0,0,0,DDoS
80,1111104,3,5,26,11607,20,0,8.666667,10.263203,7215,0,2321.4,3327.7698,10469.767,7.200046,158729.14,419606.0,1110306,5,623,311.5,409.41483,601,22,1111086,277771.5,555023.06,1110306,5,0,0,0,0,72,112,2.7000172,4.5000286,0,7215,1292.5555,2650.5857,7025604.5,0,0,0,1,0,0,0,0,1,1454.125,8.666667,2321.4,72,0,0,0,0,0,0,3,26,5,11607,8192,229,2,20,0.0,0.0,0,0,0.0,0.0,0,0,DDoS
80,4197934,4,0,24,0,6,6,6.0,0.0,0,0,0.0,0.0,5.7170978,0.9528497,1399311.4,2420367.5,4194110,4,4197934,1399311.4,2420367.5,4194110,4,0,0.0,0.0,0,0,0,0,0,0,80,0,0.9528497,0.0,6,6,6.0,0.0,0.0,0,0,0,0,1,0,0,0,0,7.5,6.0,0.0,80,0,0,0,0,0,0,4,24,0,0,256,-1,3,20,0.0,0.0,0,0,0.0,0.0,0,0,DDoS
59976,4,2,0,31,0,31,0,15.5,21.920311,0,0,0.0,0.0,7750000.0,500000.0,4.0,0.0,4,4,4,4.0,0.0,4,4,0,0.0,0.0,0,0,1,0,0,0,64,0,500000.0,0.0,0,31,20.666666,17.897858,320.33334,0,1,0,0,1,0,0,0,0,31.0,15.5,0.0,64,0,0,0,0,0,0,2,31,0,0,939,-1,0,32,0.0,0.0,0,0,0.0,0.0,0,0,BENIGN
80,99372065,6,5,394,11595,376,0,65.666664,152.06007,7240,0,2319.0,3335.222,120.64759,0.110695094,9937206.0,31400000.0,99300000,7,99300000,19900000.0,44400000.0,99300000,7,99400000,24800000.0,49600000.0,99300000,190,0,0,0,0,164,168,0.060379144,0.05031595,0,7240,999.5833,2326.432,5412285.5,1,0,0,0,0,0,0,0,0,1090.4546,65.666664,2319.0,164,0,0,0,0,0,0,6,394,5,11595,0,235,3,20,13997.0,0.0,13997,13997,99300000.0,0.0,99300000,99300000,DoS Hulk
80,99525781,6,7,388,11595,376,0,64.666664,152.54988,5792,0,1656.4286,2120.7322,120.40096,0.13061942,8293815.0,28400000.0,98400000,44,99400000,19900000.0,43900000.0,98400000,1027,99500000,16600000.0,40600000.0,99400000,46,0,0,0,0,184,232,0.06028589,0.07033353,0,5792,856.3571,1665.6239,2774303.0,1,0,0,0,0,0,0,0,1,922.2308,64.666664,1656.4286,184,0,0,0,0,0,0,6,388,7,11595,0,235,2,20,13009.0,0.0,13009,13009,98400000.0,0.0,98400000,98400000,DoS Hulk
80,75608,3,4,432,2277,426,0,144.0,244.2376,2265,0,569.25,1130.5035,35829.543,92.582794,12601.333,15814.737,32629,4,41421,20710.5,16781.766,32577,8844,43081,14360.333,23536.322,41523,4,0,0,0,0,72,92,39.67834,52.904453,0,2265,338.625,792.32697,627782.0,0,0,0,1,0,0,0,0,1,387.0,144.0,569.25,72,0,0,0,0,0,0,3,432,4,2277,8192,237,2,20,0.0,0.0,0,0,0.0,0.0,0,0,BENIGN
80,37289,3,4,26,11601,20,0,8.666667,10.263203,8760,0,2900.25,4128.3193,311807.78,187.72292,6214.8335,13267.943,33204,28,33465,16732.5,23333.816,33232,233,37261,12420.333,18309.83,33525,775,0,0,0,0,72,92,80.45268,107.27024,0,8760,1453.375,3113.9526,9696701.0,0,0,0,1,0,0,0,0,1,1661.0,8.666667,2900.25,72,0,0,0,0,0,0,3,26,4,11601,8192,229,2,20,0.0,0.0,0,0,0.0,0.0,0,0,DDoS
53,75278,2,2,68,154,34,34,34.0,0.0,77,77,77.0,0.0,2949.0688,53.136375,25092.666,43457.445,75273,1,1,1.0,0.0,1,1,4,4.0,0.0,4,4,0,0,0,0,64,64,26.568188,26.568188,34,77,51.2,23.55207,554.7,0,0,0,0,0,0,0,0,1,64.0,34.0,77.0,64,0,0,0,0,0,0,2,68,2,154,-1,-1,1,32,0.0,0.0,0,0,0.0,0.0,0,0,BENIGN
53,31564,1,1,56,109,56,56,56.0,0.0,109,109,109.0,0.0,5227.474,63.363327,31564.0,0.0,31564,31564,0,0.0,0.0,0,0,0,0.0,0.0,0,0,0,0,0,0,32,32,31.681664,31.681664,56,109,73.666664,30.599564,936.3333,0,0,0,0,0,0,0,0,1,110.5,56.0,109.0,32,0,0,0,0,0,0,1,56,1,109,-1,-1,0,32,0.0,0.0,0,0,0.0,0.0,0,0,BENIGN
7938,42,1,1,2,6,2,2,2.0,0.0,6,6,6.0,0.0,190476.19,47619.047,42.0,0.0,42,42,0,0.0,0.0,0,0,0,0.0,0.0,0,0,0,0,0,0,24,20,23809.523,23809.523,2,6,3.3333333,2.309401,5.3333335,0,0,0,1,0,0,0,0,1,5.0,2.0,6.0,24,0,0,0,0,0,0,1,2,1,6,1024,0,0,24,0.0,0.0,0,0,0.0,0.0,0,0,PortScan
80,98955629,6,6,347,11595,329,0,57.833332,132.87651,7240,0,1932.5,3126.6826,120.68035,0.12126647,8995966.0,29800000.0,98800000,44,98800000,19800000.0,44200000.0,98800000,46,99000000,19800000.0,44200000.0,98800000,46,0,0,0,0,164,200,0.060633235,0.060633235,0,7240,919.0769,2243.7935,5034609.0,1,0,0,0,0,0,0,0,1,995.6667,57.833332,1932.5,164,0,0,0,0,0,0,6,347,6,11595,0,235,3,20,15997.0,0.0,15997,15997,98800000.0,0.0,98800000,98800000,DoS Hulk
80,84761273,8,5,360,11595,360,0,45.0,127.27922,10136,0,2319.0,4414.366,141.04318,0.15337193,7063439.5,24400000.0,84600000,1,84600000,12100000.0,32000000.0,84600000,1,142594,35648.5,62017.75,128165,192,0,0,0,0,264,168,0.094382726,0.058989204,0,10136,853.9286,2699.8035,7288939.0,0,0,0,0,1,0,0,0,0,919.61536,45.0,2319.0,264,0,0,0,0,0,0,8,360,5,11595,274,235,1,32,990.0,0.0,990,990,84600000.0,0.0,84600000,84600000,DoS Hulk
14238,9,1,1,2,6,2,2,2.0,0.0,6,6,6.0,0.0,888888.9,222222.22,9.0,0.0,9,9,0,0.0,0.0,0,0,0,0.0,0.0,0,0,0,0,0,0,24,20,111111.11,111111.11,2,6,3.3333333,2.309401,5.3333335,0,0,0,1,0,0,0,0,1,5.0,2.0,6.0,24,0,0,0,0,0,0,1,2,1,6,1024,0,0,24,0.0,0.0,0,0,0.0,0.0,0,0,PortScan
5357,42,1,1,2,6,2,2,2.0,0.0,6,6,6.0,0.0,190476.19,47619.047,42.0,0.0,42,42,0,0.0,0.0,0,0,0,0.0,0.0,0,0,0,0,0,0,24,20,23809.523,23809.523,2,6,3.3333333,2.309401,5.3333335,0,0,0,1,0,0,0,0,1,5.0,2.0,6.0,24,0,0,0,0,0,0,1,2,1,6,1024,0,0,24,0.0,0.0,0,0,0.0,0.0,0,0,PortScan
44274,248,2,0,12,0,6,6,6.0,0.0,0,0,0.0,0.0,48387.098,8064.516,248.0,0.0,248,248,248,248.0,0.0,248,248,0,0.0,0.0,0,0,0,0,0,0,40,0,8064.516,0.0,6,6,6.0,0.0,0.0,0,0,0,0,1,0,0,0,0,9.0,6.0,0.0,40,0,0,0,0,0,0,2,12,0,0,35136,-1,1,20,0.0,0.0,0,0,0.0,0.0,0,0,BENIGN
80,98996427,8,4,56,11601,20,0,7.0,5.656854,7215,0,2900.25,3540.003,117.751724,0.1212165,8999675.0,29400000.0,97700000,1,97800000,14000000.0,36900000.0,97700000,1,1162166,387388.66,658034.3,1147174,160,0,0,0,0,172,92,0.080810994,0.0404055,0,7215,897.1539,2250.515,5064817.5,0,0,0,0,1,0,0,0,0,971.9167,7.0,2900.25,172,0,0,0,0,0,0,8,56,4,11601,256,229,6,20,96991.0,0.0,96991,96991,97700000.0,0.0,97700000,97700000,DDoS
80,71075061,8,7,56,11607,20,0,7.0,5.656854,5840,0,1658.1428,2127.5977,164.09413,0.21104449,5076790.0,16400000.0,61600000,0,69200000,9886505.0,23000000.0,61600000,1,1870216,311702.66,762954.06,1869076,2,0,0,0,0,172,152,0.11255706,0.09848743,0,5840,729.3125,1589.4738,2526426.8,0,0,0,0,1,0,0,0,0,777.93335,7.0,1658.1428,172,0,0,0,0,0,0,8,56,7,11607,256,229,6,20,4983.0,0.0,4983,4983,34600000.0,38100000.0,61600000,7632718,DDoS
80,1030433,4,6,360,11595,360,0,90.0,180.0,5792,0,1932.5,2181.0083,11601.919,9.7046585,114492.555,331738.53,998949,5,1014954,338318.0,572179.1,998949,5,31409,6281.8,8475.97,16026,46,0,0,0,0,144,200,3.8818634,5.822795,0,5792,1086.8182,1825.5961,3332801.0,0,0,0,1,0,0,0,0,1,1195.5,90.0,1932.5,144,0,0,0,0,0,0,4,360,6,11595,29200,235,1,32,0.0,0.0,0,0,0.0,0.0,0,0,DoS Hulk
80,100010643,7,6,335,11595,335,0,47.857143,126.618095,5792,0,1932.5,2181.0083,119.28731,0.12998617,8334220.0,28800000.0,99900000,2,99900000,16600000.0,40800000.0,99900000,2,149376,29875.2,60165.875,137109,46,0,0,0,0,232,200,0.06999255,0.059993614,0,5792,852.1429,1667.2751,2779806.2,0,0,0,0,1,0,0,0,0,917.6923,47.857143,1932.5,232,0,0,0,0,0,0,7,335,6,11595,251,235,1,32,1000.0,0.0,1000,1000,99900000.0,0.0,99900000,99900000,DoS Hulk
53,221,2,2,88,188,44,44,44.0,0.0,94,94,94.0,0.0,1248868.8,18099.547,73.666664,84.73685,168,4,49,49.0,0.0,49,49,4,4.0,0.0,4,4,0,0,0,0,64,64,9049.773,9049.773,44,94,64.0,27.386127,750.0,0,0,0,0,0,0,0,0,1,80.0,44.0,94.0,64,0,0,0,0,0,0,2,88,2,188,-1,-1,1,32,0.0,0.0,0,0,0.0,0.0,0,0,BENIGN
80,1323950,5,0,30,0,6,6,6.0,0.0,0,0,0.0,0.0,22.659466,3.7765777,330987.5,660662.5,1321981,1,1323950,330987.5,660662.5,1321981,1,0,0.0,0.0,0,0,0,0,0,0,100,0,3.7765777,0.0,6,6,6.0,0.0,0.0,0,0,0,0,1,0,0,0,0,7.2,6.0,0.0,100,0,0,0,0,0,0,5,30,0,0,256,-1,4,20,0.0,0.0,0,0,0.0,0.0,0,0,DDoS
80,82747146,7,7,766,11595,374,0,109.42857,180.7566,4344,0,1656.4286,1760.5973,149.3828,0.16919012,6365165.0,22800000.0,82400000,1,82600000,13800000.0,33600000.0,82400000,1,82700000,13800000.0,33600000.0,82400000,47,0,0,0,0,196,232,0.08459506,0.08459506,0,4344,824.4667,1411.388,1992015.9,1,0,0,0,0,0,0,0,1,883.3571,109.42857,1656.4286,196,0,0,0,0,0,0,7,766,7,11595,0,235,4,20,12994.0,0.0,12994,12994,82400000.0,0.0,82400000,82400000,DoS Hulk
80,63100534,7,0,0,0,0,0,0.0,0.0,0,0,0.0,0.0,0.0,0.110934086,10500000.0,11900000.0,32100000,996862,63100000,10500000.0,11900000.0,32100000,996862,0,0.0,0.0,0,0,0,0,0,0,280,0,0.110934086,0.0,0,0,0.0,0.0,0.0,0,0,0,1,0,0,0,0,0,0.0,0.0,0.0,280,0,0,0,0,0,0,7,0,0,0,29200,-1,0,40,7004779.0,0.0,7004779,7004779,18700000.0,12200000.0,32100000,8015888,DoS Slowhttptest
80,24674,3,7,302,11595,302,0,100.666664,174.35979,4344,0,1656.4286,1547.7377,482167.47,405.2849,2741.5557,6108.2065,18193,3,5992,2996.0,4232.741,5989,3,24606,4101.0,7284.8213,18193,46,0,0,0,0,104,232,121.58547,283.69943,0,4344,1081.5454,1442.3348,2080329.9,0,0,0,1,0,0,0,0,2,1189.7,100.666664,1656.4286,104,0,0,0,0,0,0,3,302,7,11595,29200,235,1,32,0.0,0.0,0,0,0.0,0.0,0,0,DoS Hulk
80,11957778,8,5,546,11632,546,0,68.25,193.04015,10184,0,2326.4,4437.056,1018.4166,1.0871584,996481.5,2363078.8,6953648,4,6958975,994139.3,2629333.5,6956907,4,12000000,2989439.8,3542022.0,6953648,196,0,0,0,0,264,168,0.6690206,0.41813788,0,10184,869.8571,2710.5996,7347350.5,0,0,0,1,0,0,0,0,0,936.7692,68.25,2326.4,264,0,0,0,0,0,0,8,546,5,11632,29200,235,1,32,781.0,0.0,781,781,6953648.0,0.0,6953648,6953648,DoS GoldenEye
80,59180,3,6,26,11601,20,0,8.666667,10.263203,4380,0,1933.5,1757.7899,196468.4,152.0784,7397.5,14430.176,38828,2,39002,19501.0,27575.75,39000,2,59008,11801.6,17444.38,39063,16,0,0,0,0,72,132,50.692802,101.385605,0,4380,1162.7,1645.2418,2706820.5,0,0,0,1,0,0,0,0,2,1291.8889,8.666667,1933.5,72,0,0,0,0,0,0,3,26,6,11601,8192,229,2,20,0.0,0.0,0,0,0.0,0.0,0,0,DDoS
21,8908793,9,15,105,188,22,0,11.666667,9.273619,34,0,12.533334,14.54975,32.888855,2.6939676,387338.8,1011495.4,3257985,3,5867265,733408.1,1370201.9,3300419,3,8908672,636333.7,1249328.2,3257985,3,0,0,0,0,296,488,1.0102378,1.6837298,0,34,11.72,12.581468,158.29333,0,0,0,1,0,0,0,0,1,12.208333,11.666667,12.533334,296,0,0,0,0,0,0,9,105,15,188,29200,227,6,32,0.0,0.0,0,0,0.0,0.0,0,0,FTP-Patator
80,3521952,5,0,30,0,6,6,6.0,0.0,0,0,0.0,0.0,8.518003,1.4196672,880488.0,1758973.5,3518948,3,3521952,880488.0,1758973.5,3518948,3,0,0.0,0.0,0,0,0,0,0,0,100,0,1.4196672,0.0,6,6,6.0,0.0,0.0,0,0,0,0,1,0,0,0,0,7.2,6.0,0.0,100,0,0,0,0,0,0,5,30,0,0,256,-1,4,20,0.0,0.0,0,0,0.0,0.0,0,0,DDoS
53,573,1,1,62,127,62,62,62.0,0.0,127,127,127.0,0.0,329842.94,3490.4014,573.0,0.0,573,573,0,0.0,0.0,0,0,0,0.0,0.0,0,0,0,0,0,0,32,40,1745.2007,1745.2007,62,127,83.666664,37.527767,1408.3334,0,0,0,0,0,0,0,0,1,125.5,62.0,127.0,32,0,0,0,0,0,0,1,62,1,127,-1,-1,0,32,0.0,0.0,0,0,0.0,0.0,0,0,BENIGN
53,91175,2,2,104,368,52,52,52.0,0.0,184,184,184.0,0.0,5176.858,43.871674,30391.666,52633.848,91168,3,4,4.0,0.0,4,4,3,3.0,0.0,3,3,0,0,0,0,64,64,21.935837,21.935837,52,184,104.8,72.29938,5227.2,0,0,0,0,0,0,0,0,1,131.0,52.0,184.0,64,0,0,0,0,0,0,2,104,2,368,-1,-1,1,32,0.0,0.0,0,0,0.0,0.0,0,0,BENIGN
80,104486,3,5,315,11595,315,0,105.0,181.86534,5792,0,2319.0,3170.4038,113986.56,76.565285,14926.571,33932.45,91105,5,13010,6505.0,9192.388,13005,5,104439,26109.75,43761.96,91105,66,0,0,0,0,104,168,28.71198,47.853302,0,5792,1323.3334,2535.5713,6429122.0,0,0,0,1,0,0,0,0,1,1488.75,105.0,2319.0,104,0,0,0,0,0,0,3,315,5,11595,29200,235,1,32,0.0,0.0,0,0,0.0,0.0,0,0,DoS Hulk
55675,50,1,1,0,0,0,0,0.0,0.0,0,0,0.0,0.0,0.0,40000.0,50.0,0.0,50,50,0,0.0,0.0,0,0,0,0.0,0.0,0,0,0,0,0,0,32,32,20000.0,20000.0,0,0,0.0,0.0,0.0,0,0,0,0,1,1,0,0,1,0.0,0.0,0.0,32,0,0,0,0,0,0,1,0,1,0,167,446,0,32,0.0,0.0,0,0,0.0,0.0,0,0,BENIGN
80,99249696,6,6,379,11595,379,0,63.166668,154.7261,5792,0,1932.5,2181.0083,120.6452,0.12090717,9022700.0,29900000.0,99100000,4,99100000,19800000.0,44300000.0,99100000,4,149435,29887.0,59689.61,136198,45,0,0,0,0,200,200,0.060453586,0.060453586,0,5792,921.0769,1715.2742,2942165.5,0,0,0,0,1,0,0,0,1,997.8333,63.166668,1932.5,200,0,0,0,0,0,0,6,379,6,11595,274,235,1,32,989.0,0.0,989,989,99100000.0,0.0,99100000,99100000,DoS Hulk
443,10996339,7,6,321,3133,212,0,45.857143,79.15476,1460,0,522.1667,687.86115,314.10455,1.1822116,916361.56,3155898.2,10937663,1,10996339,1832723.1,4460497.0,10937663,470,43308,8661.6,10059.89,22568,1,0,0,0,0,152,132,0.6365755,0.5456361,0,1460,246.71428,496.28427,246298.06,0,0,0,1,0,0,0,0,0,265.69232,45.857143,522.1667,152,0,0,0,0,0,0,7,321,6,3133,8192,30,6,20,0.0,0.0,0,0,0.0,0.0,0,0,BENIGN
80,82925452,5,8,367,11595,355,0,73.4,157.44777,4344,0,1449.375,1729.3801,144.25005,0.15676731,6910454.5,23900000.0,82800000,5,82800000,20700000.0,41400000.0,82800000,5,82900000,11800000.0,31300000.0,82800000,34,0,0,0,0,144,264,0.06029512,0.09647219,0,4344,854.8571,1458.0281,2125845.8,1,0,0,0,0,0,0,0,1,920.61536,73.4,1449.375,144,0,0,0,0,0,0,5,367,8,11595,0,235,2,20,12000.0,0.0,12000,12000,82800000.0,0.0,82800000,82800000,DoS Hulk
53,153,2,2,102,224,51,51,51.0,0.0,112,112,112.0,0.0,2130719.0,26143.791,51.0,52.115257,105,1,1,1.0,0.0,1,1,47,47.0,0.0,47,47,0,0,0,0,40,40,13071.8955,13071.8955,51,112,75.4,33.411076,1116.3,0,0,0,0,0,0,0,0,1,94.25,51.0,112.0,40,0,0,0,0,0,0,2,102,2,224,-1,-1,1,20,0.0,0.0,0,0,0.0,0.0,0,0,BENIGN
443,10665315,12,11,2164,7111,1823,0,180.33333,521.4815,2700,0,646.4545,866.90234,869.6415,2.1565232,484787.03,2125476.2,9998289,1,10700000,969557.4,2995055.0,9998289,227,10500000,1051953.4,3145307.8,10000000,46,0,0,0,0,392,360,1.1251426,1.0313807,0,2700,386.45834,719.58167,517797.75,0,0,0,1,0,0,0,0,0,403.26086,180.33333,646.4545,392,0,0,0,0,0,0,12,2164,11,7111,29200,141,3,32,665064.0,0.0,665064,665064,9998289.0,0.0,9998289,9998289,BENIGN
53,31695,1,1,56,84,56,56,56.0,0.0,84,84,84.0,0.0,4417.1006,63.101437,31695.0,0.0,31695,31695,0,0.0,0.0,0,0,0,0.0,0.0,0,0,0,0,0,0,20,20,31.550718,31.550718,56,84,65.333336,16.165808,261.33334,0,0,0,0,0,0,0,0,1,98.0,56.0,84.0,20,0,0,0,0,0,0,1,56,1,84,-1,-1,0,20,0.0,0.0,0,0,0.0,0.0,0,0,BENIGN
53,79424,2,2,58,506,29,29,29.0,0.0,253,253,253.0,0.0,7101.128,50.36261,26474.666,45851.137,79419,1,4,4.0,0.0,4,4,1,1.0,0.0,1,1,0,0,0,0,40,64,25.181305,25.181305,29,253,118.6,122.68985,15052.8,0,0,0,0,0,0,0,0,1,148.25,29.0,253.0,40,0,0,0,0,0,0,2,58,2,506,-1,-1,1,20,0.0,0.0,0,0,0.0,0.0,0,0,BENIGN
80,98790653,5,7,360,11595,348,0,72.0,154.31786,5792,0,1656.4286,2120.7322,121.01347,0.12146898,8980968.0,29800000.0,98800000,45,98800000,24700000.0,49400000.0,98800000,806,98800000,16500000.0,40300000.0,98800000,45,0,0,0,0,144,232,0.050612077,0.07085691,0,5792,920.0769,1715.3108,2942291.0,1,0,0,0,0,0,0,0,1,996.75,72.0,1656.4286,144,0,0,0,0,0,0,5,360,7,11595,0,235,2,20,11992.0,0.0,11992,11992,98800000.0,0.0,98800000,98800000,DoS Hulk
3005,35,1,1,0,6,0,0,0.0,0.0,6,6,6.0,0.0,171428.58,57142.855,35.0,0.0,35,35,0,0.0,0.0,0,0,0,0.0,0.0,0,0,0,0,0,0,40,20,28571.428,28571.428,0,6,2.0,3.4641016,12.0,0,0,0,1,0,0,0,0,1,3.0,0.0,6.0,40,0,0,0,0,0,0,1,0,1,6,29200,0,0,40,0.0,0.0,0,0,0.0,0.0,0,0,PortScan
47078,38,1,1,0,0,0,0,0.0,0.0,0,0,0.0,0.0,0.0,52631.58,38.0,0.0,38,38,0,0.0,0.0,0,0,0,0.0,0.0,0,0,0,0,0,0,32,32,26315.79,26315.79,0,0,0.0,0.0,0.0,0,0,0,0,1,1,0,0,1,0.0,0.0,0.0,32,0,0,0,0,0,0,1,0,1,0,84,299,0,32,0.0,0.0,0,0,0.0,0.0,0,0,BENIGN
80,3002745,3,0,0,0,0,0,0.0,0.0,0,0,0.0,0.0,0.0,0.99908584,1501372.5,710777.4,2003968,998777,3002745,1501372.5,710777.4,2003968,998777,0,0.0,0.0,0,0,0,0,0,0,120,0,0.99908584,0.0,0,0,0.0,0.0,0.0,0,0,0,1,0,0,0,0,0,0.0,0.0,0.0,120,0,0,0,0,0,0,3,0,0,0,29200,-1,0,40,0.0,0.0,0,0,0.0,0.0,0,0,DoS slowloris
80,11878475,8,5,457,11632,457,0,57.125,161.5739,10184,0,2326.4,4437.056,1017.7232,1.0944166,989872.94,2345128.5,6873156,46,6877094,982442.0,2598458.0,6875191,196,11900000,2969607.2,3512259.2,6873156,163,0,0,0,0,264,168,0.6734871,0.42092946,0,10184,863.5,2711.5217,7352350.5,0,0,0,1,0,0,0,0,0,929.9231,57.125,2326.4,264,0,0,0,0,0,0,8,457,5,11632,29200,235,1,32,969.0,0.0,969,969,6873156.0,0.0,6873156,6873156,DoS GoldenEye
443,117400523,25,24,3049,8224,805,0,121.96,259.14032,1460,0,342.66666,563.18463,96.02172,0.41737464,2445844.2,4218971.5,10000000,22,117000000,4891688.5,4914061.0,10000000,43,113000000,4898299.5,5028209.0,10000000,47,0,0,0,0,512,492,0.21294624,0.20442839,0,1460,225.46,441.5902,195001.92,0,0,0,1,0,0,0,0,0,230.06122,121.96,342.66666,512,0,0,0,0,0,0,25,3049,24,8224,8192,5120,24,20,241835.9,707960.1,2376416,28319,10000000.0,386.9923,10000000,9999318,BENIGN
80,3105941,5,0,30,0,6,6,6.0,0.0,0,0,0.0,0.0,9.658909,1.6098181,776485.25,1551653.2,3103965,3,3105941,776485.25,1551653.2,3103965,3,0,0.0,0.0,0,0,0,0,0,0,100,0,1.6098181,0.0,6,6,6.0,0.0,0.0,0,0,0,0,1,0,0,0,0,7.2,6.0,0.0,100,0,0,0,0,0,0,5,30,0,0,256,-1,4,20,0.0,0.0,0,0,0.0,0.0,0,0,DDoS
443,116272616,21,19,1739,4174,1045,0,82.809525,235.5395,1460,0,219.6842,477.53836,50.85462,0.3440191,2981349.2,4510277.0,10000000,2,116000000,5813631.0,4937558.5,10100000,3,112000000,6197695.0,5023119.5,10100000,2,0,0,0,0,432,392,0.18061003,0.16340907,0,1460,144.21951,368.18973,135563.67,0,0,0,1,0,0,0,0,0,147.825,82.809525,219.6842,432,0,0,0,0,0,0,21,1739,19,4174,8192,40958,20,20,150228.1,189348.42,721135,92948,9991622.0,23373.785,10000000,9921869,BENIGN
53188,84,1,1,0,0,0,0,0.0,0.0,0,0,0.0,0.0,0.0,23809.523,84.0,0.0,84,84,0,0.0,0.0,0,0,0,0.0,0.0,0,0,0,0,0,0,32,32,11904.762,11904.762,0,0,0.0,0.0,0.0,0,0,0,0,1,1,0,0,1,0.0,0.0,0.0,32,0,0,0,0,0,0,1,0,1,0,939,273,0,32,0.0,0.0,0,0,0.0,0.0,0,0,BENIGN
80,109920586,4,3,539,0,520,0,134.75,256.98947,0,0,0.0,0.0,4.90354,0.06368234,18300000.0,44900000.0,110000000,48,110000000,36600000.0,63500000.0,110000000,593,110000000,55000000.0,77700000.0,110000000,5235,0,0,0,0,136,104,0.03638991,0.02729243,0,520,67.375,183.00893,33492.27,0,0,0,1,0,0,0,0,0,77.0,134.75,0.0,136,0,0,0,0,0,0,4,539,3,0,29200,235,2,32,5283.0,0.0,5283,5283,110000000.0,0.0,110000000,110000000,DoS Slowhttptest
80,16063140,4,6,347,11595,347,0,86.75,173.5,4344,0,1932.5,1754.8314,743.4412,0.6225433,1784793.4,5342903.0,16000000,6,16000000,5347844.5,9253204.0,16000000,999,30611,6122.2,8760.913,19271,8,0,0,0,0,144,200,0.24901731,0.37352598,0,4344,1085.6364,1579.8811,2496024.5,0,0,0,1,0,0,0,0,1,1194.2,86.75,1932.5,144,0,0,0,0,0,0,4,347,6,11595,29200,235,1,32,0.0,0.0,0,0,16000000.0,0.0,16000000,16000000,DoS Hulk
53,30713,1,1,53,69,53,53,53.0,0.0,69,69,69.0,0.0,3972.2593,65.119,30713.0,0.0,30713,30713,0,0.0,0.0,0,0,0,0.0,0.0,0,0,0,0,0,0,20,32,32.5595,32.5595,53,69,58.333332,9.237604,85.333336,0,0,0,0,0,0,0,0,1,87.5,53.0,69.0,20,0,0,0,0,0,0,1,53,1,69,-1,-1,0,20,0.0,0.0,0,0,0.0,0.0,0,0,BENIGN
80,112582,3,7,26,11601,20,0,8.666667,10.263203,5840,0,1657.2858,1964.8956,103275.836,88.82414,12509.111,29393.652,88012,10,24019,12009.5,16926.016,23978,41,112562,18760.334,35254.08,88012,10,0,0,0,0,72,152,26.647243,62.176903,0,5840,1057.0,1734.9858,3010175.8,0,0,0,1,0,0,0,0,2,1162.7,8.666667,1657.2858,72,0,0,0,0,0,0,3,26,7,11601,8192,229,2,20,0.0,0.0,0,0,0.0,0.0,0,0,DDoS
80,98654734,6,6,356,11595,356,0,59.333332,145.3364,4344,0,1932.5,1754.8314,121.13965,0.12163633,8968612.0,29700000.0,98500000,0,98500000,19700000.0,44100000.0,98500000,0,149458,29891.6,60709.133,138162,48,0,0,0,0,200,200,0.060818166,0.060818166,0,4344,919.3077,1498.4602,2245383.0,0,0,0,0,1,0,0,0,1,995.9167,59.333332,1932.5,200,0,0,0,0,0,0,6,356,6,11595,251,235,1,32,1009.0,0.0,1009,1009,98500000.0,0.0,98500000,98500000,DoS Hulk
1113,26,1,1,0,6,0,0,0.0,0.0,6,6,6.0,0.0,230769.23,76923.08,26.0,0.0,26,26,0,0.0,0.0,0,0,0,0.0,0.0,0,0,0,0,0,0,40,20,38461.54,38461.54,0,6,2.0,3.4641016,12.0,0,0,0,1,0,0,0,0,1,3.0,0.0,6.0,40,0,0,0,0,0,0,1,0,1,6,29200,0,0,40,0.0,0.0,0,0,0.0,0.0,0,0,PortScan
53,791,2,2,108,224,54,54,54.0,0.0,112,112,112.0,0.0,419721.88,5056.89,263.66666,450.62216,784,3,4,4.0,0.0,4,4,3,3.0,0.0,3,3,0,0,0,0,40,40,2528.445,2528.445,54,112,77.2,31.767908,1009.2,0,0,0,0,0,0,0,0,1,96.5,54.0,112.0,40,0,0,0,0,0,0,2,108,2,224,-1,-1,1,20,0.0,0.0,0,0,0.0,0.0,0,0,BENIGN
80,63125611,7,0,0,0,0,0,0.0,0.0,0,0,0.0,0.0,0.0,0.110890016,10500000.0,11900000.0,32100000,998219,63100000,10500000.0,11900000.0,32100000,998219,0,0.0,0.0,0,0,0,0,0,0,280,0,0.110890016,0.0,0,0,0.0,0.0,0.0,0,0,0,1,0,0,0,0,0,0.0,0.0,0.0,280,0,0,0,0,0,0,7,0,0,0,29200,-1,0,40,7014140.0,0.0,7014140,7014140,18700000.0,12200000.0,32100000,8015936,DoS Slowhttptest
80,86063749,8,6,314,11595,308,0,39.25,108.611694,5792,0,1932.5,2537.82,138.37418,0.16267012,6620288.5,23600000.0,85100000,1,86100000,12300000.0,32100000.0,85100000,1,1405,281.0,351.1232,880,3,0,0,0,0,260,200,0.09295435,0.06971576,0,5792,793.93335,1797.815,3232138.8,0,0,0,0,1,0,0,0,0,850.6429,39.25,1932.5,260,0,0,0,0,0,0,8,314,6,11595,251,235,2,20,959.0,0.0,959,959,85100000.0,0.0,85100000,85100000,DoS Hulk
53,99425,4,2,148,154,37,37,37.0,0.0,77,77,77.0,0.0,3037.4653,60.346996,19885.0,30175.3,68152,3,31224,10408.0,18021.988,31218,3,49,49.0,0.0,49,49,0,0,0,0,80,40,40.23133,20.115665,37,77,48.42857,19.518002,380.9524,0,0,0,0,0,0,0,0,0,56.5,37.0,77.0,80,0,0,0,0,0,0,4,148,2,154,-1,-1,3,20,0.0,0.0,0,0,0.0,0.0,0,0,BENIGN
8402,9,1,1,2,6,2,2,2.0,0.0,6,6,6.0,0.0,888888.9,222222.22,9.0,0.0,9,9,0,0.0,0.0,0,0,0,0.0,0.0,0,0,0,0,0,0,24,20,111111.11,111111.11,2,6,3.3333333,2.309401,5.3333335,0,0,0,1,0,0,0,0,1,5.0,2.0,6.0,24,0,0,0,0,0,0,1,2,1,6,1024,0,0,24,0.0,0.0,0,0,0.0,0.0,0,0,PortScan
80,98118435,4,6,373,11595,367,0,93.25,182.52191,5792,0,1932.5,2181.0083,121.97504,0.10191765,10900000.0,32700000.0,98000000,4,98000000,32700000.0,56600000.0,98000000,4,145491,29098.2,59469.69,135204,46,0,0,0,0,124,200,0.04076706,0.061150588,0,5792,1088.5454,1824.6051,3329183.8,1,0,0,0,0,0,0,0,1,1197.4,93.25,1932.5,124,0,0,0,0,0,0,4,373,6,11595,0,235,1,20,0.0,0.0,0,0,98000000.0,0.0,98000000,98000000,DoS Hulk
443,591046,6,7,630,5322,311,0,105.0,129.38007,1884,0,760.2857,806.28564,10070.282,21.994904,49253.832,64717.26,163568,49,417702,83540.4,81335.84,166643,241,427478,71246.336,81351.54,168663,49,0,0,0,0,132,152,10.151494,11.84341,0,1884,425.14285,654.34735,428170.44,0,0,0,1,0,0,0,0,1,457.84616,105.0,760.2857,132,0,0,0,0,0,0,6,630,7,5322,8192,62,3,20,0.0,0.0,0,0,0.0,0.0,0,0,BENIGN
53,190,2,2,84,196,42,42,42.0,0.0,98,98,98.0,0.0,1473684.2,21052.63,63.333332,107.9645,188,1,1,1.0,0.0,1,1,1,1.0,0.0,1,1,0,0,0,0,64,64,10526.315,10526.315,42,98,64.4,30.672462,940.8,0,0,0,0,0,0,0,0,1,80.5,42.0,98.0,64,0,0,0,0,0,0,2,84,2,196,-1,-1,1,32,0.0,0.0,0,0,0.0,0.0,0,0,BENIGN
80,188659,1,1,0,0,0,0,0.0,0.0,0,0,0.0,0.0,0.0,10.601137,188659.0,0.0,188659,188659,0,0.0,0.0,0,0,0,0.0,0.0,0,0,0,0,0,0,32,32,5.3005686,5.3005686,0,0,0.0,0.0,0.0,0,0,0,0,1,1,0,0,1,0.0,0.0,0.0,32,0,0,0,0,0,0,1,0,1,0,239,110,0,32,0.0,0.0,0,0,0.0,0.0,0,0,BENIGN
888,42,1,1,2,6,2,2,2.0,0.0,6,6,6.0,0.0,190476.19,47619.047,42.0,0.0,42,42,0,0.0,0.0,0,0,0,0.0,0.0,0,0,0,0,0,0,24,20,23809.523,23809.523,2,6,3.3333333,2.309401,5.3333335,0,0,0,1,0,0,0,0,1,5.0,2.0,6.0,24,0,0,0,0,0,0,1,2,1,6,1024,0,0,24,0.0,0.0,0,0,0.0,0.0,0,0,PortScan
80,32316,1,1,0,0,0,0,0.0,0.0,0,0,0.0,0.0,0.0,61.888847,32316.0,0.0,32316,32316,0,0.0,0.0,0,0,0,0.0,0.0,0,0,0,0,0,0,32,32,30.944424,30.944424,0,0,0.0,0.0,0.0,0,0,0,0,1,1,0,0,1,0.0,0.0,0.0,32,0,0,0,0,0,0,1,0,1,0,674,132,0,32,0.0,0.0,0,0,0.0,0.0,0,0,BENIGN
9111,46,1,1,0,6,0,0,0.0,0.0,6,6,6.0,0.0,130434.78,43478.26,46.0,0.0,46,46,0,0.0,0.0,0,0,0,0.0,0.0,0,0,0,0,0,0,40,20,21739.13,21739.13,0,6,2.0,3.4641016,12.0,0,0,0,1,0,0,0,0,1,3.0,0.0,6.0,40,0,0,0,0,0,0,1,0,1,6,29200,0,0,40,0.0,0.0,0,0,0.0,0.0,0,0,PortScan
3,48,1,1,0,6,0,0,0.0,0.0,6,6,6.0,0.0,125000.0,41666.668,48.0,0.0,48,48,0,0.0,0.0,0,0,0,0.0,0.0,0,0,0,0,0,0,40,20,20833.334,20833.334,0,6,2.0,3.4641016,12.0,0,0,0,1,0,0,0,0,1,3.0,0.0,6.0,40,0,0,0,0,0,0,1,0,1,6,29200,0,0,40,0.0,0.0,0,0,0.0,0.0,0,0,PortScan
80,85261528,7,7,375,11595,369,0,53.57143,139.1089,4344,0,1656.4286,1757.579,140.39157,0.16420066,6558579.0,23600000.0,85100000,1,85100000,14200000.0,34700000.0,85100000,1,157934,26322.334,56740.68,141412,47,0,0,0,0,220,232,0.08210033,0.08210033,0,4344,798.0,1422.3956,2023209.2,0,0,0,0,1,0,0,0,1,855.0,53.57143,1656.4286,220,0,0,0,0,0,0,7,375,7,11595,251,235,2,20,979.0,0.0,979,979,85100000.0,0.0,85100000,85100000,DoS Hulk
55219,30,1,1,6,6,6,6,6.0,0.0,6,6,6.0,0.0,400000.0,66666.664,30.0,0.0,30,30,0,0.0,0.0,0,0,0,0.0,0.0,0,0,0,0,0,0,20,20,33333.332,33333.332,6,6,6.0,0.0,0.0,0,0,0,0,1,1,0,0,1,9.0,6.0,6.0,20,0,0,0,0,0,0,1,6,1,6,114,255,0,20,0.0,0.0,0,0,0.0,0.0,0,0,BENIGN
5822,40,1,1,0,6,0,0,0.0,0.0,6,6,6.0,0.0,150000.0,50000.0,40.0,0.0,40,40,0,0.0,0.0,0,0,0,0.0,0.0,0,0,0,0,0,0,40,20,25000.0,25000.0,0,6,2.0,3.4641016,12.0,0,0,0,1,0,0,0,0,1,3.0,0.0,6.0,40,0,0,0,0,0,0,1,0,1,6,29200,0,0,40,0.0,0.0,0,0,0.0,0.0,0,0,PortScan
53,31200,2,2,70,232,35,35,35.0,0.0,116,116,116.0,0.0,9679.487,128.20512,10400.0,17970.908,31151,1,1,1.0,0.0,1,1,48,48.0,0.0,48,48,0,0,0,0,64,64,64.10256,64.10256,35,116,67.4,44.36553,1968.3,0,0,0,0,0,0,0,0,1,84.25,35.0,116.0,64,0,0,0,0,0,0,2,70,2,232,-1,-1,1,32,0.0,0.0,0,0,0.0,0.0,0,0,BENIGN
443,61736891,20,14,2141,4968,660,0,107.05,221.76932,1502,0,354.85715,544.1392,115.14995,0.5507242,1870814.9,3899423.8,10200000,37,61700000,3249310.0,4752500.5,10200000,195,61700000,4745071.5,5120599.5,10200000,208,0,0,0,0,648,456,0.32395542,0.22676879,0,1502,203.11429,396.0011,156816.88,0,0,0,1,0,0,0,0,0,209.08824,107.05,354.85715,648,0,0,0,0,0,0,20,2141,14,4968,29200,124,5,32,280238.5,562247.8,1427922,50608,10000000.0,314969.06,10200000,9383363,BENIGN
80,29872,3,5,26,11601,20,0,8.666667,10.263203,7300,0,2320.2,3022.508,389227.38,267.80933,4267.4287,8443.39,22787,49,6467,3233.5,3933.635,6015,452,29823,7455.75,10630.411,22787,194,0,0,0,0,72,112,100.4285,167.38083,0,7300,1291.8889,2460.653,6054813.0,0,0,0,1,0,0,0,0,1,1453.375,8.666667,2320.2,72,0,0,0,0,0,0,3,26,5,11601,8192,229,2,20,0.0,0.0,0,0,0.0,0.0,0,0,DDoS
80,2070991,5,0,30,0,6,6,6.0,0.0,0,0,0.0,0.0,14.485819,2.414303,517747.75,1033468.5,2067950,1,2070991,517747.75,1033468.5,2067950,1,0,0.0,0.0,0,0,0,0,0,0,100,0,2.414303,0.0,6,6,6.0,0.0,0.0,0,0,0,0,1,0,0,0,0,7.2,6.0,0.0,100,0,0,0,0,0,0,5,30,0,0,256,-1,4,20,0.0,0.0,0,0,0.0,0.0,0,0,DDoS
80,83807110,6,7,370,11595,352,0,61.666668,142.26407,4344,0,1656.4286,1760.5973,142.76831,0.15511811,6983926.0,24100000.0,83600000,5,83700000,16700000.0,37400000.0,83600000,5,83800000,14000000.0,34100000.0,83700000,15,0,0,0,0,164,232,0.07159297,0.083525136,0,4344,855.0714,1459.5177,2130191.8,1,0,0,0,0,0,0,0,1,920.8461,61.666668,1656.4286,164,0,0,0,0,0,0,6,370,7,11595,0,235,3,20,11946.0,0.0,11946,11946,83600000.0,0.0,83600000,83600000,DoS Hulk
1863,77,1,1,0,6,0,0,0.0,0.0,6,6,6.0,0.0,77922.08,25974.025,77.0,0.0,77,77,0,0.0,0.0,0,0,0,0.0,0.0,0,0,0,0,0,0,40,20,12987.013,12987.013,0,6,2.0,3.4641016,12.0,0,0,0,1,0,0,0,0,1,3.0,0.0,6.0,40,0,0,0,0,0,0,1,0,1,6,29200,0,0,40,0.0,0.0,0,0,0.0,0.0,0,0,PortScan
80,115467369,8,5,344,11595,344,0,43.0,121.62237,8688,0,2319.0,3774.2375,103.39718,0.11258592,9622281.0,28700000.0,99400000,1,115000000,16500000.0,37100000.0,99400000,1,14558,3639.5,3981.9866,7092,189,0,0,0,0,272,168,0.06928364,0.043302275,0,8688,852.7857,2382.7136,5677323.5,0,0,0,0,1,0,0,0,0,918.38464,43.0,2319.0,272,0,0,0,0,0,0,8,344,5,11595,274,235,1,32,993.0,0.0,993,993,57700000.0,59000000.0,99400000,16000000,DoS Hulk
80,622638,5,6,1038,11595,346,0,207.6,189.51201,4344,0,1932.5,1977.8129,20289.479,17.666767,62263.8,98534.625,216020,5,439985,109996.25,121883.88,216020,5,622603,124520.6,193167.7,439995,87,0,0,0,0,168,200,8.030348,9.636418,0,4344,1052.75,1624.4108,2638710.5,0,0,0,1,0,0,0,0,1,1148.4546,207.6,1932.5,168,0,0,0,0,0,0,5,1038,6,11595,29200,235,3,32,0.0,0.0,0,0,0.0,0.0,0,0,DoS Hulk
80,7132861,5,0,30,0,6,6,6.0,0.0,0,0,0.0,0.0,4.205886,0.700981,1783215.2,3564404.0,7129821,3,7132861,1783215.2,3564404.0,7129821,3,0,0.0,0.0,0,0,0,0,0,0,100,0,0.700981,0.0,6,6,6.0,0.0,0.0,0,0,0,0,1,0,0,0,0,7.2,6.0,0.0,100,0,0,0,0,0,0,5,30,0,0,256,-1,4,20,3040.0,0.0,3040,3040,7129821.0,0.0,7129821,7129821,DDoS
80,5176968,5,0,30,0,6,6,6.0,0.0,0,0,0.0,0.0,5.7948976,0.96581626,1294242.0,2587814.0,5175963,0,5176968,1294242.0,2587814.0,5175963,0,0,0.0,0.0,0,0,0,0,0,0,100,0,0.96581626,0.0,6,6,6.0,0.0,0.0,0,0,0,0,1,0,0,0,0,7.2,6.0,0.0,100,0,0,0,0,0,0,5,30,0,0,256,-1,4,20,1005.0,0.0,1005,1005,5175963.0,0.0,5175963,5175963,DDoS
80,267290,3,4,26,11607,20,0,8.666667,10.263203,11595,0,2901.75,5795.5005,43522.016,26.188784,44548.332,108682.62,266395,5,810,405.0,560.02856,801,9,267248,89082.664,153557.56,266395,5,0,0,0,0,72,92,11.223764,14.965019,0,11595,1454.125,4097.5376,16800000.0,0,0,0,1,0,0,0,0,1,1661.8572,8.666667,2901.75,72,0,0,0,0,0,0,3,26,4,11607,8192,229,2,20,0.0,0.0,0,0,0.0,0.0,0,0,DDoS
443,61121446,18,14,945,4896,626,0,52.5,152.50623,1448,0,349.7143,578.3544,95.563835,0.5235478,1971659.5,4039297.2,10200000,1,61100000,3595379.2,4970758.5,10200000,1,61000000,4694172.0,5233390.0,10200000,2,0,0,0,0,584,456,0.29449564,0.22905217,0,1448,177.0,413.51254,170992.62,0,0,0,1,0,0,0,0,0,182.53125,52.5,349.7143,584,0,0,0,0,0,0,18,945,14,4896,29200,114,3,32,97538.336,115330.7,332956,50301,10100000.0,155512.52,10200000,9801976,BENIGN
80,98330776,6,6,386,11595,386,0,64.333336,157.58385,5792,0,1932.5,2362.7815,121.84385,0.122037075,8939161.0,29600000.0,98300000,1,98300000,19700000.0,44000000.0,98300000,1,34476,6895.2,10215.499,23117,48,0,0,0,0,200,200,0.061018538,0.061018538,0,5792,921.61536,1812.644,3285678.2,0,0,0,0,1,0,0,0,1,998.4167,64.333336,1932.5,200,0,0,0,0,0,0,6,386,6,11595,274,235,1,32,6.0,0.0,6,6,98300000.0,0.0,98300000,98300000,DoS Hulk
80,2014961,5,0,30,0,6,6,6.0,0.0,0,0,0.0,0.0,14.888626,2.4814377,503740.25,1006833.25,2013990,1,2014961,503740.25,1006833.25,2013990,1,0,0.0,0.0,0,0,0,0,0,0,100,0,2.4814377,0.0,6,6,6.0,0.0,0.0,0,0,0,0,1,0,0,0,0,7.2,6.0,0.0,100,0,0,0,0,0,0,5,30,0,0,256,-1,4,20,0.0,0.0,0,0,0.0,0.0,0,0,DDoS
61560,100087,2,3,0,18,0,0,0.0,0.0,6,6,6.0,0.0,179.84354,49.95654,25021.75,49997.508,100018,2,100087,100087.0,0.0,100087,100087,67,33.5,43.133514,64,3,0,0,0,0,64,60,19.982615,29.973923,0,6,3.0,3.2863352,10.8,0,0,0,0,1,0,0,0,1,3.6,0.0,6.0,64,0,0,0,0,0,0,2,0,3,18,115,0,0,32,0.0,0.0,0,0,0.0,0.0,0,0,BENIGN
443,115651375,23,19,1534,4743,592,0,66.695656,168.70778,1418,0,249.63158,474.231,54.27519,0.3631604,2820765.2,4463034.5,10000000,4,116000000,5256880.5,4992178.0,10100000,4,111000000,6165332.5,5010529.0,10100000,49,0,0,0,0,744,616,0.19887355,0.16428685,0,1418,145.97675,346.55786,120102.36,0,0,0,1,0,0,0,0,0,149.45238,66.695656,249.63158,744,0,0,0,0,0,0,23,1534,19,4743,29200,367,5,32,82321.73,140819.69,506511,36909,10000000.0,16358.415,10000000,9960003,BENIGN
80,97509682,6,6,348,11595,348,0,58.0,142.0704,4344,0,1932.5,1977.8129,122.48015,0.123064704,8864517.0,29400000.0,97500000,4,97500000,19500000.0,43600000.0,97500000,4,56555,11311.0,19527.367,45208,54,0,0,0,0,200,200,0.061532352,0.061532352,0,4344,918.6923,1610.2593,2592935.0,0,0,0,0,1,0,0,0,1,995.25,58.0,1932.5,200,0,0,0,0,0,0,6,348,6,11595,251,235,1,32,461.0,0.0,461,461,97500000.0,0.0,97500000,97500000,DoS Hulk
135,5999611,6,3,76,6,32,0,12.666667,15.214028,6,0,2.0,3.4641016,13.667553,1.5000973,749951.4,2121074.5,5999343,3,5999524,1199904.8,2682967.5,5999343,3,5999544,2999772.0,4242312.5,5999540,4,0,0,0,0,144,84,1.0000648,0.5000324,0,32,8.2,12.839176,164.84445,0,0,0,1,0,0,0,0,0,9.111111,12.666667,2.0,144,0,0,0,0,0,0,6,76,3,6,8192,256,4,20,133.0,0.0,133,133,5999343.0,0.0,5999343,5999343,BENIGN
60438,58,2,1,0,0,0,0,0.0,0.0,0,0,0.0,0.0,0.0,51724.137,29.0,35.35534,54,4,4,4.0,0.0,4,4,0,0.0,0.0,0,0,0,0,0,0,64,32,34482.758,17241.379,0,0,0.0,0.0,0.0,0,0,0,0,1,1,0,0,0,0.0,0.0,0.0,64,0,0,0,0,0,0,2,0,1,0,349,310,0,32,0.0,0.0,0,0,0.0,0.0,0,0,BENIGN
80,97197774,8,4,56,11601,20,0,7.0,5.656854,8760,0,2900.25,4128.3193,119.93073,0.123459615,8836161.0,27500000.0,91800000,1,96100000,13700000.0,34400000.0,91800000,1,1136443,378814.34,644346.3,1122802,194,0,0,0,0,172,92,0.082306415,0.041153207,0,8760,897.1539,2488.507,6192667.5,0,0,0,0,1,0,0,0,0,971.9167,7.0,2900.25,172,0,0,0,0,0,0,8,56,4,11601,256,229,6,20,4304935.0,0.0,4304935,4304935,91800000.0,0.0,91800000,91800000,DDoS
80,63147482,7,0,0,0,0,0,0.0,0.0,0,0,0.0,0.0,0.0,0.11085161,10500000.0,11900000.0,32100000,996224,63100000,10500000.0,11900000.0,32100000,996224,0,0.0,0.0,0,0,0,0,0,0,280,0,0.11085161,0.0,0,0,0.0,0.0,0.0,0,0,0,1,0,0,0,0,0,0.0,0.0,0.0,280,0,0,0,0,0,0,7,0,0,0,29200,-1,0,40,7004126.0,0.0,7004126,7004126,18700000.0,12300000.0,32100000,8015935,DoS Slowhttptest
80,11204714,5,0,30,0,6,6,6.0,0.0,0,0,0.0,0.0,2.6774445,0.44624075,2801178.5,5600342.5,11200000,5,11200000,2801178.5,5600342.5,11200000,5,0,0.0,0.0,0,0,0,0,0,0,100,0,0.44624075,0.0,6,6,6.0,0.0,0.0,0,0,0,0,1,0,0,0,0,7.2,6.0,0.0,100,0,0,0,0,0,0,5,30,0,0,256,-1,4,20,3022.0,0.0,3022,3022,11200000.0,0.0,11200000,11200000,DDoS
80,85259288,9,6,325,11595,325,0,36.11111,108.333336,5792,0,1932.5,2181.0083,139.8088,0.17593391,6089949.0,22700000.0,85100000,1,85100000,10600000.0,30100000.0,85100000,1,154584,30916.8,60974.793,139382,9,0,0,0,0,296,200,0.10556035,0.070373565,0,5792,745.0,1579.3785,2494436.5,0,0,0,0,1,0,0,0,0,794.6667,36.11111,1932.5,296,0,0,0,0,0,0,9,325,6,11595,274,235,1,32,995.0,0.0,995,995,85100000.0,0.0,85100000,85100000,DoS Hulk
80,86384315,10,7,1095,11595,365,0,109.5,176.31175,4344,0,1656.4286,1757.579,146.90167,0.19679499,5399019.5,21500000.0,85900000,1,86300000,9592063.0,28600000.0,85900000,1,499684,83280.664,178073.38,443971,16,0,0,0,0,328,232,0.11576176,0.08103323,0,4344,705.0,1310.456,1717295.1,0,0,0,0,1,0,0,0,0,746.4706,109.5,1656.4286,328,0,0,0,0,0,0,10,1095,7,11595,251,235,3,32,992.0,0.0,992,992,85900000.0,0.0,85900000,85900000,DoS Hulk
22,1429189,35,40,2686,6718,408,0,76.74286,105.426956,976,0,167.95,324.05484,6579.9556,52.477314,19313.365,113406.93,955637,0,1429189,42034.97,177799.58,996498,3,473440,12139.487,35485.54,202247,1,0,0,0,0,724,824,24.489412,27.987902,0,976,123.73684,248.84138,61922.035,0,0,0,1,0,0,0,0,1,125.386665,76.74286,167.95,724,0,0,0,0,0,0,35,2686,40,6718,8192,245,33,20,0.0,0.0,0,0,0.0,0.0,0,0,BENIGN
53,60169,1,1,53,106,53,53,53.0,0.0,106,106,106.0,0.0,2642.557,33.239708,60169.0,0.0,60169,60169,0,0.0,0.0,0,0,0,0.0,0.0,0,0,0,0,0,0,20,20,16.619854,16.619854,53,106,70.666664,30.599564,936.3333,0,0,0,0,0,0,0,0,1,106.0,53.0,106.0,20,0,0,0,0,0,0,1,53,1,106,-1,-1,0,20,0.0,0.0,0,0,0.0,0.0,0,0,BENIGN
53000,48,2,0,12,0,6,6,6.0,0.0,0,0,0.0,0.0,250000.0,41666.668,48.0,0.0,48,48,48,48.0,0.0,48,48,0,0.0,0.0,0,0,0,0,0,0,40,0,41666.668,0.0,6,6,6.0,0.0,0.0,1,0,0,0,0,0,0,0,0,9.0,6.0,0.0,40,0,0,0,0,0,0,2,12,0,0,0,-1,1,20,0.0,0.0,0,0,0.0,0.0,0,0,BENIGN
1053,97,1,1,0,6,0,0,0.0,0.0,6,6,6.0,0.0,61855.67,20618.557,97.0,0.0,97,97,0,0.0,0.0,0,0,0,0.0,0.0,0,0,0,0,0,0,40,20,10309.278,10309.278,0,6,2.0,3.4641016,12.0,0,0,0,1,0,0,0,0,1,3.0,0.0,6.0,40,0,0,0,0,0,0,1,0,1,6,29200,0,0,40,0.0,0.0,0,0,0.0,0.0,0,0,PortScan
80,1689304,3,4,26,11601,20,0,8.666667,10.263203,7215,0,2900.25,3540.003,6882.7163,4.1437182,281550.66,670625.1,1650099,89,38955,19477.5,27170.578,38690,265,1689190,563063.3,941600.06,1650099,161,0,0,0,0,72,92,1.7758793,2.367839,0,7215,1453.375,2786.2598,7763243.5,0,0,0,1,0,0,0,0,1,1661.0,8.666667,2900.25,72,0,0,0,0,0,0,3,26,4,11601,8192,229,2,20,0.0,0.0,0,0,0.0,0.0,0,0,DDoS
80,545921,3,0,18,0,6,6,6.0,0.0,0,0,0.0,0.0,32.9718,5.495301,272960.5,384465.97,544819,1102,545921,272960.5,384465.97,544819,1102,0,0.0,0.0,0,0,0,0,0,0,60,0,5.495301,0.0,6,6,6.0,0.0,0.0,0,0,0,0,1,0,0,0,0,8.0,6.0,0.0,60,0,0,0,0,0,0,3,18,0,0,256,-1,2,20,0.0,0.0,0,0,0.0,0.0,0,0,DDoS
80,8478763,4,0,24,0,6,6,6.0,0.0,0,0,0.0,0.0,2.8306017,0.47176692,2826254.2,4894350.0,8477763,3,8478763,2826254.2,4894350.0,8477763,3,0,0.0,0.0,0,0,0,0,0,0,80,0,0.47176692,0.0,6,6,6.0,0.0,0.0,0,0,0,0,1,0,0,0,0,7.5,6.0,0.0,80,0,0,0,0,0,0,4,24,0,0,256,-1,3,20,1000.0,0.0,1000,1000,8477763.0,0.0,8477763,8477763,DDoS
53,829,2,2,82,226,41,41,41.0,0.0,113,113,113.0,0.0,371531.97,4825.0903,276.33334,473.42722,823,3,3,3.0,0.0,3,3,3,3.0,0.0,3,3,0,0,0,0,40,40,2412.5452,2412.5452,41,113,69.8,39.436024,1555.2,0,0,0,0,0,0,0,0,1,87.25,41.0,113.0,40,0,0,0,0,0,0,2,82,2,226,-1,-1,1,20,0.0,0.0,0,0,0.0,0.0,0,0,BENIGN
80,6229626,4,0,24,0,6,6,6.0,0.0,0,0,0.0,0.0,3.8525586,0.6420931,2076542.0,3595140.8,6227853,317,6229626,2076542.0,3595140.8,6227853,317,0,0.0,0.0,0,0,0,0,0,0,80,0,0.6420931,0.0,6,6,6.0,0.0,0.0,0,0,0,0,1,0,0,0,0,7.5,6.0,0.0,80,0,0,0,0,0,0,4,24,0,0,256,-1,3,20,1773.0,0.0,1773,1773,6227853.0,0.0,6227853,6227853,DDoS
22,13465668,21,31,2008,2745,640,0,95.61905,140.04517,976,0,88.548386,223.315,352.9717,3.8616724,264032.72,706189.44,2628305,3,10800000,539698.1,942808.56,2266404,482,13500000,448851.06,879907.7,2628305,3,0,0,0,0,680,1000,1.5595216,2.302151,0,976,89.679245,191.00763,36483.914,0,0,0,1,0,0,0,0,1,91.40385,95.61905,88.548386,680,0,0,0,0,0,0,21,2008,31,2745,29200,247,16,32,0.0,0.0,0,0,0.0,0.0,0,0,SSH-Patator
80,83944236,7,6,294,11595,294,0,42.0,111.12155,5792,0,1932.5,2181.0083,141.62973,0.15486471,6995353.0,24200000.0,83800000,0,83800000,14000000.0,34200000.0,83800000,0,151423,30284.6,59567.188,136222,45,0,0,0,0,232,200,0.08338869,0.07147602,0,5792,849.2143,1668.2891,2783188.2,0,0,0,0,1,0,0,0,0,914.53845,42.0,1932.5,232,0,0,0,0,0,0,7,294,6,11595,251,235,1,32,3.0,0.0,3,3,83800000.0,0.0,83800000,83800000,DoS Hulk
80,63121004,7,0,0,0,0,0,0.0,0.0,0,0,0.0,0.0,0.0,0.11089811,10500000.0,11900000.0,32100000,997317,63100000,10500000.0,11900000.0,32100000,997317,0,0.0,0.0,0,0,0,0,0,0,280,0,0.11089811,0.0,0,0,0.0,0.0,0.0,0,0,0,1,0,0,0,0,0,0.0,0.0,0.0,280,0,0,0,0,0,0,7,0,0,0,29200,-1,0,40,7009463.0,0.0,7009463,7009463,18700000.0,12200000.0,32100000,8015930,DoS Slowhttptest
9485,62,1,1,2,6,2,2,2.0,0.0,6,6,6.0,0.0,129032.26,32258.064,62.0,0.0,62,62,0,0.0,0.0,0,0,0,0.0,0.0,0,0,0,0,0,0,24,20,16129.032,16129.032,2,6,3.3333333,2.309401,5.3333335,0,0,0,1,0,0,0,0,1,5.0,2.0,6.0,24,0,0,0,0,0,0,1,2,1,6,1024,0,0,24,0.0,0.0,0,0,0.0,0.0,0,0,PortScan
80,11235711,4,0,24,0,6,6,6.0,0.0,0,0,0.0,0.0,2.1360464,0.35600773,3745237.0,6486066.0,11200000,3,11200000,3745237.0,6486066.0,11200000,3,0,0.0,0.0,0,0,0,0,0,0,80,0,0.35600773,0.0,6,6,6.0,0.0,0.0,0,0,0,0,1,0,0,0,0,7.5,6.0,0.0,80,0,0,0,0,0,0,4,24,0,0,256,-1,3,20,1010.0,0.0,1010,1010,11200000.0,0.0,11200000,11200000,DDoS
53,23861,2,2,62,224,31,31,31.0,0.0,112,112,112.0,0.0,11986.086,167.63757,7953.6665,13770.093,23854,3,3,3.0,0.0,3,3,4,4.0,0.0,4,4,0,0,0,0,64,40,83.81879,83.81879,31,112,63.4,44.36553,1968.3,0,0,0,0,0,0,0,0,1,79.25,31.0,112.0,64,0,0,0,0,0,0,2,62,2,224,-1,-1,1,32,0.0,0.0,0,0,0.0,0.0,0,0,BENIGN
80,102168897,9,7,1812,11595,360,0,201.33333,188.16748,5792,0,1656.4286,2120.7322,131.22389,0.15660343,6811260.0,25900000.0,100000000,27,102000000,12800000.0,35400000.0,100000000,1005,102000000,17000000.0,40900000.0,100000000,45,0,0,0,0,272,232,0.08808943,0.068514004,0,5792,789.0,1505.3358,2266035.8,1,0,0,0,0,0,0,0,0,838.3125,201.33333,1656.4286,272,0,0,0,0,0,0,9,1812,7,11595,0,235,6,20,11987.0,0.0,11987,11987,100000000.0,0.0,100000000,100000000,DoS Hulk
80,98256683,6,6,337,11595,319,0,56.166668,128.79506,8688,0,1932.5,3506.0217,121.437035,0.1221291,8932426.0,29600000.0,98100000,5,98100000,19600000.0,43900000.0,98100000,5,98300000,19700000.0,43800000.0,98100000,45,0,0,0,0,164,200,0.06106455,0.06106455,0,8688,918.3077,2466.567,6083952.5,1,0,0,0,0,0,0,0,1,994.8333,56.166668,1932.5,164,0,0,0,0,0,0,6,337,6,11595,0,235,3,20,16985.0,0.0,16985,16985,98100000.0,0.0,98100000,98100000,DoS Hulk
80,96065781,8,5,56,11601,20,0,7.0,5.656854,8760,0,2320.2,3668.897,121.34393,0.13532394,8005482.0,25700000.0,89600000,1,96000000,13700000.0,33500000.0,89600000,1,119430,29857.5,54043.63,110724,182,0,0,0,0,172,112,0.08327627,0.05204767,0,8760,833.0714,2337.724,5464954.0,0,0,0,0,1,0,0,0,0,897.1539,7.0,2320.2,172,0,0,0,0,0,0,8,56,5,11601,256,229,6,20,4038.0,0.0,4038,4038,48000000.0,58800000.0,89600000,6382851,DDoS
443,5360590,10,5,337,5045,180,0,33.7,64.87604,1907,0,1009.0,836.39343,1003.99396,2.7981994,382899.28,1375970.4,5162931,4,5360590,595621.1,1713055.4,5162931,4,108509,27127.25,31048.018,54126,210,0,0,0,0,328,168,1.8654664,0.9327332,0,1907,336.375,639.1394,408499.2,0,0,0,1,0,0,0,0,0,358.8,33.7,1009.0,328,0,0,0,0,0,0,10,337,5,5045,29200,118,3,32,197655.0,0.0,197655,197655,5162931.0,0.0,5162931,5162931,BENIGN
48731,6,1,1,0,0,0,0,0.0,0.0,0,0,0.0,0.0,0.0,333333.34,6.0,0.0,6,6,0,0.0,0.0,0,0,0,0.0,0.0,0,0,0,0,0,0,32,32,166666.67,166666.67,0,0,0.0,0.0,0.0,0,0,0,0,1,1,0,0,1,0.0,0.0,0.0,32,0,0,0,0,0,0,1,0,1,0,349,252,0,32,0.0,0.0,0,0,0.0,0.0,0,0,BENIGN
443,49955,2,0,12,0,6,6,6.0,0.0,0,0,0.0,0.0,240.2162,40.036034,49955.0,0.0,49955,49955,49955,49955.0,0.0,49955,49955,0,0.0,0.0,0,0,0,0,0,0,40,0,40.036034,0.0,6,6,6.0,0.0,0.0,0,0,0,0,1,0,0,0,0,9.0,6.0,0.0,40,0,0,0,0,0,0,2,12,0,0,254,-1,1,20,0.0,0.0,0,0,0.0,0.0,0,0,BENIGN
80,80114192,8,4,56,11601,20,0,7.0,5.656854,8760,0,2900.25,4128.3193,145.5048,0.14978619,7283108.5,23900000.0,79200000,1,80100000,11400000.0,29900000.0,79200000,1,18001,6000.3335,6172.372,12478,187,0,0,0,0,172,92,0.099857464,0.049928732,0,8760,897.1539,2488.507,6192667.5,0,0,0,0,1,0,0,0,0,971.9167,7.0,2900.25,172,0,0,0,0,0,0,8,56,4,11601,256,229,6,20,867946.0,0.0,867946,867946,79200000.0,0.0,79200000,79200000,DDoS
80,98709907,7,7,362,11595,362,0,51.714287,136.82314,4344,0,1656.4286,1547.7377,121.13273,0.14182973,7593070.0,27400000.0,98600000,1,98700000,16400000.0,40300000.0,98600000,1,65621,10936.833,21222.814,53162,49,0,0,0,0,232,232,0.070914865,0.070914865,0,4344,797.13336,1314.1798,1727068.8,0,0,0,0,1,0,0,0,1,854.0714,51.714287,1656.4286,232,0,0,0,0,0,0,7,362,7,11595,274,235,1,32,5.0,0.0,5,5,98600000.0,0.0,98600000,98600000,DoS Hulk
80,72871,3,5,26,11607,20,0,8.666667,10.263203,10135,0,2321.4,4413.202,159638.27,109.78304,10410.143,27181.764,72051,4,605,302.5,422.14276,601,4,72826,18206.5,35897.24,72051,4,0,0,0,0,72,112,41.16864,68.6144,0,10135,1292.5555,3350.635,11200000.0,0,0,0,1,0,0,0,0,1,1454.125,8.666667,2321.4,72,0,0,0,0,0,0,3,26,5,11607,8192,229,2,20,0.0,0.0,0,0,0.0,0.0,0,0,DDoS
5440,54,1,1,2,6,2,2,2.0,0.0,6,6,6.0,0.0,148148.14,37037.035,54.0,0.0,54,54,0,0.0,0.0,0,0,0,0.0,0.0,0,0,0,0,0,0,24,20,18518.518,18518.518,2,6,3.3333333,2.309401,5.3333335,0,0,0,1,0,0,0,0,1,5.0,2.0,6.0,24,0,0,0,0,0,0,1,2,1,6,1024,0,0,24,0.0,0.0,0,0,0.0,0.0,0,0,PortScan
53,31309,2,2,70,358,35,35,35.0,0.0,179,179,179.0,0.0,13670.19,127.75879,10436.333,18072.795,31305,1,1,1.0,0.0,1,1,3,3.0,0.0,3,3,0,0,0,0,40,40,63.879395,63.879395,35,179,92.6,78.87205,6220.8,0,0,0,0,0,0,0,0,1,115.75,35.0,179.0,40,0,0,0,0,0,0,2,70,2,358,-1,-1,1,20,0.0,0.0,0,0,0.0,0.0,0,0,BENIGN
53,23788,1,1,46,62,46,46,46.0,0.0,62,62,62.0,0.0,4540.1045,84.076004,23788.0,0.0,23788,23788,0,0.0,0.0,0,0,0,0.0,0.0,0,0,0,0,0,0,32,32,42.038002,42.038002,46,62,51.333332,9.237604,85.333336,0,0,0,0,0,0,0,0,1,77.0,46.0,62.0,32,0,0,0,0,0,0,1,46,1,62,-1,-1,0,32,0.0,0.0,0,0,0.0,0.0,0,0,BENIGN
80,1758291,3,6,26,11601,20,0,8.666667,10.263203,5840,0,1933.5,2189.773,6612.671,5.1186066,219786.38,617054.5,1746895,14,10996,5498.0,6402.145,10025,971,1758229,351645.8,779982.56,1746895,14,0,0,0,0,72,132,1.7062023,3.4124045,0,5840,1162.7,1911.5957,3654198.2,0,0,0,1,0,0,0,0,2,1291.8889,8.666667,1933.5,72,0,0,0,0,0,0,3,26,6,11601,8192,229,2,20,0.0,0.0,0,0,0.0,0.0,0,0,DDoS
10010,50,1,1,2,6,2,2,2.0,0.0,6,6,6.0,0.0,160000.0,40000.0,50.0,0.0,50,50,0,0.0,0.0,0,0,0,0.0,0.0,0,0,0,0,0,0,24,20,20000.0,20000.0,2,6,3.3333333,2.309401,5.3333335,0,0,0,1,0,0,0,0,1,5.0,2.0,6.0,24,0,0,0,0,0,0,1,2,1,6,1024,0,0,24,0.0,0.0,0,0,0.0,0.0,0,0,PortScan
80,1910962,5,0,30,0,6,6,6.0,0.0,0,0,0.0,0.0,15.698899,2.6164832,477740.5,952819.1,1906968,3,1910962,477740.5,952819.1,1906968,3,0,0.0,0.0,0,0,0,0,0,0,100,0,2.6164832,0.0,6,6,6.0,0.0,0.0,0,0,0,0,1,0,0,0,0,7.2,6.0,0.0,100,0,0,0,0,0,0,5,30,0,0,256,-1,4,20,0.0,0.0,0,0,0.0,0.0,0,0,DDoS
53,36030480,2,2,90,122,46,44,45.0,1.4142135,62,60,61.0,1.4142135,5.8839073,0.111017115,12010160.0,20749030.0,35969077,30632,35999848,35999850.0,0.0,35999848,35999848,35999709,35999708.0,0.0,35999709,35999709,0,0,0,0,52,52,0.055508558,0.055508558,44,62,51.6,8.6487,74.8,0,0,0,0,0,0,0,0,1,64.5,45.0,61.0,52,0,0,0,0,0,0,2,90,2,122,-1,-1,1,20,30771.0,0.0,30771,30771,35969076.0,0.0,35969077,35969077,BENIGN
80,583653,3,4,26,11601,20,0,8.666667,10.263203,8760,0,2900.25,4128.3193,19921.084,11.993427,97275.5,235177.95,577309,32,6069,3034.5,3837.4685,5748,321,583621,194540.33,331500.7,577309,185,0,0,0,0,72,92,5.1400404,6.8533874,0,8760,1453.375,3113.9526,9696701.0,0,0,0,1,0,0,0,0,1,1661.0,8.666667,2900.25,72,0,0,0,0,0,0,3,26,4,11601,8192,229,2,20,0.0,0.0,0,0,0.0,0.0,0,0,DDoS
53,194,2,2,86,204,43,43,43.0,0.0,102,102,102.0,0.0,1494845.4,20618.557,64.666664,105.944954,187,3,3,3.0,0.0,3,3,4,4.0,0.0,4,4,0,0,0,0,40,40,10309.278,10309.278,43,102,66.6,32.31563,1044.3,0,0,0,0,0,0,0,0,1,83.25,43.0,102.0,40,0,0,0,0,0,0,2,86,2,204,-1,-1,1,20,0.0,0.0,0,0,0.0,0.0,0,0,BENIGN
80,866822,3,6,26,11607,20,0,8.666667,10.263203,4380,0,1934.5,2177.345,13420.287,10.382754,108352.75,306186.7,866126,3,586,293.0,394.56558,572,14,866805,173361.0,387267.5,866126,3,0,0,0,0,72,132,3.4609182,6.9218364,0,4380,1163.3,1903.9626,3625073.8,0,0,0,1,0,0,0,0,2,1292.5555,8.666667,1934.5,72,0,0,0,0,0,0,3,26,6,11607,8192,229,2,20,0.0,0.0,0,0,0.0,0.0,0,0,DDoS
4848,4,1,1,0,6,0,0,0.0,0.0,6,6,6.0,0.0,1500000.0,500000.0,4.0,0.0,4,4,0,0.0,0.0,0,0,0,0.0,0.0,0,0,0,0,0,0,40,20,250000.0,250000.0,0,6,2.0,3.4641016,12.0,0,0,0,1,0,0,0,0,1,3.0,0.0,6.0,40,0,0,0,0,0,0,1,0,1,6,29200,0,0,40,0.0,0.0,0,0,0.0,0.0,0,0,PortScan
80,98659106,5,5,326,11595,314,0,65.2,139.11578,8688,0,2319.0,3776.347,120.83021,0.10135912,11000000.0,32800000.0,98500000,3,98500000,24600000.0,49200000.0,98500000,992,98700000,24700000.0,49200000.0,98500000,188,0,0,0,0,144,168,0.05067956,0.05067956,0,8688,1084.2727,2666.4316,7109857.5,1,0,0,0,0,0,0,0,1,1192.7,65.2,2319.0,144,0,0,0,0,0,0,5,326,5,11595,0,235,2,20,11997.0,0.0,11997,11997,98500000.0,0.0,98500000,98500000,DoS Hulk
2522,8,1,1,2,6,2,2,2.0,0.0,6,6,6.0,0.0,1000000.0,250000.0,8.0,0.0,8,8,0,0.0,0.0,0,0,0,0.0,0.0,0,0,0,0,0,0,24,20,125000.0,125000.0,2,6,3.3333333,2.309401,5.3333335,0,0,0,1,0,0,0,0,1,5.0,2.0,6.0,24,0,0,0,0,0,0,1,2,1,6,1024,0,0,24,0.0,0.0,0,0,0.0,0.0,0,0,PortScan
80,12823,2,2,12,0,6,6,6.0,0.0,0,0,0.0,0.0,935.8185,311.93948,4274.3335,7015.245,12371,10,452,452.0,0.0,452,452,12813,12813.0,0.0,12813,12813,0,0,0,0,40,64,155.96974,155.96974,0,6,3.6,3.2863352,10.8,1,0,0,0,0,0,0,0,1,4.5,6.0,0.0,40,0,0,0,0,0,0,2,12,2,0,0,235,1,20,0.0,0.0,0,0,0.0,0.0,0,0,DoS Hulk
80,98353751,8,6,346,11595,346,0,43.25,122.329475,4344,0,1932.5,1977.8129,121.40869,0.14234333,7565673.0,27300000.0,98300000,0,98300000,14000000.0,37200000.0,98300000,0,57484,11496.8,19932.531,46136,47,0,0,0,0,264,200,0.08133905,0.06100428,0,4344,796.06665,1525.4962,2327138.8,0,0,0,0,1,0,0,0,0,852.9286,43.25,1932.5,264,0,0,0,0,0,0,8,346,6,11595,274,235,1,32,1005.0,0.0,1005,1005,98300000.0,0.0,98300000,98300000,DoS Hulk
55980,99466135,8,6,11595,384,4344,0,1449.375,1547.982,366,0,64.0,147.97838,120.43295,0.14075142,7651241.0,27500000.0,99300000,1,99500000,14200000.0,37500000.0,99300000,17,99300000,19900000.0,44400000.0,99300000,1,0,0,0,0,264,164,0.08042938,0.06032204,0,4344,798.6,1313.3076,1724776.9,0,0,0,0,1,0,0,0,0,855.6429,1449.375,64.0,264,0,0,0,0,0,0,8,11595,6,384,235,229,5,32,16919.0,0.0,16919,16919,99300000.0,0.0,99300000,99300000,BENIGN
80,98437787,5,7,325,11595,313,0,65.0,138.66867,5792,0,1656.4286,2120.7322,121.09171,0.1219044,8948890.0,29600000.0,98300000,4,98300000,24600000.0,49100000.0,98300000,4,98400000,16400000.0,40100000.0,98300000,14,0,0,0,0,144,232,0.050793502,0.071110904,0,5792,917.38464,1716.3107,2945722.5,1,0,0,0,0,0,0,0,1,993.8333,65.0,1656.4286,144,0,0,0,0,0,0,5,325,7,11595,0,235,2,20,11986.0,0.0,11986,11986,98300000.0,0.0,98300000,98300000,DoS Hulk
49515,3,2,0,0,0,0,0,0.0,0.0,0,0,0.0,0.0,0.0,666666.7,3.0,0.0,3,3,3,3.0,0.0,3,3,0,0.0,0.0,0,0,0,0,0,0,40,0,666666.7,0.0,0,0,0.0,0.0,0.0,0,0,0,0,1,0,0,0,0,0.0,0.0,0.0,40,0,0,0,0,0,0,2,0,0,0,123,-1,0,20,0.0,0.0,0,0,0.0,0.0,0,0,BENIGN
53,173,2,2,58,166,29,29,29.0,0.0,83,83,83.0,0.0,1294797.8,23121.387,57.666668,93.82075,166,3,3,3.0,0.0,3,3,4,4.0,0.0,4,4,0,0,0,0,64,64,11560.693,11560.693,29,83,50.6,29.577019,874.8,0,0,0,0,0,0,0,0,1,63.25,29.0,83.0,64,0,0,0,0,0,0,2,58,2,166,-1,-1,1,32,0.0,0.0,0,0,0.0,0.0,0,0,BENIGN
61734,1,2,0,12,0,6,6,6.0,0.0,0,0,0.0,0.0,12000000.0,2000000.0,1.0,0.0,1,1,1,1.0,0.0,1,1,0,0.0,0.0,0,0,0,0,0,0,40,0,2000000.0,0.0,6,6,6.0,0.0,0.0,0,0,0,0,1,0,0,0,0,9.0,6.0,0.0,40,0,0,0,0,0,0,2,12,0,0,4106,-1,1,20,0.0,0.0,0,0,0.0,0.0,0,0,BENIGN
146,46,1,1,2,6,2,2,2.0,0.0,6,6,6.0,0.0,173913.05,43478.26,46.0,0.0,46,46,0,0.0,0.0,0,0,0,0.0,0.0,0,0,0,0,0,0,24,20,21739.13,21739.13,2,6,3.3333333,2.309401,5.3333335,0,0,0,1,0,0,0,0,1,5.0,2.0,6.0,24,0,0,0,0,0,0,1,2,1,6,1024,0,0,24,0.0,0.0,0,0,0.0,0.0,0,0,PortScan
80,99599817,7,6,358,11595,358,0,51.142857,135.31128,8688,0,1932.5,3384.303,120.01026,0.13052233,8299985.0,28700000.0,99400000,1,99500000,16600000.0,40600000.0,99400000,1,160588,32117.6,65634.72,149223,48,0,0,0,0,232,200,0.07028125,0.060241073,0,8688,853.7857,2313.8003,5353672.0,0,0,0,0,1,0,0,0,0,919.46155,51.142857,1932.5,232,0,0,0,0,0,0,7,358,6,11595,251,235,1,32,7.0,0.0,7,7,99400000.0,0.0,99400000,99400000,DoS Hulk
80,124841,3,5,26,11607,20,0,8.666667,10.263203,7215,0,2321.4,3327.7698,93182.53,64.08151,17834.428,46648.92,123623,4,966,483.0,459.61942,808,158,124729,31182.25,61628.594,123623,4,0,0,0,0,72,112,24.030567,40.050945,0,7215,1292.5555,2650.5857,7025604.5,0,0,0,1,0,0,0,0,1,1454.125,8.666667,2321.4,72,0,0,0,0,0,0,3,26,5,11607,8192,229,2,20,0.0,0.0,0,0,0.0,0.0,0,0,DDoS
80,1324327,3,5,26,11607,20,0,8.666667,10.263203,5840,0,2321.4,3173.3738,8784.084,6.040804,189189.58,499977.2,1323031,3,1034,517.0,726.90576,1031,3,1324209,331052.25,661319.3,1323031,3,0,0,0,0,72,112,2.2653015,3.7755027,0,5840,1292.5555,2554.1592,6523729.5,0,0,0,1,0,0,0,0,1,1454.125,8.666667,2321.4,72,0,0,0,0,0,0,3,26,5,11607,8192,229,2,20,0.0,0.0,0,0,0.0,0.0,0,0,DDoS
1839,58,1,1,2,6,2,2,2.0,0.0,6,6,6.0,0.0,137931.03,34482.758,58.0,0.0,58,58,0,0.0,0.0,0,0,0,0.0,0.0,0,0,0,0,0,0,24,20,17241.379,17241.379,2,6,3.3333333,2.309401,5.3333335,0,0,0,1,0,0,0,0,1,5.0,2.0,6.0,24,0,0,0,0,0,0,1,2,1,6,1024,0,0,24,0.0,0.0,0,0,0.0,0.0,0,0,PortScan
14442,26,1,1,2,6,2,2,2.0,0.0,6,6,6.0,0.0,307692.3,76923.08,26.0,0.0,26,26,0,0.0,0.0,0,0,0,0.0,0.0,0,0,0,0,0,0,24,20,38461.54,38461.54,2,6,3.3333333,2.309401,5.3333335,0,0,0,1,0,0,0,0,1,5.0,2.0,6.0,24,0,0,0,0,0,0,1,2,1,6,1024,0,0,24,0.0,0.0,0,0,0.0,0.0,0,0,PortScan
53,30571,1,1,54,116,54,54,54.0,0.0,116,116,116.0,0.0,5560.8257,65.42148,30571.0,0.0,30571,30571,0,0.0,0.0,0,0,0,0.0,0.0,0,0,0,0,0,0,32,32,32.71074,32.71074,54,116,74.666664,35.795715,1281.3334,0,0,0,0,0,0,0,0,1,112.0,54.0,116.0,32,0,0,0,0,0,0,1,54,1,116,-1,-1,0,32,0.0,0.0,0,0,0.0,0.0,0,0,BENIGN
49182,101202053,7,9,2962,636,1472,0,423.14285,716.51086,303,0,70.666664,131.74503,35.55264,0.15809956,6746803.5,26100000.0,101000000,0,101000000,16900000.0,41300000.0,101000000,0,865,108.125,240.49202,700,1,0,0,0,0,164,204,0.06916856,0.088931,0,1472,212.0,484.34634,234591.38,0,0,0,0,1,0,0,0,1,225.25,423.14285,70.666664,164,0,0,0,0,0,0,7,2962,9,636,2053,256,4,20,2.0,0.0,2,2,101000000.0,0.0,101000000,101000000,BENIGN
80,84588170,8,6,346,11595,346,0,43.25,122.329475,5792,0,1932.5,2181.0083,141.1663,0.16550778,6506782.5,23400000.0,84400000,1,84400000,12100000.0,31900000.0,84400000,1,152359,30471.8,60946.297,139034,46,0,0,0,0,264,200,0.094575875,0.070931904,0,5792,796.06665,1621.4016,2628943.2,0,0,0,0,1,0,0,0,0,852.9286,43.25,1932.5,264,0,0,0,0,0,0,8,346,6,11595,274,235,1,32,1052.0,0.0,1052,1052,84400000.0,0.0,84400000,84400000,DoS Hulk
80,99626758,5,7,368,11595,356,0,73.6,157.8949,5792,0,1656.4286,2120.7322,120.07818,0.120449565,9056978.0,30000000.0,99500000,2,99500000,24900000.0,49700000.0,99500000,2,99600000,16600000.0,40600000.0,99500000,46,0,0,0,0,144,232,0.05018732,0.070262246,0,5792,920.6923,1715.0898,2941533.2,1,0,0,0,0,0,0,0,1,997.4167,73.6,1656.4286,144,0,0,0,0,0,0,5,368,7,11595,0,235,2,20,13996.0,0.0,13996,13996,99500000.0,0.0,99500000,99500000,DoS Hulk
80,123522,3,6,367,11595,367,0,122.333336,211.88754,5792,0,1932.5,2181.0083,96841.05,72.86151,15440.25,39195.96,112085,47,11001,5500.5,6391.538,10020,981,123370,24674.0,49091.617,112085,47,0,0,0,0,104,200,24.287172,48.574345,0,5792,1196.2,1886.1208,3557451.8,0,0,0,1,0,0,0,0,2,1329.1111,122.333336,1932.5,104,0,0,0,0,0,0,3,367,6,11595,29200,235,1,32,0.0,0.0,0,0,0.0,0.0,0,0,DoS Hulk
50158,36,1,1,0,0,0,0,0.0,0.0,0,0,0.0,0.0,0.0,55555.555,36.0,0.0,36,36,0,0.0,0.0,0,0,0,0.0,0.0,0,0,0,0,0,0,32,32,27777.777,27777.777,0,0,0.0,0.0,0.0,0,0,0,0,1,0,0,0,1,0.0,0.0,0.0,32,0,0,0,0,0,0,1,0,1,0,122,33304,0,32,0.0,0.0,0,0,0.0,0.0,0,0,BENIGN
53,61406,2,2,102,438,51,51,51.0,0.0,219,219,219.0,0.0,8793.929,65.14021,20468.666,35447.574,61400,3,3,3.0,0.0,3,3,3,3.0,0.0,3,3,0,0,0,0,64,64,32.570107,32.570107,51,219,118.2,92.01739,8467.2,0,0,0,0,0,0,0,0,1,147.75,51.0,219.0,64,0,0,0,0,0,0,2,102,2,438,-1,-1,1,32,0.0,0.0,0,0,0.0,0.0,0,0,BENIGN
80,98500701,7,6,334,11595,328,0,47.714287,123.61461,5792,0,1932.5,2181.0083,121.105736,0.13197875,8208392.0,28400000.0,98500000,1,98500000,16400000.0,40200000.0,98500000,1,37340,7468.0,10554.655,22886,44,0,0,0,0,220,200,0.071065485,0.060913272,0,5792,852.0714,1667.2081,2779583.2,0,0,0,0,1,0,0,0,0,917.61536,47.714287,1932.5,220,0,0,0,0,0,0,7,334,6,11595,251,235,2,20,998.0,0.0,998,998,98500000.0,0.0,98500000,98500000,DoS Hulk
1092,50,1,1,2,6,2,2,2.0,0.0,6,6,6.0,0.0,160000.0,40000.0,50.0,0.0,50,50,0,0.0,0.0,0,0,0,0.0,0.0,0,0,0,0,0,0,24,20,20000.0,20000.0,2,6,3.3333333,2.309401,5.3333335,0,0,0,1,0,0,0,0,1,5.0,2.0,6.0,24,0,0,0,0,0,0,1,2,1,6,1024,0,0,24,0.0,0.0,0,0,0.0,0.0,0,0,PortScan
80,82930352,9,7,352,11595,352,0,39.11111,117.333336,4344,0,1656.4286,1547.7377,144.06064,0.19293298,5528690.0,21400000.0,82800000,1,82800000,10300000.0,29300000.0,82800000,1,147541,24590.166,54826.316,136157,47,0,0,0,0,296,232,0.1085248,0.08440818,0,4344,702.7647,1257.657,1581701.0,0,0,0,0,1,0,0,0,0,746.6875,39.11111,1656.4286,296,0,0,0,0,0,0,9,352,7,11595,251,235,1,32,994.0,0.0,994,994,82800000.0,0.0,82800000,82800000,DoS Hulk
54500,72,1,1,0,0,0,0,0.0,0.0,0,0,0.0,0.0,0.0,27777.777,72.0,0.0,72,72,0,0.0,0.0,0,0,0,0.0,0.0,0,0,0,0,0,0,32,32,13888.889,13888.889,0,0,0.0,0.0,0.0,0,0,0,0,1,0,0,0,1,0.0,0.0,0.0,32,0,0,0,0,0,0,1,0,1,0,68,33304,0,32,0.0,0.0,0,0,0.0,0.0,0,0,BENIGN
80,10567787,5,0,30,0,6,6,6.0,0.0,0,0,0.0,0.0,2.8388157,0.47313595,2641946.8,5283226.0,10600000,1,10600000,2641946.8,5283226.0,10600000,1,0,0.0,0.0,0,0,0,0,0,0,100,0,0.47313595,0.0,6,6,6.0,0.0,0.0,0,0,0,0,1,0,0,0,0,7.2,6.0,0.0,100,0,0,0,0,0,0,5,30,0,0,256,-1,4,20,1001.0,0.0,1001,1001,10600000.0,0.0,10600000,10600000,DDoS
80,105618544,16,3,2541,6,231,0,158.8125,110.58283,6,0,2.0,3.4641016,24.115084,0.17989266,5867697.0,12500000.0,51300000,115,106000000,7041227.0,13500000.0,51300000,400,103000000,51300000.0,27900000.0,71000000,31600000,0,0,0,0,536,100,0.15148854,0.028404104,0,231,127.35,117.573395,13823.503,0,0,0,1,0,0,0,0,0,134.05263,158.8125,2.0,536,0,0,0,0,0,0,16,2541,3,6,29200,0,11,32,4705900.0,6654633.0,9411436,364,19200000.0,18800000.0,51300000,5925724,DoS slowloris
80,15648,2,2,12,0,6,6,6.0,0.0,0,0,0.0,0.0,766.87115,255.62372,5216.0,8445.73,14961,17,687,687.0,0.0,687,687,15631,15631.0,0.0,15631,15631,0,0,0,0,40,64,127.81186,127.81186,0,6,3.6,3.2863352,10.8,1,0,0,0,0,0,0,0,1,4.5,6.0,0.0,40,0,0,0,0,0,0,2,12,2,0,0,235,1,20,0.0,0.0,0,0,0.0,0.0,0,0,DoS Hulk
55502,22,1,1,6,6,6,6,6.0,0.0,6,6,6.0,0.0,545454.56,90909.09,22.0,0.0,22,22,0,0.0,0.0,0,0,0,0.0,0.0,0,0,0,0,0,0,20,20,45454.547,45454.547,6,6,6.0,0.0,0.0,0,0,0,0,1,1,0,0,1,9.0,6.0,6.0,20,0,0,0,0,0,0,1,6,1,6,84,256,0,20,0.0,0.0,0,0,0.0,0.0,0,0,BENIGN
80,98700813,5,7,307,11595,295,0,61.4,130.62082,4344,0,1656.4286,1947.6382,120.58665,0.12157954,8972801.0,29700000.0,98700000,24,98700000,24700000.0,49300000.0,98700000,1003,98700000,16500000.0,40300000.0,98700000,55,0,0,0,0,144,232,0.050658144,0.0709214,0,4344,916.0,1611.0416,2595455.2,1,0,0,0,0,0,0,0,1,992.3333,61.4,1656.4286,144,0,0,0,0,0,0,5,307,7,11595,0,235,2,20,12009.0,0.0,12009,12009,98700000.0,0.0,98700000,98700000,DoS Hulk
443,348283,10,8,559,5308,192,0,55.9,78.196976,2636,0,663.5,956.10547,16845.496,51.68211,20487.234,41346.125,172977,2,348283,38698.11,74852.79,236211,3,308286,44040.855,64282.15,172977,193,0,0,0,0,212,172,28.712282,22.969826,0,2636,308.78946,674.7607,455301.97,0,0,0,1,0,0,0,0,0,325.94446,55.9,663.5,212,0,0,0,0,0,0,10,559,8,5308,8192,980,9,20,0.0,0.0,0,0,0.0,0.0,0,0,BENIGN
80,146522,3,6,361,11595,361,0,120.333336,208.42345,5792,0,1932.5,2181.0083,81598.664,61.424225,18315.25,46994.887,134166,3,12002,6001.0,8482.453,11999,3,146467,29293.4,58852.105,134166,47,0,0,0,0,104,200,20.474741,40.949482,0,5792,1195.6,1886.4148,3558561.0,0,0,0,1,0,0,0,0,2,1328.4445,120.333336,1932.5,104,0,0,0,0,0,0,3,361,6,11595,29200,235,1,32,0.0,0.0,0,0,0.0,0.0,0,0,DoS Hulk
53,31306,2,2,54,216,27,27,27.0,0.0,108,108,108.0,0.0,8624.545,127.771034,10435.333,18071.062,31302,1,1,1.0,0.0,1,1,3,3.0,0.0,3,3,0,0,0,0,64,64,63.885517,63.885517,27,108,59.4,44.36553,1968.3,0,0,0,0,0,0,0,0,1,74.25,27.0,108.0,64,0,0,0,0,0,0,2,54,2,216,-1,-1,1,32,0.0,0.0,0,0,0.0,0.0,0,0,BENIGN
32,43,1,1,0,6,0,0,0.0,0.0,6,6,6.0,0.0,139534.89,46511.63,43.0,0.0,43,43,0,0.0,0.0,0,0,0,0.0,0.0,0,0,0,0,0,0,40,20,23255.814,23255.814,0,6,2.0,3.4641016,12.0,0,0,0,1,0,0,0,0,1,3.0,0.0,6.0,40,0,0,0,0,0,0,1,0,1,6,29200,0,0,40,0.0,0.0,0,0,0.0,0.0,0,0,PortScan
12174,24,1,1,0,6,0,0,0.0,0.0,6,6,6.0,0.0,250000.0,83333.336,24.0,0.0,24,24,0,0.0,0.0,0,0,0,0.0,0.0,0,0,0,0,0,0,40,20,41666.668,41666.668,0,6,2.0,3.4641016,12.0,0,0,0,1,0,0,0,0,1,3.0,0.0,6.0,40,0,0,0,0,0,0,1,0,1,6,29200,0,0,40,0.0,0.0,0,0,0.0,0.0,0,0,PortScan
80,99468650,6,5,331,11595,331,0,55.166668,135.13019,8688,0,2319.0,3774.2375,119.89707,0.110587604,9946865.0,31400000.0,99300000,4,99300000,19900000.0,44400000.0,99300000,4,151341,37835.25,67774.125,139152,65,0,0,0,0,200,168,0.06032051,0.050267093,0,8688,993.8333,2560.6353,6556853.0,0,0,0,0,1,0,0,0,0,1084.1818,55.166668,2319.0,200,0,0,0,0,0,0,6,331,5,11595,274,235,1,32,1011.0,0.0,1011,1011,99300000.0,0.0,99300000,99300000,DoS Hulk
80,155440,3,4,26,11607,20,0,8.666667,10.263203,11595,0,2901.75,5795.5005,74839.164,45.033455,25906.666,61658.367,151749,48,2864,1432.0,1887.9751,2767,97,155379,51793.0,86570.63,151749,779,0,0,0,0,72,92,19.30005,25.733402,0,11595,1454.125,4097.5376,16800000.0,0,0,0,1,0,0,0,0,1,1661.8572,8.666667,2901.75,72,0,0,0,0,0,0,3,26,4,11607,8192,229,2,20,0.0,0.0,0,0,0.0,0.0,0,0,DDoS
1097,80,1,1,0,6,0,0,0.0,0.0,6,6,6.0,0.0,75000.0,25000.0,80.0,0.0,80,80,0,0.0,0.0,0,0,0,0.0,0.0,0,0,0,0,0,0,40,20,12500.0,12500.0,0,6,2.0,3.4641016,12.0,0,0,0,1,0,0,0,0,1,3.0,0.0,6.0,40,0,0,0,0,0,0,1,0,1,6,29200,0,0,40,0.0,0.0,0,0,0.0,0.0,0,0,PortScan
80,81071637,8,6,56,11601,20,0,7.0,5.656854,7300,0,1933.5,2720.784,143.7864,0.17268679,6236280.0,19600000.0,70800000,3,81000000,11600000.0,26400000.0,70800000,3,118820,23764.0,50371.836,113814,193,0,0,0,0,172,132,0.09867816,0.07400862,0,7300,777.5333,1896.9175,3598295.8,0,0,0,0,1,0,0,0,0,833.0714,7.0,1933.5,172,0,0,0,0,0,0,8,56,6,11601,256,229,6,20,1916.0,0.0,1916,1916,40500000.0,42900000.0,70800000,10100000,DDoS
123,81102,1,1,48,48,48,48,48.0,0.0,48,48,48.0,0.0,1183.6946,24.660305,81102.0,0.0,81102,81102,0,0.0,0.0,0,0,0,0.0,0.0,0,0,0,0,0,0,32,32,12.3301525,12.3301525,48,48,48.0,0.0,0.0,0,0,0,0,0,0,0,0,1,72.0,48.0,48.0,32,0,0,0,0,0,0,1,48,1,48,-1,-1,0,32,0.0,0.0,0,0,0.0,0.0,0,0,BENIGN
80,88648492,8,4,56,11601,20,0,7.0,5.656854,8760,0,2900.25,4128.3193,131.49687,0.1353661,8058954.0,26200000.0,87200000,1,88600000,12700000.0,32900000.0,87200000,1,70976,23658.666,25457.42,50720,186,0,0,0,0,172,92,0.09024406,0.04512203,0,8760,897.1539,2488.507,6192667.5,0,0,0,0,1,0,0,0,0,971.9167,7.0,2900.25,172,0,0,0,0,0,0,8,56,4,11601,256,229,6,20,1398989.0,0.0,1398989,1398989,87200000.0,0.0,87200000,87200000,DDoS
255,91,1,1,0,6,0,0,0.0,0.0,6,6,6.0,0.0,65934.06,21978.021,91.0,0.0,91,91,0,0.0,0.0,0,0,0,0.0,0.0,0,0,0,0,0,0,40,20,10989.011,10989.011,0,6,2.0,3.4641016,12.0,0,0,0,1,0,0,0,0,1,3.0,0.0,6.0,40,0,0,0,0,0,0,1,0,1,6,29200,0,0,40,0.0,0.0,0,0,0.0,0.0,0,0,PortScan
50000,35,1,1,2,6,2,2,2.0,0.0,6,6,6.0,0.0,228571.42,57142.855,35.0,0.0,35,35,0,0.0,0.0,0,0,0,0.0,0.0,0,0,0,0,0,0,24,20,28571.428,28571.428,2,6,3.3333333,2.309401,5.3333335,0,0,0,1,0,0,0,0,1,5.0,2.0,6.0,24,0,0,0,0,0,0,1,2,1,6,1024,0,0,24,0.0,0.0,0,0,0.0,0.0,0,0,PortScan
80,79011,5,0,30,0,6,6,6.0,0.0,0,0,0.0,0.0,379.69397,63.28233,19752.75,36775.914,74882,4,79011,19752.75,36775.914,74882,4,0,0.0,0.0,0,0,0,0,0,0,100,0,63.28233,0.0,6,6,6.0,0.0,0.0,0,0,0,0,1,0,0,0,0,7.2,6.0,0.0,100,0,0,0,0,0,0,5,30,0,0,256,-1,4,20,0.0,0.0,0,0,0.0,0.0,0,0,DDoS
443,4135010,5,1,123,46,46,0,24.6,23.276598,46,46,46.0,0.0,40.870518,1.4510243,827002.0,1828339.5,4097513,18,4135010,1033752.5,2042579.1,4097513,18,0,0.0,0.0,0,0,1,0,0,0,160,32,1.2091869,0.24183738,0,46,30.714285,21.684975,470.2381,0,1,0,0,1,0,0,0,0,35.833332,24.6,46.0,160,0,0,0,0,0,0,5,123,1,46,338,357,2,32,0.0,0.0,0,0,0.0,0.0,0,0,BENIGN
80,98694684,6,5,324,11595,324,0,54.0,132.27245,8688,0,2319.0,3774.2375,120.76638,0.11145484,9869468.0,31200000.0,98700000,2,98700000,19700000.0,44100000.0,98700000,2,25450,6362.5,7306.847,14153,84,0,0,0,0,200,168,0.06079355,0.05066129,0,8688,993.25,2560.8008,6557701.0,0,0,0,0,1,0,0,0,0,1083.5454,54.0,2319.0,200,0,0,0,0,0,0,6,324,5,11595,251,235,1,32,7.0,0.0,7,7,98700000.0,0.0,98700000,98700000,DoS Hulk
53,30886,1,1,55,111,55,55,55.0,0.0,111,111,111.0,0.0,5374.6035,64.75426,30886.0,0.0,30886,30886,0,0.0,0.0,0,0,0,0.0,0.0,0,0,0,0,0,0,20,20,32.37713,32.37713,55,111,73.666664,32.331615,1045.3334,0,0,0,0,0,0,0,0,1,110.5,55.0,111.0,20,0,0,0,0,0,0,1,55,1,111,-1,-1,0,20,0.0,0.0,0,0,0.0,0.0,0,0,BENIGN
80,6764235,16,24,316,27725,262,0,19.75,64.66684,1460,0,1155.2084,553.49207,4145.48,5.913455,173441.92,1061554.4,6632305,0,131930,8795.333,21957.166,82578,1,6741198,293095.56,1382052.6,6632496,1,0,0,0,0,392,492,2.365382,3.548073,0,1460,683.9268,706.4923,499131.4,0,0,0,1,0,0,0,0,1,701.025,19.75,1155.2084,392,0,0,0,0,0,0,16,316,24,27725,8192,672,10,20,0.0,0.0,0,0,0.0,0.0,0,0,BENIGN
52407,16,3,1,43,6,31,6,14.333333,14.433757,6,6,6.0,0.0,3062500.0,250000.0,5.3333335,5.859465,12,1,16,8.0,7.071068,13,3,0,0.0,0.0,0,0,0,0,0,0,60,20,187500.0,62500.0,6,31,11.0,11.18034,125.0,0,0,0,0,1,0,0,0,0,13.75,14.333333,6.0,60,0,0,0,0,0,0,3,43,1,6,150,0,2,20,0.0,0.0,0,0,0.0,0.0,0,0,BENIGN
43460,242,3,0,31,0,31,0,10.333333,17.897858,0,0,0.0,0.0,128099.17,12396.694,121.0,103.23759,194,48,242,121.0,103.23759,194,48,0,0.0,0.0,0,0,0,0,0,0,96,0,12396.694,0.0,0,31,7.75,15.5,240.25,0,0,0,0,1,0,0,0,0,10.333333,10.333333,0.0,96,0,0,0,0,0,0,3,31,0,0,64,-1,1,32,0.0,0.0,0,0,0.0,0.0,0,0,BENIGN
1334,26,1,1,2,6,2,2,2.0,0.0,6,6,6.0,0.0,307692.3,76923.08,26.0,0.0,26,26,0,0.0,0.0,0,0,0,0.0,0.0,0,0,0,0,0,0,24,20,38461.54,38461.54,2,6,3.3333333,2.309401,5.3333335,0,0,0,1,0,0,0,0,1,5.0,2.0,6.0,24,0,0,0,0,0,0,1,2,1,6,1024,0,0,24,0.0,0.0,0,0,0.0,0.0,0,0,PortScan
80,71864926,8,6,56,11607,20,0,7.0,5.656854,5840,0,1934.5,2538.9192,162.29057,0.19480991,5528071.0,18000000.0,65100000,4,71000000,10100000.0,24300000.0,65100000,36,821819,164363.8,366915.0,820721,4,0,0,0,0,172,132,0.11131995,0.08348996,0,5840,777.93335,1804.899,3257660.2,0,0,0,0,1,0,0,0,0,833.5,7.0,1934.5,172,0,0,0,0,0,0,8,56,6,11607,256,229,6,20,723.0,0.0,723,723,35500000.0,41800000.0,65100000,5952771,DDoS
5353,89801855,215,0,28468,0,292,39,132.4093,90.0177,0,0,0.0,0.0,317.00903,2.3941598,419634.84,2909229.0,32000000,0,89800000,419634.84,2909229.0,32000000,0,0,0.0,0.0,0,0,0,0,0,0,3318,0,2.3941598,0.0,39,292,133.05556,90.30896,8155.7085,0,0,0,0,0,0,0,0,0,133.67442,132.4093,0.0,3318,0,0,0,0,0,0,215,28468,0,0,-1,-1,214,0,3022883.8,3577148.2,7004138,13,19400000.0,10100000.0,32000000,8000740,BENIGN
5989,35,1,1,2,6,2,2,2.0,0.0,6,6,6.0,0.0,228571.42,57142.855,35.0,0.0,35,35,0,0.0,0.0,0,0,0,0.0,0.0,0,0,0,0,0,0,24,20,28571.428,28571.428,2,6,3.3333333,2.309401,5.3333335,0,0,0,1,0,0,0,0,1,5.0,2.0,6.0,24,0,0,0,0,0,0,1,2,1,6,1024,0,0,24,0.0,0.0,0,0,0.0,0.0,0,0,PortScan
2043,75,1,1,0,6,0,0,0.0,0.0,6,6,6.0,0.0,80000.0,26666.666,75.0,0.0,75,75,0,0.0,0.0,0,0,0,0.0,0.0,0,0,0,0,0,0,40,20,13333.333,13333.333,0,6,2.0,3.4641016,12.0,0,0,0,1,0,0,0,0,1,3.0,0.0,6.0,40,0,0,0,0,0,0,1,0,1,6,29200,0,0,40,0.0,0.0,0,0,0.0,0.0,0,0,PortScan
80,89942905,8,6,56,11601,20,0,7.0,5.656854,4380,0,1933.5,1757.7899,129.60445,0.1556543,6918685.0,21600000.0,77900000,1,89800000,12800000.0,29000000.0,77900000,1,184359,36871.8,71983.055,164774,16,0,0,0,0,172,132,0.088945314,0.06670899,0,4380,777.5333,1434.5717,2057995.9,0,0,0,0,1,0,0,0,0,833.0714,7.0,1933.5,172,0,0,0,0,0,0,8,56,6,11601,256,229,6,20,982.0,0.0,982,982,44900000.0,46700000.0,77900000,11800000,DDoS
80,1852982,3,6,26,11607,20,0,8.666667,10.263203,5840,0,1934.5,2538.9192,6277.989,4.8570356,231622.75,654764.44,1852082,3,709,354.5,359.91736,609,100,1852913,370582.6,828183.4,1852082,3,0,0,0,0,72,132,1.619012,3.238024,0,5840,1163.3,2138.329,4572451.5,0,0,0,1,0,0,0,0,2,1292.5555,8.666667,1934.5,72,0,0,0,0,0,0,3,26,6,11607,8192,229,2,20,0.0,0.0,0,0,0.0,0.0,0,0,DDoS
53,229,2,2,74,202,37,37,37.0,0.0,101,101,101.0,0.0,1205240.1,17467.248,76.333336,89.91292,177,4,48,48.0,0.0,48,48,4,4.0,0.0,4,4,0,0,0,0,64,64,8733.624,8733.624,37,101,62.6,35.054245,1228.8,0,0,0,0,0,0,0,0,1,78.25,37.0,101.0,64,0,0,0,0,0,0,2,74,2,202,-1,-1,1,32,0.0,0.0,0,0,0.0,0.0,0,0,BENIGN
255,66,1,1,0,6,0,0,0.0,0.0,6,6,6.0,0.0,90909.09,30303.031,66.0,0.0,66,66,0,0.0,0.0,0,0,0,0.0,0.0,0,0,0,0,0,0,40,20,15151.516,15151.516,0,6,2.0,3.4641016,12.0,0,0,0,1,0,0,0,0,1,3.0,0.0,6.0,40,0,0,0,0,0,0,1,0,1,6,29200,0,0,40,0.0,0.0,0,0,0.0,0.0,0,0,PortScan
443,4305865,5,1,123,46,46,0,24.6,23.276598,46,46,46.0,0.0,39.24879,1.3934482,861173.0,1904967.4,4268765,3,4305865,1076466.2,2128268.8,4268765,3,0,0.0,0.0,0,0,1,0,0,0,160,32,1.1612068,0.23224138,0,46,30.714285,21.684975,470.2381,0,1,0,0,1,0,0,0,0,35.833332,24.6,46.0,160,0,0,0,0,0,0,5,123,1,46,316,349,2,32,0.0,0.0,0,0,0.0,0.0,0,0,BENIGN
80,311128,5,0,30,0,6,6,6.0,0.0,0,0,0.0,0.0,96.42334,16.070557,77782.0,154232.88,309127,1,311128,77782.0,154232.88,309127,1,0,0.0,0.0,0,0,0,0,0,0,100,0,16.070557,0.0,6,6,6.0,0.0,0.0,0,0,0,0,1,0,0,0,0,7.2,6.0,0.0,100,0,0,0,0,0,0,5,30,0,0,256,-1,4,20,0.0,0.0,0,0,0.0,0.0,0,0,DDoS
80,1233712,3,4,26,11601,20,0,8.666667,10.263203,10135,0,2900.25,4871.8257,9424.403,5.6739335,205618.67,413669.66,1034233,21,199191,99595.5,140780.02,199142,49,1233691,411230.34,548640.94,1034233,192,0,0,0,0,72,92,2.431686,3.2422478,0,10135,1453.375,3544.652,12600000.0,0,0,0,1,0,0,0,0,1,1661.0,8.666667,2900.25,72,0,0,0,0,0,0,3,26,4,11601,8192,229,2,20,0.0,0.0,0,0,0.0,0.0,0,0,DDoS
53,255,2,2,56,158,28,28,28.0,0.0,79,79,79.0,0.0,839215.7,15686.274,85.0,142.02817,249,3,3,3.0,0.0,3,3,3,3.0,0.0,3,3,0,0,0,0,64,64,7843.137,7843.137,28,79,48.4,27.933851,780.3,0,0,0,0,0,0,0,0,1,60.5,28.0,79.0,64,0,0,0,0,0,0,2,56,2,158,-1,-1,1,32,0.0,0.0,0,0,0.0,0.0,0,0,BENIGN
80,292854,3,5,26,11601,20,0,8.666667,10.263203,4380,0,2320.2,2207.3413,39702.38,27.317366,41836.285,102354.945,273444,50,18827,9413.5,12836.109,18490,337,292782,73195.5,133784.77,273444,159,0,0,0,0,72,112,10.244013,17.073355,0,4380,1291.8889,1980.7102,3923213.0,0,0,0,1,0,0,0,0,1,1453.375,8.666667,2320.2,72,0,0,0,0,0,0,3,26,5,11601,8192,229,2,20,0.0,0.0,0,0,0.0,0.0,0,0,DDoS
80,87092669,8,5,56,11607,20,0,7.0,5.656854,10135,0,2321.4,4413.202,133.91483,0.14926629,7257722.5,21700000.0,75400000,1,86000000,12300000.0,28100000.0,75400000,1,1130805,282701.25,564705.3,1129759,5,0,0,0,0,172,112,0.09185618,0.057410114,0,10135,833.5,2705.0442,7317264.5,0,0,0,0,1,0,0,0,0,897.61536,7.0,2321.4,172,0,0,0,0,0,0,8,56,5,11607,256,229,6,20,186.0,0.0,186,186,43000000.0,45800000.0,75400000,10600000,DDoS
53,656,1,1,50,111,50,50,50.0,0.0,111,111,111.0,0.0,245426.83,3048.7805,656.0,0.0,656,656,0,0.0,0.0,0,0,0,0.0,0.0,0,0,0,0,0,0,32,32,1524.3903,1524.3903,50,111,70.333336,35.218365,1240.3334,0,0,0,0,0,0,0,0,1,105.5,50.0,111.0,32,0,0,0,0,0,0,1,50,1,111,-1,-1,0,32,0.0,0.0,0,0,0.0,0.0,0,0,BENIGN
80,44906,3,5,26,11607,20,0,8.666667,10.263203,7300,0,2321.4,3346.364,259052.25,178.14992,6415.143,16627.252,44120,2,561,280.5,393.8585,559,2,44864,11216.0,21937.416,44120,3,0,0,0,0,72,112,66.80622,111.3437,0,7300,1292.5555,2662.265,7087654.5,0,0,0,1,0,0,0,0,1,1454.125,8.666667,2321.4,72,0,0,0,0,0,0,3,26,5,11607,8192,229,2,20,0.0,0.0,0,0,0.0,0.0,0,0,DDoS
80,12969,2,1,12,0,6,6,6.0,0.0,0,0,0.0,0.0,925.2834,231.32085,6484.5,9161.982,12963,6,12969,12969.0,0.0,12969,12969,0,0.0,0.0,0,0,0,0,0,0,40,32,154.2139,77.10695,0,6,4.5,3.0,9.0,1,0,0,0,0,0,0,0,0,6.0,6.0,0.0,40,0,0,0,0,0,0,2,12,1,0,0,235,1,20,0.0,0.0,0,0,0.0,0.0,0,0,DoS Hulk
2042,124,1,1,2,6,2,2,2.0,0.0,6,6,6.0,0.0,64516.13,16129.032,124.0,0.0,124,124,0,0.0,0.0,0,0,0,0.0,0.0,0,0,0,0,0,0,24,20,8064.516,8064.516,2,6,3.3333333,2.309401,5.3333335,0,0,0,1,0,0,0,0,1,5.0,2.0,6.0,24,0,0,0,0,0,0,1,2,1,6,1024,0,0,24,0.0,0.0,0,0,0.0,0.0,0,0,PortScan
443,92020,9,8,529,5275,193,0,58.77778,82.6223,3449,0,659.375,1231.4426,63073.246,184.74245,5751.25,9348.181,26312,1,92019,11502.375,11301.354,28253,49,66209,9458.429,13517.567,31031,3,0,0,0,0,192,172,97.804825,86.93762,0,3449,322.44446,850.8679,723976.25,0,0,0,1,0,0,0,0,0,341.41177,58.77778,659.375,192,0,0,0,0,0,0,9,529,8,5275,8192,290,8,20,0.0,0.0,0,0,0.0,0.0,0,0,BENIGN
80,89961788,9,4,62,11607,20,0,6.888889,5.3019915,11595,0,2901.75,5795.5005,129.71063,0.1445058,7496815.5,24000000.0,83400000,1,89400000,11200000.0,29300000.0,83400000,1,524161,174720.33,300640.47,521870,997,0,0,0,0,192,92,0.10004248,0.04446332,0,11595,833.9286,3097.2527,9592975.0,0,0,0,0,1,0,0,0,0,898.0769,6.888889,2901.75,192,0,0,0,0,0,0,9,62,4,11607,256,229,7,20,1990.0,0.0,1990,1990,44700000.0,54700000.0,83400000,6053879,DDoS
80,1657720,3,4,26,11601,20,0,8.666667,10.263203,8760,0,2900.25,4128.3193,7013.8506,4.222667,276286.66,673172.9,1650385,104,6848,3424.0,4649.934,6712,136,1657616,552538.7,950768.3,1650385,381,0,0,0,0,72,92,1.8097146,2.4129527,0,8760,1453.375,3113.9526,9696701.0,0,0,0,1,0,0,0,0,1,1661.0,8.666667,2900.25,72,0,0,0,0,0,0,3,26,4,11601,8192,229,2,20,0.0,0.0,0,0,0.0,0.0,0,0,DDoS
80,63147010,7,0,0,0,0,0,0.0,0.0,0,0,0.0,0.0,0.0,0.110852435,10500000.0,11900000.0,32100000,999761,63100000,10500000.0,11900000.0,32100000,999761,0,0.0,0.0,0,0,0,0,0,0,280,0,0.110852435,0.0,0,0,0.0,0.0,0.0,0,0,0,1,0,0,0,0,0,0.0,0.0,0.0,280,0,0,0,0,0,0,7,0,0,0,29200,-1,0,40,7011643.0,0.0,7011643,7011643,18700000.0,12300000.0,32100000,8007998,DoS Slowhttptest
80,98739830,6,6,348,11595,348,0,58.0,142.0704,4344,0,1932.5,1977.8129,120.95423,0.1215315,8976348.0,29800000.0,98700000,1,98700000,19700000.0,44100000.0,98700000,1,31574,6314.8,8845.883,19119,54,0,0,0,0,200,200,0.06076575,0.06076575,0,4344,918.6923,1610.2593,2592935.0,0,0,0,0,1,0,0,0,1,995.25,58.0,1932.5,200,0,0,0,0,0,0,6,348,6,11595,274,235,1,32,6.0,0.0,6,6,98700000.0,0.0,98700000,98700000,DoS Hulk
80,153973,3,4,26,11607,20,0,8.666667,10.263203,11595,0,2901.75,5795.5005,75552.21,45.462517,25662.166,62184.844,152595,46,1106,553.0,496.38895,904,202,153927,51309.0,87717.58,152595,183,0,0,0,0,72,92,19.483936,25.97858,0,11595,1454.125,4097.5376,16800000.0,0,0,0,1,0,0,0,0,1,1661.8572,8.666667,2901.75,72,0,0,0,0,0,0,3,26,4,11607,8192,229,2,20,0.0,0.0,0,0,0.0,0.0,0,0,DDoS
80,83290322,7,7,364,11595,364,0,52.0,137.57907,4344,0,1656.4286,1547.7377,143.5821,0.16808675,6406948.0,23100000.0,83100000,1,83200000,13900000.0,33900000.0,83100000,1,148591,24765.166,54311.684,135130,48,0,0,0,0,232,232,0.084043376,0.084043376,0,4344,797.26666,1314.1327,1726944.6,0,0,0,0,1,0,0,0,1,854.2143,52.0,1656.4286,232,0,0,0,0,0,0,7,364,7,11595,251,235,1,32,988.0,0.0,988,988,83100000.0,0.0,83100000,83100000,DoS Hulk
80,86507687,7,6,352,11595,352,0,50.285713,133.04349,5792,0,1932.5,2537.82,138.10333,0.15027566,7208974.0,24700000.0,85500000,1,86500000,14400000.0,34800000.0,85500000,1,1316,263.2,326.4042,833,48,0,0,0,0,240,200,0.080917664,0.069358,0,5792,853.3571,1850.9631,3426064.5,0,0,0,0,1,0,0,0,0,919.0,50.285713,1932.5,240,0,0,0,0,0,0,7,352,6,11595,274,235,1,32,4.0,0.0,4,4,85500000.0,0.0,85500000,85500000,DoS Hulk
53,31079,1,1,54,82,54,54,54.0,0.0,82,82,82.0,0.0,4375.9453,64.352135,31079.0,0.0,31079,31079,0,0.0,0.0,0,0,0,0.0,0.0,0,0,0,0,0,0,40,20,32.176067,32.176067,54,82,63.333332,16.165808,261.33334,0,0,0,0,0,0,0,0,1,95.0,54.0,82.0,40,0,0,0,0,0,0,1,54,1,82,-1,-1,0,40,0.0,0.0,0,0,0.0,0.0,0,0,BENIGN
443,5189970,5,1,123,46,46,0,24.6,23.276598,46,46,46.0,0.0,32.56281,1.1560761,1037994.0,2258850.2,5078570,4,5189970,1297492.5,2521043.2,5078570,4,0,0.0,0.0,0,0,1,0,0,0,100,20,0.9633967,0.19267935,0,46,30.714285,21.684975,470.2381,0,1,0,0,1,0,0,0,0,35.833332,24.6,46.0,100,0,0,0,0,0,0,5,123,1,46,328,368,2,20,93434.0,0.0,93434,93434,5078570.0,0.0,5078570,5078570,BENIGN
4126,51,1,1,0,6,0,0,0.0,0.0,6,6,6.0,0.0,117647.06,39215.688,51.0,0.0,51,51,0,0.0,0.0,0,0,0,0.0,0.0,0,0,0,0,0,0,40,20,19607.844,19607.844,0,6,2.0,3.4641016,12.0,0,0,0,1,0,0,0,0,1,3.0,0.0,6.0,40,0,0,0,0,0,0,1,0,1,6,29200,0,0,40,0.0,0.0,0,0,0.0,0.0,0,0,PortScan
53,166,2,2,88,188,44,44,44.0,0.0,94,94,94.0,0.0,1662650.6,24096.385,55.333332,88.91194,158,4,4,4.0,0.0,4,4,4,4.0,0.0,4,4,0,0,0,0,64,64,12048.192,12048.192,44,94,64.0,27.386127,750.0,0,0,0,0,0,0,0,0,1,80.0,44.0,94.0,64,0,0,0,0,0,0,2,88,2,188,-1,-1,1,32,0.0,0.0,0,0,0.0,0.0,0,0,BENIGN
3905,53,1,1,0,6,0,0,0.0,0.0,6,6,6.0,0.0,113207.55,37735.848,53.0,0.0,53,53,0,0.0,0.0,0,0,0,0.0,0.0,0,0,0,0,0,0,40,20,18867.924,18867.924,0,6,2.0,3.4641016,12.0,0,0,0,1,0,0,0,0,1,3.0,0.0,6.0,40,0,0,0,0,0,0,1,0,1,6,29200,0,0,40,0.0,0.0,0,0,0.0,0.0,0,0,PortScan
53409,75,2,1,0,0,0,0,0.0,0.0,0,0,0.0,0.0,0.0,40000.0,37.5,47.376156,71,4,4,4.0,0.0,4,4,0,0.0,0.0,0,0,0,0,0,0,64,32,26666.666,13333.333,0,0,0.0,0.0,0.0,0,0,0,0,1,1,0,0,0,0.0,0.0,0.0,64,0,0,0,0,0,0,2,0,1,0,362,32832,0,32,0.0,0.0,0,0,0.0,0.0,0,0,BENIGN
53,195817,4,2,124,236,31,31,31.0,0.0,118,118,118.0,0.0,1838.4512,30.640854,39163.4,53706.613,102162,3,93651,31217.0,54064.234,93645,3,4,4.0,0.0,4,4,0,0,0,0,80,40,20.427237,10.213618,31,118,55.857143,42.451653,1802.1428,0,0,0,0,0,0,0,0,0,65.166664,31.0,118.0,80,0,0,0,0,0,0,4,124,2,236,-1,-1,3,20,0.0,0.0,0,0,0.0,0.0,0,0,BENIGN
9415,47,1,1,2,6,2,2,2.0,0.0,6,6,6.0,0.0,170212.77,42553.19,47.0,0.0,47,47,0,0.0,0.0,0,0,0,0.0,0.0,0,0,0,0,0,0,24,20,21276.596,21276.596,2,6,3.3333333,2.309401,5.3333335,0,0,0,1,0,0,0,0,1,5.0,2.0,6.0,24,0,0,0,0,0,0,1,2,1,6,1024,0,0,24,0.0,0.0,0,0,0.0,0.0,0,0,PortScan
80,1040833,3,5,26,11601,20,0,8.666667,10.263203,7300,0,2320.2,3022.508,11170.86,7.6861515,148690.42,387356.3,1027070,33,13208,6604.0,8513.565,12624,584,1040780,260195.0,511286.3,1027070,176,0,0,0,0,72,112,2.8823068,4.8038445,0,7300,1291.8889,2460.653,6054813.0,0,0,0,1,0,0,0,0,1,1453.375,8.666667,2320.2,72,0,0,0,0,0,0,3,26,5,11601,8192,229,2,20,0.0,0.0,0,0,0.0,0.0,0,0,DDoS
80,5219517,5,5,403,1102,391,0,80.6,173.5448,545,0,220.4,296.32803,288.34085,1.915886,579946.3,1553203.2,4717699,37,501818,125454.5,152529.2,349093,8155,5133702,1283425.5,2291941.0,4717790,39408,0,0,0,0,124,112,0.957943,0.957943,0,545,136.81818,232.62924,54116.363,0,0,0,1,0,0,0,0,1,150.5,80.6,220.4,124,0,0,0,0,0,0,5,403,5,1102,8192,60,3,20,0.0,0.0,0,0,0.0,0.0,0,0,BENIGN
80,144585,3,6,409,11595,409,0,136.33333,236.13626,4344,0,1932.5,1754.8314,83023.83,62.24712,18073.125,46263.113,132198,48,12015,6007.5,7056.2188,10997,1018,144433,28886.6,57980.293,132198,48,0,0,0,0,104,200,20.74904,41.49808,0,4344,1200.4,1618.0298,2618020.5,0,0,0,1,0,0,0,0,2,1333.7778,136.33333,1932.5,104,0,0,0,0,0,0,3,409,6,11595,29200,235,1,32,0.0,0.0,0,0,0.0,0.0,0,0,DoS Hulk
43095,4,2,0,0,0,0,0,0.0,0.0,0,0,0.0,0.0,0.0,500000.0,4.0,0.0,4,4,4,4.0,0.0,4,4,0,0.0,0.0,0,0,0,0,0,0,64,0,500000.0,0.0,0,0,0.0,0.0,0.0,0,0,0,0,1,0,0,0,0,0.0,0.0,0.0,64,0,0,0,0,0,0,2,0,0,0,340,-1,0,32,0.0,0.0,0,0,0.0,0.0,0,0,BENIGN
80,40043,2,4,20,11601,20,0,10.0,14.142136,8760,0,2900.25,4128.3193,290213.03,149.83893,8008.6,11996.888,27217,77,12562,12562.0,0.0,12562,12562,39954,13318.0,13531.355,27217,187,0,0,0,0,52,92,49.94631,99.89262,0,8760,1660.1428,3303.6025,10900000.0,0,0,0,1,0,0,0,0,2,1936.8334,10.0,2900.25,52,0,0,0,0,0,0,2,20,4,11601,8192,229,1,20,0.0,0.0,0,0,0.0,0.0,0,0,DDoS
80,98713689,6,6,384,11595,366,0,64.0,147.97838,4344,0,1932.5,1754.8314,121.35095,0.12156369,8973972.0,29700000.0,98600000,3,98700000,19700000.0,44100000.0,98600000,3,51463,10292.6,17355.498,40161,34,0,0,0,0,164,200,0.060781844,0.060781844,0,4344,921.9231,1496.9235,2240779.8,1,0,0,0,0,0,0,0,1,998.75,64.0,1932.5,164,0,0,0,0,0,0,6,384,6,11595,0,235,3,20,17007.0,0.0,17007,17007,98600000.0,0.0,98600000,98600000,DoS Hulk
80,346225,3,4,26,11607,20,0,8.666667,10.263203,11595,0,2901.75,5795.5005,33599.54,20.218067,57704.168,140928.05,345372,4,801,400.5,345.7752,645,156,346179,115393.0,199168.06,345372,4,0,0,0,0,72,92,8.6648855,11.553181,0,11595,1454.125,4097.5376,16800000.0,0,0,0,1,0,0,0,0,1,1661.8572,8.666667,2901.75,72,0,0,0,0,0,0,3,26,4,11607,8192,229,2,20,0.0,0.0,0,0,0.0,0.0,0,0,DDoS
1658,31,1,1,2,6,2,2,2.0,0.0,6,6,6.0,0.0,258064.52,64516.13,31.0,0.0,31,31,0,0.0,0.0,0,0,0,0.0,0.0,0,0,0,0,0,0,24,20,32258.064,32258.064,2,6,3.3333333,2.309401,5.3333335,0,0,0,1,0,0,0,0,1,5.0,2.0,6.0,24,0,0,0,0,0,0,1,2,1,6,1024,0,0,24,0.0,0.0,0,0,0.0,0.0,0,0,PortScan
2260,34,1,1,0,6,0,0,0.0,0.0,6,6,6.0,0.0,176470.6,58823.53,34.0,0.0,34,34,0,0.0,0.0,0,0,0,0.0,0.0,0,0,0,0,0,0,40,20,29411.766,29411.766,0,6,2.0,3.4641016,12.0,0,0,0,1,0,0,0,0,1,3.0,0.0,6.0,40,0,0,0,0,0,0,1,0,1,6,29200,0,0,40,0.0,0.0,0,0,0.0,0.0,0,0,PortScan
80,469,3,0,0,0,0,0,0.0,0.0,0,0,0.0,0.0,0.0,6396.5884,234.5,23.334524,251,218,469,234.5,23.334524,251,218,0,0.0,0.0,0,0,0,0,0,0,96,0,6396.5884,0.0,0,0,0.0,0.0,0.0,0,0,0,0,1,0,0,0,0,0.0,0.0,0.0,96,0,0,0,0,0,0,3,0,0,0,251,-1,0,32,0.0,0.0,0,0,0.0,0.0,0,0,DoS Hulk
16016,68,1,1,2,6,2,2,2.0,0.0,6,6,6.0,0.0,117647.06,29411.766,68.0,0.0,68,68,0,0.0,0.0,0,0,0,0.0,0.0,0,0,0,0,0,0,24,20,14705.883,14705.883,2,6,3.3333333,2.309401,5.3333335,0,0,0,1,0,0,0,0,1,5.0,2.0,6.0,24,0,0,0,0,0,0,1,2,1,6,1024,0,0,24,0.0,0.0,0,0,0.0,0.0,0,0,PortScan
80,145020,6,0,36,0,6,6,6.0,0.0,0,0,0.0,0.0,248.24162,41.373604,29004.0,63603.766,142773,48,145020,29004.0,63603.766,142773,48,0,0.0,0.0,0,0,0,0,0,0,120,0,41.373604,0.0,6,6,6.0,0.0,0.0,0,0,0,0,1,0,0,0,0,7.0,6.0,0.0,120,0,0,0,0,0,0,6,36,0,0,256,-1,5,20,0.0,0.0,0,0,0.0,0.0,0,0,DDoS
18555,9450,3,0,18,0,6,6,6.0,0.0,0,0,0.0,0.0,1904.762,317.46033,4725.0,6677.9165,9447,3,9450,4725.0,6677.9165,9447,3,0,0.0,0.0,0,0,0,0,0,0,60,0,317.46033,0.0,6,6,6.0,0.0,0.0,0,0,0,0,1,0,0,0,0,8.0,6.0,0.0,60,0,0,0,0,0,0,3,18,0,0,373,-1,2,20,0.0,0.0,0,0,0.0,0.0,0,0,BENIGN
1088,53,1,1,0,6,0,0,0.0,0.0,6,6,6.0,0.0,113207.55,37735.848,53.0,0.0,53,53,0,0.0,0.0,0,0,0,0.0,0.0,0,0,0,0,0,0,40,20,18867.924,18867.924,0,6,2.0,3.4641016,12.0,0,0,0,1,0,0,0,0,1,3.0,0.0,6.0,40,0,0,0,0,0,0,1,0,1,6,29200,0,0,40,0.0,0.0,0,0,0.0,0.0,0,0,PortScan
80,98712684,8,6,338,11595,338,0,42.25,119.501045,5792,0,1932.5,2181.0083,120.886185,0.14182575,7593283.5,27400000.0,98700000,1,98700000,14100000.0,37300000.0,98700000,1,17463,3492.6,4989.96,11145,45,0,0,0,0,264,200,0.08104328,0.060782462,0,5792,795.5333,1621.5615,2629461.8,0,0,0,0,1,0,0,0,0,852.3571,42.25,1932.5,264,0,0,0,0,0,0,8,338,6,11595,274,235,1,32,1010.0,0.0,1010,1010,98700000.0,0.0,98700000,98700000,DoS Hulk
2035,3,2,0,4,0,2,2,2.0,0.0,0,0,0.0,0.0,1333333.4,666666.7,3.0,0.0,3,3,3,3.0,0.0,3,3,0,0.0,0.0,0,0,0,0,0,0,48,0,666666.7,0.0,2,2,2.0,0.0,0.0,0,0,0,1,0,0,0,0,0,3.0,2.0,0.0,48,0,0,0,0,0,0,2,4,0,0,1024,-1,1,24,0.0,0.0,0,0,0.0,0.0,0,0,BENIGN
21,273,2,1,14,0,14,0,7.0,9.899495,0,0,0.0,0.0,51282.05,10989.011,136.5,123.74369,224,49,273,273.0,0.0,273,273,0,0.0,0.0,0,0,1,0,0,0,64,20,7326.0073,3663.0037,0,14,7.0,8.082904,65.333336,0,1,0,0,1,0,0,0,0,9.333333,7.0,0.0,64,0,0,0,0,0,0,2,14,1,0,229,0,0,32,0.0,0.0,0,0,0.0,0.0,0,0,FTP-Patator
53,48297,2,2,70,192,35,35,35.0,0.0,96,96,96.0,0.0,5424.7676,82.82088,16099.0,27878.225,48290,3,3,3.0,0.0,3,3,4,4.0,0.0,4,4,0,0,0,0,64,40,41.41044,41.41044,35,96,59.4,33.411076,1116.3,0,0,0,0,0,0,0,0,1,74.25,35.0,96.0,64,0,0,0,0,0,0,2,70,2,192,-1,-1,1,32,0.0,0.0,0,0,0.0,0.0,0,0,BENIGN
80,10981,3,1,18,0,6,6,6.0,0.0,0,0,0.0,0.0,1639.195,364.26556,3660.3333,6339.017,10980,0,10981,5490.5,7763.325,10980,1,0,0.0,0.0,0,0,0,0,0,0,60,32,273.19916,91.06639,0,6,4.8,2.6832817,7.2,1,0,0,0,0,0,0,0,0,6.0,6.0,0.0,60,0,0,0,0,0,0,3,18,1,0,0,235,2,20,0.0,0.0,0,0,0.0,0.0,0,0,DoS Hulk
47910,58,1,1,6,6,6,6,6.0,0.0,6,6,6.0,0.0,206896.55,34482.758,58.0,0.0,58,58,0,0.0,0.0,0,0,0,0.0,0.0,0,0,0,0,0,0,20,20,17241.379,17241.379,6,6,6.0,0.0,0.0,0,0,0,0,1,1,0,0,1,9.0,6.0,6.0,20,0,0,0,0,0,0,1,6,1,6,127,237,0,20,0.0,0.0,0,0,0.0,0.0,0,0,BENIGN
53,40370,4,4,160,224,40,40,40.0,0.0,56,56,56.0,0.0,9512.014,198.16696,5767.143,15058.984,39917,1,40095,13365.0,23136.734,40081,4,40251,13417.0,23195.637,40201,1,0,0,0,0,80,80,99.08348,99.08348,40,56,47.11111,8.43274,71.111115,0,0,0,0,0,0,0,0,1,53.0,40.0,56.0,80,0,0,0,0,0,0,4,160,4,224,-1,-1,3,20,0.0,0.0,0,0,0.0,0.0,0,0,BENIGN
80,2999799,8,1,1780,0,356,0,222.5,184.2475,0,0,0.0,0.0,593.3731,3.000201,374974.88,488064.2,1370534,4,2999799,428542.72,501124.4,1370534,4,0,0.0,0.0,0,0,0,0,0,0,264,40,2.6668453,0.33335567,0,356,178.0,187.62848,35204.445,0,0,0,1,0,0,0,0,0,197.77777,222.5,0.0,264,0,0,0,0,0,0,8,1780,1,0,29200,28960,5,32,0.0,0.0,0,0,0.0,0.0,0,0,DoS Slowhttptest
80,98913584,7,7,316,11595,316,0,45.142857,119.436775,4344,0,1656.4286,1946.2748,120.41824,0.14153768,7608737.0,27400000.0,98900000,0,98900000,16500000.0,40400000.0,98900000,0,31282,5213.6665,8943.388,21990,56,0,0,0,0,232,232,0.07076884,0.07076884,0,4344,794.06665,1525.4022,2326852.0,0,0,0,0,1,0,0,0,1,850.7857,45.142857,1656.4286,232,0,0,0,0,0,0,7,316,7,11595,274,235,1,32,995.0,0.0,995,995,98900000.0,0.0,98900000,98900000,DoS Hulk
64750,215,2,0,12,0,6,6,6.0,0.0,0,0,0.0,0.0,55813.953,9302.325,215.0,0.0,215,215,215,215.0,0.0,215,215,0,0.0,0.0,0,0,0,0,0,0,40,0,9302.325,0.0,6,6,6.0,0.0,0.0,0,0,0,0,1,0,0,0,0,9.0,6.0,0.0,40,0,0,0,0,0,0,2,12,0,0,705,-1,1,20,0.0,0.0,0,0,0.0,0.0,0,0,BENIGN
80,84633847,7,6,293,11595,293,0,41.857143,110.74359,5792,0,1932.5,2537.82,140.4639,0.15360285,7052820.5,24100000.0,83600000,1,84600000,14100000.0,34100000.0,83600000,1,1347,269.4,358.69247,901,49,0,0,0,0,240,200,0.08270922,0.07089362,0,5792,849.1429,1852.2592,3430864.0,0,0,0,0,1,0,0,0,0,914.46155,41.857143,1932.5,240,0,0,0,0,0,0,7,293,6,11595,274,235,1,32,6.0,0.0,6,6,83600000.0,0.0,83600000,83600000,DoS Hulk
80,11864575,7,5,292,11632,292,0,41.714287,110.36562,5840,0,2326.4,3185.5996,1005.0086,1.0114143,1078597.8,2434115.0,6859747,70,6865563,1144260.5,2802125.0,6864074,211,11900000,2966126.2,3507263.5,6859747,183,0,0,0,0,232,168,0.5899916,0.4214226,0,5840,917.2308,2175.643,4733422.5,0,0,0,1,0,0,0,0,0,993.6667,41.714287,2326.4,232,0,0,0,0,0,0,7,292,5,11632,29200,235,1,32,828.0,0.0,828,828,6859747.0,0.0,6859747,6859747,DoS GoldenEye
80,88514859,10,5,376,11595,376,0,37.6,118.90164,5803,0,2319.0,3175.4238,135.24283,0.16946307,6322490.0,22800000.0,85500000,0,88500000,9834921.0,28400000.0,85500000,0,3125,781.25,1197.9695,2565,7,0,0,0,0,344,168,0.11297538,0.05648769,0,5803,748.1875,1973.2697,3893793.0,0,0,0,0,1,0,0,0,0,798.06665,37.6,2319.0,344,0,0,0,0,0,0,10,376,5,11595,251,235,1,32,3.0,0.0,3,3,85500000.0,0.0,85500000,85500000,DoS Hulk
58080,76,1,1,0,6,0,0,0.0,0.0,6,6,6.0,0.0,78947.37,26315.79,76.0,0.0,76,76,0,0.0,0.0,0,0,0,0.0,0.0,0,0,0,0,0,0,40,20,13157.895,13157.895,0,6,2.0,3.4641016,12.0,0,0,0,1,0,0,0,0,1,3.0,0.0,6.0,40,0,0,0,0,0,0,1,0,1,6,29200,0,0,40,0.0,0.0,0,0,0.0,0.0,0,0,PortScan
44442,42,1,1,2,6,2,2,2.0,0.0,6,6,6.0,0.0,190476.19,47619.047,42.0,0.0,42,42,0,0.0,0.0,0,0,0,0.0,0.0,0,0,0,0,0,0,24,20,23809.523,23809.523,2,6,3.3333333,2.309401,5.3333335,0,0,0,1,0,0,0,0,1,5.0,2.0,6.0,24,0,0,0,0,0,0,1,2,1,6,1024,0,0,24,0.0,0.0,0,0,0.0,0.0,0,0,PortScan
80,84330387,7,8,770,11595,376,0,110.0,181.7324,4344,0,1449.375,1729.3801,146.62567,0.17787182,6023599.0,22400000.0,84000000,1,84200000,14000000.0,34300000.0,84000000,1,84300000,12000000.0,31700000.0,84000000,49,0,0,0,0,196,264,0.08300685,0.09486497,0,4344,773.1875,1377.4031,1897239.1,1,0,0,0,0,0,0,0,1,824.73334,110.0,1449.375,196,0,0,0,0,0,0,7,770,8,11595,0,235,4,20,11007.0,0.0,11007,11007,84000000.0,0.0,84000000,84000000,DoS Hulk
53,83311,1,1,39,249,39,39,39.0,0.0,249,249,249.0,0.0,3456.9265,24.006433,83311.0,0.0,83311,83311,0,0.0,0.0,0,0,0,0.0,0.0,0,0,0,0,0,0,20,32,12.003217,12.003217,39,249,109.0,121.24355,14700.0,0,0,0,0,0,0,0,0,1,163.5,39.0,249.0,20,0,0,0,0,0,0,1,39,1,249,-1,-1,0,20,0.0,0.0,0,0,0.0,0.0,0,0,BENIGN
80,86103292,8,6,347,11595,341,0,43.375,120.276985,5792,0,1932.5,2537.82,138.69388,0.1625954,6623330.0,23600000.0,85100000,2,86100000,12300000.0,32100000.0,85100000,4,1843,368.6,649.58856,1521,2,0,0,0,0,260,200,0.09291166,0.069683746,0,5792,796.13336,1797.1979,3229920.5,0,0,0,0,1,0,0,0,0,853.0,43.375,1932.5,260,0,0,0,0,0,0,8,347,6,11595,251,235,2,20,1972.0,0.0,1972,1972,85100000.0,0.0,85100000,85100000,DoS Hulk
80,10664775,7,6,486,11632,486,0,69.42857,183.69073,4392,0,1938.6666,2190.7188,1136.264,1.2189661,888731.25,2079683.0,5662444,4,5665701,944283.5,2312312.8,5664272,4,10700000,2132946.0,2929620.2,5662444,20,0,0,0,0,232,200,0.6563664,0.5625998,0,4392,865.5714,1670.8822,2791847.5,0,0,0,1,0,0,0,0,0,932.1539,69.42857,1938.6666,232,0,0,0,0,0,0,7,486,6,11632,29200,235,1,32,795.0,0.0,795,795,5662444.0,0.0,5662444,5662444,DoS GoldenEye
80,38092244,2,1,8,0,8,0,4.0,5.656854,0,0,0.0,0.0,0.2100165,0.07875619,19000000.0,26900000.0,38100000,45,38100000,38100000.0,0.0,38100000,38100000,0,0.0,0.0,0,0,1,0,0,0,64,32,0.052504126,0.026252063,0,8,4.0,4.618802,21.333334,0,1,0,0,1,0,0,0,0,5.3333335,4.0,0.0,64,0,0,0,0,0,0,2,8,1,0,229,235,0,32,0.0,0.0,0,0,0.0,0.0,0,0,DoS slowloris
80,63124965,7,0,0,0,0,0,0.0,0.0,0,0,0.0,0.0,0.0,0.11089115,10500000.0,11900000.0,32100000,997550,63100000,10500000.0,11900000.0,32100000,997550,0,0.0,0.0,0,0,0,0,0,0,280,0,0.11089115,0.0,0,0,0.0,0.0,0.0,0,0,0,1,0,0,0,0,0,0.0,0.0,0.0,280,0,0,0,0,0,0,7,0,0,0,29200,-1,0,40,7013269.0,0.0,7013269,7013269,18700000.0,12200000.0,32100000,8016177,DoS Slowhttptest
443,645941,7,3,391,2697,180,0,55.857143,79.449,2691,0,899.0,1551.9204,4780.6226,15.48129,71771.22,136870.0,316384,8,645941,107656.836,159331.02,316697,46,322494,161247.0,227583.73,322173,321,0,0,0,0,160,72,10.836903,4.6443872,0,2691,280.72726,802.1436,643434.44,0,0,0,1,0,0,0,0,0,308.8,55.857143,899.0,160,0,0,0,0,0,0,7,391,3,2697,29200,31,6,20,0.0,0.0,0,0,0.0,0.0,0,0,BENIGN
80,103642549,15,3,2541,6,231,0,169.4,105.73741,6,0,2.0,3.4641016,24.574848,0.17367384,6096620.5,12900000.0,51300000,51,104000000,7403035.5,13900000.0,51300000,590,103000000,51300000.0,28100000.0,71200000,31500000,0,0,0,0,496,100,0.1447282,0.028945642,0,231,134.05263,116.80348,13643.053,0,0,0,1,0,0,0,0,0,141.5,169.4,2.0,496,0,0,0,0,0,0,15,2541,3,6,29200,0,11,32,3706155.0,5240248.0,7411570,740,19200000.0,18800000.0,51300000,5833785,DoS slowloris
53,141,2,2,64,152,32,32,32.0,0.0,76,76,76.0,0.0,1531914.9,28368.795,47.0,77.94228,137,2,2,2.0,0.0,2,2,2,2.0,0.0,2,2,0,0,0,0,40,40,14184.397,14184.397,32,76,49.6,24.099792,580.8,0,0,0,0,0,0,0,0,1,62.0,32.0,76.0,40,0,0,0,0,0,0,2,64,2,152,-1,-1,1,20,0.0,0.0,0,0,0.0,0.0,0,0,BENIGN
53,30662,1,1,42,123,42,42,42.0,0.0,123,123,123.0,0.0,5381.254,65.22732,30662.0,0.0,30662,30662,0,0.0,0.0,0,0,0,0.0,0.0,0,0,0,0,0,0,40,40,32.61366,32.61366,42,123,69.0,46.765373,2187.0,0,0,0,0,0,0,0,0,1,103.5,42.0,123.0,40,0,0,0,0,0,0,1,42,1,123,-1,-1,0,40,0.0,0.0,0,0,0.0,0.0,0,0,BENIGN
80,99999647,2,2,16,0,8,8,8.0,0.0,0,0,0.0,0.0,0.16000056,0.04000014,33300000.0,57700000.0,100000000,40,100000000,100000000.0,0.0,100000000,100000000,100000000,100000000.0,0.0,100000000,100000000,1,0,0,0,64,64,0.02000007,0.02000007,0,8,4.8,4.3817806,19.2,0,1,0,0,1,0,0,0,1,6.0,8.0,0.0,64,0,0,0,0,0,0,2,16,2,0,229,235,1,32,63.0,0.0,63,63,100000000.0,0.0,100000000,100000000,DoS slowloris
3322,12,1,1,0,6,0,0,0.0,0.0,6,6,6.0,0.0,500000.0,166666.67,12.0,0.0,12,12,0,0.0,0.0,0,0,0,0.0,0.0,0,0,0,0,0,0,40,20,83333.336,83333.336,0,6,2.0,3.4641016,12.0,0,0,0,1,0,0,0,0,1,3.0,0.0,6.0,40,0,0,0,0,0,0,1,0,1,6,29200,0,0,40,0.0,0.0,0,0,0.0,0.0,0,0,PortScan
80,103399175,8,6,386,11595,368,0,48.25,129.23262,4355,0,1932.5,2182.4683,115.87133,0.1353976,7953782.5,27800000.0,100000000,2,103000000,14800000.0,37800000.0,100000000,4,1564,312.8,377.13022,926,2,0,0,0,0,244,200,0.077370055,0.058027543,0,4355,799.13336,1620.836,2627109.5,1,0,0,0,0,0,0,0,0,856.2143,48.25,1932.5,244,0,0,0,0,0,0,8,386,6,11595,0,235,3,20,9006.0,0.0,9006,9006,100000000.0,0.0,100000000,100000000,DoS Hulk
80,97993766,7,6,349,11595,349,0,49.857143,131.9096,7240,0,1932.5,2695.6392,121.88531,0.1326615,8166147.0,28300000.0,98000000,3,98000000,16300000.0,40000000.0,98000000,3,11368,2273.6,3795.1357,8880,72,0,0,0,0,232,200,0.07143311,0.061228383,0,7240,853.1429,1934.933,3743965.5,0,0,0,0,1,0,0,0,0,918.7692,49.857143,1932.5,232,0,0,0,0,0,0,7,349,6,11595,274,235,1,32,161.0,0.0,161,161,98000000.0,0.0,98000000,98000000,DoS Hulk
55442,3,2,0,12,0,6,6,6.0,0.0,0,0,0.0,0.0,4000000.0,666666.7,3.0,0.0,3,3,3,3.0,0.0,3,3,0,0.0,0.0,0,0,0,0,0,0,40,0,666666.7,0.0,6,6,6.0,0.0,0.0,0,0,0,0,1,0,0,0,0,9.0,6.0,0.0,40,0,0,0,0,0,0,2,12,0,0,360,-1,1,20,0.0,0.0,0,0,0.0,0.0,0,0,BENIGN
80,567,3,0,0,0,0,0,0.0,0.0,0,0,0.0,0.0,0.0,5291.0054,283.5,54.447224,322,245,567,283.5,54.447224,322,245,0,0.0,0.0,0,0,0,0,0,0,96,0,5291.0054,0.0,0,0,0.0,0.0,0.0,0,0,0,0,1,0,0,0,0,0.0,0.0,0.0,96,0,0,0,0,0,0,3,0,0,0,251,-1,0,32,0.0,0.0,0,0,0.0,0.0,0,0,DoS Hulk
443,226955,13,11,982,4490,390,0,75.53846,113.40239,1430,0,408.18182,552.2399,24110.506,105.74783,9867.608,15136.29,45139,3,226955,18912.916,19951.777,47055,3,185697,18569.7,27811.422,82214,4,0,0,0,0,272,232,57.28008,48.46776,0,1430,218.88,403.79526,163050.61,0,0,0,1,0,0,0,0,0,228.0,75.53846,408.18182,272,0,0,0,0,0,0,13,982,11,4490,8192,360,12,20,0.0,0.0,0,0,0.0,0.0,0,0,BENIGN
80,8786,2,0,12,0,6,6,6.0,0.0,0,0,0.0,0.0,1365.8092,227.63487,8786.0,0.0,8786,8786,8786,8786.0,0.0,8786,8786,0,0.0,0.0,0,0,0,0,0,0,40,0,227.63487,0.0,6,6,6.0,0.0,0.0,0,0,0,0,1,0,0,0,0,9.0,6.0,0.0,40,0,0,0,0,0,0,2,12,0,0,254,-1,1,20,0.0,0.0,0,0,0.0,0.0,0,0,BENIGN
80,85214301,8,6,361,11595,361,0,45.125,127.632774,7240,0,1932.5,2845.8357,140.30508,0.16429166,6554946.0,23600000.0,85100000,1,85100000,12200000.0,32100000.0,85100000,1,152617,30523.4,59996.16,137235,65,0,0,0,0,264,200,0.09388095,0.07041071,0,7240,797.06665,1954.881,3821559.5,0,0,0,0,1,0,0,0,0,854.0,45.125,1932.5,264,0,0,0,0,0,0,8,361,6,11595,274,235,1,32,994.0,0.0,994,994,85100000.0,0.0,85100000,85100000,DoS Hulk
443,117940950,15,14,963,4236,309,0,64.2,92.30323,1410,0,302.57144,501.48743,44.081383,0.24588576,4212177.0,15400000.0,58900000,3,118000000,8424354.0,21300000.0,58900000,86,118000000,9065199.0,22100000.0,59000000,3,0,0,0,0,312,292,0.12718229,0.11870347,0,1410,173.3,363.46866,132109.45,0,0,0,1,0,0,0,0,0,179.27586,64.2,302.57144,312,0,0,0,0,0,0,15,963,14,4236,8192,123,14,20,133242.5,74610.375,186000,80485,58800000.0,203535.73,58900000,58600000,BENIGN
53,597924,2,2,80,112,40,40,40.0,0.0,56,56,56.0,0.0,321.11105,6.6898136,199308.0,345003.75,597684,49,191,191.0,0.0,191,191,49,49.0,0.0,49,49,0,0,0,0,64,40,3.3449068,3.3449068,40,56,46.4,8.763561,76.8,0,0,0,0,0,0,0,0,1,58.0,40.0,56.0,64,0,0,0,0,0,0,2,80,2,112,-1,-1,1,32,0.0,0.0,0,0,0.0,0.0,0,0,BENIGN
80,8037923,8,4,56,11607,20,0,7.0,5.656854,11595,0,2901.75,5795.5005,1450.9967,1.492923,730720.25,1861672.1,6079782,33,7970344,1138620.6,2289543.0,6079782,146,68722,22907.334,38039.65,66830,608,0,0,0,0,172,92,0.995282,0.497641,0,11595,897.61536,3214.1675,10300000.0,0,0,0,0,1,0,0,0,0,972.4167,7.0,2901.75,172,0,0,0,0,0,0,8,56,4,11607,256,229,6,20,1889386.0,0.0,1889386,1889386,6079782.0,0.0,6079782,6079782,DDoS
35492,31,1,1,0,0,0,0,0.0,0.0,0,0,0.0,0.0,0.0,64516.13,31.0,0.0,31,31,0,0.0,0.0,0,0,0,0.0,0.0,0,0,0,0,0,0,32,32,32258.064,32258.064,0,0,0.0,0.0,0.0,0,0,0,0,1,1,0,0,1,0.0,0.0,0.0,32,0,0,0,0,0,0,1,0,1,0,116,319,0,32,0.0,0.0,0,0,0.0,0.0,0,0,BENIGN
80,84649131,5,6,314,11595,302,0,62.8,133.75052,10136,0,1932.5,4060.2458,140.68661,0.12994817,8464913.0,26700000.0,84500000,48,84500000,21100000.0,42200000.0,84500000,48,84600000,16900000.0,37800000.0,84500000,86,0,0,0,0,144,200,0.059067354,0.07088082,0,10136,992.9167,2909.171,8463276.0,1,0,0,0,0,0,0,0,1,1083.1818,62.8,1932.5,144,0,0,0,0,0,0,5,314,6,11595,0,235,2,20,10990.0,0.0,10990,10990,84500000.0,0.0,84500000,84500000,DoS Hulk
53,187,2,2,64,96,32,32,32.0,0.0,48,48,48.0,0.0,855615.0,21390.375,62.333332,104.5004,183,2,2,2.0,0.0,2,2,2,2.0,0.0,2,2,0,0,0,0,64,64,10695.1875,10695.1875,32,48,38.4,8.763561,76.8,0,0,0,0,0,0,0,0,1,48.0,32.0,48.0,64,0,0,0,0,0,0,2,64,2,96,-1,-1,1,32,0.0,0.0,0,0,0.0,0.0,0,0,BENIGN
80,11207708,4,0,24,0,6,6,6.0,0.0,0,0,0.0,0.0,2.1413834,0.35689723,3735902.8,6469051.5,11200000,987,11200000,3735902.8,6469051.5,11200000,987,0,0.0,0.0,0,0,0,0,0,0,80,0,0.35689723,0.0,6,6,6.0,0.0,0.0,0,0,0,0,1,0,0,0,0,7.5,6.0,0.0,80,0,0,0,0,0,0,4,24,0,0,256,-1,3,20,1988.0,0.0,1988,1988,11200000.0,0.0,11200000,11200000,DDoS
21,238,2,1,14,0,14,0,7.0,9.899495,0,0,0.0,0.0,58823.53,12605.042,119.0,46.66905,152,86,238,238.0,0.0,238,238,0,0.0,0.0,0,0,1,0,0,0,64,20,8403.361,4201.6807,0,14,7.0,8.082904,65.333336,0,1,0,0,1,0,0,0,0,9.333333,7.0,0.0,64,0,0,0,0,0,0,2,14,1,0,229,0,0,32,0.0,0.0,0,0,0.0,0.0,0,0,FTP-Patator
80,78432007,8,4,56,11601,20,0,7.0,5.656854,10135,0,2900.25,4871.8257,148.62555,0.15299876,7130182.5,20500000.0,68600000,17,76700000,11000000.0,25600000.0,68600000,17,1788847,596282.3,1014513.3,1767680,195,0,0,0,0,172,92,0.10199918,0.050999586,0,10135,897.1539,2804.565,7865584.0,0,0,0,0,1,0,0,0,0,971.9167,7.0,2900.25,172,0,0,0,0,0,0,8,56,4,11601,256,229,6,20,917.0,0.0,917,917,38300000.0,42800000.0,68600000,8042936,DDoS
443,235339,8,8,761,7258,447,0,95.125,159.7493,1508,0,907.25,730.5471,34074.25,67.98703,15689.267,29580.934,112128,4,201358,28765.428,39829.71,112128,221,202846,28978.0,55807.125,151160,4,0,0,0,0,264,260,33.993515,33.993515,0,1508,471.70587,651.3992,424320.84,0,0,0,1,0,0,0,0,1,501.1875,95.125,907.25,264,0,0,0,0,0,0,8,761,8,7258,29200,31088,3,32,0.0,0.0,0,0,0.0,0.0,0,0,BENIGN
80,10206792,5,0,30,0,6,6,6.0,0.0,0,0,0.0,0.0,2.9392192,0.4898699,2551698.0,5101366.5,10200000,1,10200000,2551698.0,5101366.5,10200000,1,0,0.0,0.0,0,0,0,0,0,0,100,0,0.4898699,0.0,6,6,6.0,0.0,0.0,0,0,0,0,1,0,0,0,0,7.2,6.0,0.0,100,0,0,0,0,0,0,5,30,0,0,256,-1,4,20,3044.0,0.0,3044,3044,10200000.0,0.0,10200000,10200000,DDoS
1095,46,1,1,0,6,0,0,0.0,0.0,6,6,6.0,0.0,130434.78,43478.26,46.0,0.0,46,46,0,0.0,0.0,0,0,0,0.0,0.0,0,0,0,0,0,0,40,20,21739.13,21739.13,0,6,2.0,3.4641016,12.0,0,0,0,1,0,0,0,0,1,3.0,0.0,6.0,40,0,0,0,0,0,0,1,0,1,6,29200,0,0,40,0.0,0.0,0,0,0.0,0.0,0,0,PortScan
80,11236976,5,4,461,3525,461,0,92.2,206.16547,3525,0,881.25,1762.5,354.72177,0.8009272,1404622.0,2619742.5,6230906,18,6236891,1559222.8,3117689.5,6235757,203,11200000,3745652.8,3300397.2,6230906,975,0,0,0,0,168,136,0.44495958,0.35596764,0,3525,398.6,1108.0176,1227702.9,0,0,0,1,0,0,0,0,0,442.8889,92.2,881.25,168,0,0,0,0,0,0,5,461,4,3525,29200,235,1,32,993.0,0.0,993,993,6230906.0,0.0,6230906,6230906,DoS GoldenEye
53,23636,1,1,57,121,57,57,57.0,0.0,121,121,121.0,0.0,7530.8853,84.616684,23636.0,0.0,23636,23636,0,0.0,0.0,0,0,0,0.0,0.0,0,0,0,0,0,0,20,20,42.308342,42.308342,57,121,78.333336,36.950417,1365.3334,0,0,0,0,0,0,0,0,1,117.5,57.0,121.0,20,0,0,0,0,0,0,1,57,1,121,-1,-1,0,20,0.0,0.0,0,0,0.0,0.0,0,0,BENIGN
80,6007784,4,2,0,0,0,0,0.0,0.0,0,0,0.0,0.0,0.0,0.9987044,1201556.8,2054068.8,4756505,55,6007784,2002594.6,2456061.0,4756505,38938,1212375,1212375.0,0.0,1212375,1212375,0,0,0,0,136,80,0.6658029,0.33290145,0,0,0.0,0.0,0.0,0,0,0,1,0,0,0,0,0,0.0,0.0,0.0,136,0,0,0,0,0,0,4,0,2,0,29200,14480,0,32,0.0,0.0,0,0,0.0,0.0,0,0,BENIGN
80,85812470,6,6,378,11595,378,0,63.0,154.31786,5792,0,1932.5,2362.7815,139.52518,0.13983981,7801133.5,25800000.0,85700000,6,85700000,17100000.0,38300000.0,85700000,6,149838,29967.6,59219.85,135356,67,0,0,0,0,200,200,0.06991991,0.06991991,0,5792,921.0,1812.8423,3286397.2,0,0,0,0,1,0,0,0,1,997.75,63.0,1932.5,200,0,0,0,0,0,0,6,378,6,11595,251,235,1,32,385.0,0.0,385,385,85700000.0,0.0,85700000,85700000,DoS Hulk
53,355,2,2,64,216,32,32,32.0,0.0,108,108,108.0,0.0,788732.4,11267.605,118.333336,164.2143,306,1,1,1.0,0.0,1,1,48,48.0,0.0,48,48,0,0,0,0,40,40,5633.8027,5633.8027,32,108,62.4,41.626915,1732.8,0,0,0,0,0,0,0,0,1,78.0,32.0,108.0,40,0,0,0,0,0,0,2,64,2,216,-1,-1,1,20,0.0,0.0,0,0,0.0,0.0,0,0,BENIGN
80,82903026,8,6,336,11595,330,0,42.0,116.38851,4344,0,1932.5,2178.085,143.91513,0.168872,6377156.0,22900000.0,82800000,1,82800000,11800000.0,31300000.0,82800000,1,143323,28664.6,57395.36,130924,46,0,0,0,0,252,200,0.09649829,0.07237372,0,4344,795.4,1620.1108,2624759.0,0,0,0,0,1,0,0,0,0,852.2143,42.0,1932.5,252,0,0,0,0,0,0,8,336,6,11595,274,235,2,20,2724.0,0.0,2724,2724,82800000.0,0.0,82800000,82800000,DoS Hulk
123,23759,1,1,48,48,48,48,48.0,0.0,48,48,48.0,0.0,4040.5742,84.17863,23759.0,0.0,23759,23759,0,0.0,0.0,0,0,0,0.0,0.0,0,0,0,0,0,0,32,32,42.089314,42.089314,48,48,48.0,0.0,0.0,0,0,0,0,0,0,0,0,1,72.0,48.0,48.0,32,0,0,0,0,0,0,1,48,1,48,-1,-1,0,32,0.0,0.0,0,0,0.0,0.0,0,0,BENIGN
80,99428756,6,6,410,11595,392,0,68.333336,158.59088,5792,0,1932.5,2365.4763,120.739716,0.12068943,9038978.0,30000000.0,99400000,2,99400000,19900000.0,44400000.0,99400000,2,99400000,19900000.0,44400000.0,99400000,160,0,0,0,0,164,200,0.060344715,0.060344715,0,5792,923.9231,1812.9464,3286774.8,1,0,0,0,0,0,0,0,1,1000.9167,68.333336,1932.5,164,0,0,0,0,0,0,6,410,6,11595,0,235,3,20,11976.0,0.0,11976,11976,99400000.0,0.0,99400000,99400000,DoS Hulk
80,101623591,11,6,960,11595,320,0,87.27273,149.4718,4344,0,1932.5,1754.8314,123.54415,0.167284,6351474.5,25000000.0,100000000,2,101000000,10100000.0,31600000.0,100000000,2,556389,111277.8,183917.44,423968,16,0,0,0,0,368,200,0.108242586,0.05904141,0,4344,697.5,1314.055,1726740.8,0,0,0,0,1,0,0,0,0,738.5294,87.27273,1932.5,368,0,0,0,0,0,0,11,960,6,11595,274,235,3,32,981.0,0.0,981,981,100000000.0,0.0,100000000,100000000,DoS Hulk
123,71016011,8,8,384,384,48,48,48.0,0.0,48,48,48.0,0.0,10.814463,0.22530131,4734400.5,14245283.0,55971528,16127,70999884,10142841.0,20251990.0,55999989,1999893,70998796,10142685.0,20246782.0,55987655,1992340,0,0,0,0,172,208,0.112650655,0.112650655,48,48,48.0,0.0,0.0,0,0,0,0,0,0,0,0,1,51.0,48.0,48.0,172,0,0,0,0,0,0,8,384,8,384,-1,-1,7,20,15028356.0,0.0,15028356,15028356,55971530.0,0.0,55971528,55971528,BENIGN
53,248,2,2,84,204,42,42,42.0,0.0,102,102,102.0,0.0,1161290.4,16129.032,82.666664,102.27577,198,3,3,3.0,0.0,3,3,47,47.0,0.0,47,47,0,0,0,0,40,40,8064.516,8064.516,42,102,66.0,32.863354,1080.0,0,0,0,0,0,0,0,0,1,82.5,42.0,102.0,40,0,0,0,0,0,0,2,84,2,204,-1,-1,1,20,0.0,0.0,0,0,0.0,0.0,0,0,BENIGN
80,85285224,5,7,350,11595,338,0,70.0,149.84659,4344,0,1656.4286,1947.6382,140.05943,0.14070432,7753202.0,25700000.0,85100000,6,85100000,21300000.0,42600000.0,85100000,6,85300000,14200000.0,34700000.0,85100000,66,0,0,0,0,144,232,0.058626805,0.082077526,0,4344,919.3077,1609.704,2591147.0,1,0,0,0,0,0,0,0,1,995.9167,70.0,1656.4286,144,0,0,0,0,0,0,5,350,7,11595,0,235,2,20,12007.0,0.0,12007,12007,85100000.0,0.0,85100000,85100000,DoS Hulk
80,84743314,10,6,311,11595,305,0,31.1,96.25712,5803,0,1932.5,2539.0752,140.49486,0.18880546,5649554.5,21100000.0,81700000,1,84700000,9415875.0,27100000.0,81700000,1,1175,235.0,337.0319,807,3,0,0,0,0,332,200,0.11800341,0.07080205,0,5803,700.35297,1702.8745,2899781.8,0,0,0,0,1,0,0,0,0,744.125,31.1,1932.5,332,0,0,0,0,0,0,10,311,6,11595,251,235,2,20,3012.0,0.0,3012,3012,81700000.0,0.0,81700000,81700000,DoS Hulk
34573,11,1,1,0,6,0,0,0.0,0.0,6,6,6.0,0.0,545454.56,181818.19,11.0,0.0,11,11,0,0.0,0.0,0,0,0,0.0,0.0,0,0,0,0,0,0,40,20,90909.09,90909.09,0,6,2.0,3.4641016,12.0,0,0,0,1,0,0,0,0,1,3.0,0.0,6.0,40,0,0,0,0,0,0,1,0,1,6,29200,0,0,40,0.0,0.0,0,0,0.0,0.0,0,0,PortScan
80,85422116,8,6,690,11595,345,0,86.25,159.70396,5792,0,1932.5,2181.0083,143.81522,0.16389199,6570932.0,23600000.0,85100000,0,85300000,12200000.0,32100000.0,85100000,0,363447,72689.4,105124.6,229962,47,0,0,0,0,264,200,0.09365256,0.070239425,0,5792,819.0,1611.7417,2597711.2,0,0,0,0,1,0,0,0,0,877.5,86.25,1932.5,264,0,0,0,0,0,0,8,690,6,11595,274,235,2,32,971.0,0.0,971,971,85100000.0,0.0,85100000,85100000,DoS Hulk
80,11558341,8,4,292,11632,292,0,36.5,103.23759,11632,0,2908.0,5816.0,1031.636,1.0382112,1050758.2,2362289.0,6552028,84,6556337,936619.56,2477271.5,6554543,195,11600000,3852752.2,3424318.8,6552028,837,0,0,0,0,264,136,0.6921409,0.34607044,0,11632,917.2308,3220.399,10400000.0,0,0,0,1,0,0,0,0,0,993.6667,36.5,2908.0,264,0,0,0,0,0,0,8,292,4,11632,29200,235,1,32,921.0,0.0,921,921,6552028.0,0.0,6552028,6552028,DoS GoldenEye
53,59649,1,1,47,95,47,47,47.0,0.0,95,95,95.0,0.0,2380.593,33.52948,59649.0,0.0,59649,59649,0,0.0,0.0,0,0,0,0.0,0.0,0,0,0,0,0,0,32,32,16.76474,16.76474,47,95,63.0,27.712812,768.0,0,0,0,0,0,0,0,0,1,94.5,47.0,95.0,32,0,0,0,0,0,0,1,47,1,95,-1,-1,0,32,0.0,0.0,0,0,0.0,0.0,0,0,BENIGN
22,188856,8,9,994,2052,464,0,124.25,209.97194,976,0,228.0,424.3769,16128.69,90.01567,11803.5,31484.736,114672,3,187739,26819.857,49037.023,124369,3,188747,23593.375,42786.633,114801,3,0,0,0,0,184,204,42.360317,47.655357,0,976,169.22223,327.6739,107370.18,0,0,0,1,0,0,0,0,1,179.17647,124.25,228.0,184,0,0,0,0,0,0,8,994,9,2052,8192,237,6,20,0.0,0.0,0,0,0.0,0.0,0,0,BENIGN
80,269927,3,4,26,11607,20,0,8.666667,10.263203,11595,0,2901.75,5795.5005,43096.836,25.932938,44987.832,109693.69,268898,3,957,478.5,672.45856,954,3,269875,89958.336,154967.05,268898,5,0,0,0,0,72,92,11.114116,14.818821,0,11595,1454.125,4097.5376,16800000.0,0,0,0,1,0,0,0,0,1,1661.8572,8.666667,2901.75,72,0,0,0,0,0,0,3,26,4,11607,8192,229,2,20,0.0,0.0,0,0,0.0,0.0,0,0,DDoS
80,5448625,3,1,0,0,0,0,0.0,0.0,0,0,0.0,0.0,0.0,0.73413014,1816208.4,3145026.5,5447772,150,5448625,2724312.5,3851553.2,5447772,853,0,0.0,0.0,0,0,0,0,0,0,104,40,0.5505976,0.18353254,0,0,0.0,0.0,0.0,0,0,0,1,0,0,0,0,0,0.0,0.0,0.0,104,0,0,0,0,0,0,3,0,1,0,29200,28960,0,32,0.0,0.0,0,0,0.0,0.0,0,0,Web Attack - Brute Force
80,99825650,10,6,716,11595,358,0,71.6,150.94606,5792,0,1932.5,2181.0083,123.32502,0.16027945,6655043.5,25700000.0,99500000,1,99700000,11100000.0,33100000.0,99500000,1,359214,71842.8,101556.7,215846,45,0,0,0,0,328,200,0.10017466,0.060104795,0,5792,724.17645,1531.5906,2345769.5,0,0,0,0,1,0,0,0,0,769.4375,71.6,1932.5,328,0,0,0,0,0,0,10,716,6,11595,251,235,2,32,1024.0,0.0,1024,1024,99500000.0,0.0,99500000,99500000,DoS Hulk
53,31983,1,1,56,84,56,56,56.0,0.0,84,84,84.0,0.0,4377.3257,62.533222,31983.0,0.0,31983,31983,0,0.0,0.0,0,0,0,0.0,0.0,0,0,0,0,0,0,20,20,31.266611,31.266611,56,84,65.333336,16.165808,261.33334,0,0,0,0,0,0,0,0,1,98.0,56.0,84.0,20,0,0,0,0,0,0,1,56,1,84,-1,-1,0,20,0.0,0.0,0,0,0.0,0.0,0,0,BENIGN
1503,77,1,1,0,6,0,0,0.0,0.0,6,6,6.0,0.0,77922.08,25974.025,77.0,0.0,77,77,0,0.0,0.0,0,0,0,0.0,0.0,0,0,0,0,0,0,40,20,12987.013,12987.013,0,6,2.0,3.4641016,12.0,0,0,0,1,0,0,0,0,1,3.0,0.0,6.0,40,0,0,0,0,0,0,1,0,1,6,29200,0,0,40,0.0,0.0,0,0,0.0,0.0,0,0,PortScan
80,2264961,4,0,24,0,6,6,6.0,0.0,0,0,0.0,0.0,10.596209,1.7660348,754987.0,1306815.1,2263967,15,2264961,754987.0,1306815.1,2263967,15,0,0.0,0.0,0,0,0,0,0,0,80,0,1.7660348,0.0,6,6,6.0,0.0,0.0,0,0,0,0,1,0,0,0,0,7.5,6.0,0.0,80,0,0,0,0,0,0,4,24,0,0,256,-1,3,20,0.0,0.0,0,0,0.0,0.0,0,0,DDoS
80,98737723,9,6,373,11595,373,0,41.444443,124.333336,5792,0,1932.5,2181.0083,121.21001,0.15191762,7052694.5,26300000.0,98600000,1,98600000,12300000.0,34900000.0,98600000,1,148479,29695.8,59744.383,136170,47,0,0,0,0,296,200,0.091150574,0.060767047,0,5792,748.0,1578.5729,2491892.5,0,0,0,0,1,0,0,0,0,797.86664,41.444443,1932.5,296,0,0,0,0,0,0,9,373,6,11595,251,235,1,32,995.0,0.0,995,995,98600000.0,0.0,98600000,98600000,DoS Hulk
443,62122372,7,2,187,92,46,6,26.714285,20.089087,46,46,46.0,0.0,4.4911356,0.14487535,7765296.5,20500000.0,58500000,3,62100000,10400000.0,23600000.0,58500000,3,59100000,59100000.0,0.0,59100000,59100000,1,0,0,0,140,40,0.11268082,0.03219452,6,46,32.5,18.863544,355.83334,0,1,0,0,1,0,0,0,0,36.11111,26.714285,46.0,140,0,0,0,0,0,0,7,187,2,92,63406,33232,6,20,576917.0,0.0,576917,576917,58500000.0,0.0,58500000,58500000,BENIGN
53,73287822,2,2,122,311,63,59,61.0,2.828427,188,123,155.5,45.96194,5.908212,0.05457933,24400000.0,42200000.0,73200000,1733,73300000,73300000.0,0.0,73300000,73300000,73200000,73200000.0,0.0,73200000,73200000,0,0,0,0,64,52,0.027289663,0.027289663,59,188,98.4,56.98947,3247.8,0,0,0,0,0,0,0,0,1,123.0,61.0,155.5,64,0,0,0,0,0,0,2,122,2,311,-1,-1,1,32,130826.0,0.0,130826,130826,73200000.0,0.0,73200000,73200000,BENIGN
53,41222,2,2,76,206,38,38,38.0,0.0,103,103,103.0,0.0,6841.0073,97.03556,13740.667,23792.605,41214,4,4,4.0,0.0,4,4,4,4.0,0.0,4,4,0,0,0,0,64,40,48.51778,48.51778,38,103,64.0,35.601967,1267.5,0,0,0,0,0,0,0,0,1,80.0,38.0,103.0,64,0,0,0,0,0,0,2,76,2,206,-1,-1,1,32,0.0,0.0,0,0,0.0,0.0,0,0,BENIGN
80,90889154,8,6,56,11601,20,0,7.0,5.656854,5840,0,1933.5,2189.773,128.25513,0.15403378,6991473.5,25100000.0,90400000,1,90500000,12900000.0,34200000.0,90400000,1,458647,91729.4,192548.42,435732,45,0,0,0,0,172,132,0.088019304,0.066014476,0,5840,777.5333,1633.1027,2667024.5,0,0,0,0,1,0,0,0,0,833.0714,7.0,1933.5,172,0,0,0,0,0,0,8,56,6,11601,256,229,6,20,36029.0,0.0,36029,36029,90400000.0,0.0,90400000,90400000,DDoS
80,99641868,9,5,340,11595,340,0,37.77778,113.333336,7240,0,2319.0,3331.6382,119.77897,0.14050318,7664759.0,27600000.0,99500000,3,99500000,12400000.0,35200000.0,99500000,3,143620,35905.0,65135.89,133358,85,0,0,0,0,296,168,0.09032348,0.05017971,0,7240,795.6667,2102.8445,4421955.5,0,0,0,0,1,0,0,0,0,852.5,37.77778,2319.0,296,0,0,0,0,0,0,9,340,5,11595,274,235,1,32,2033.0,0.0,2033,2033,99500000.0,0.0,99500000,99500000,DoS Hulk
80,99172683,8,6,348,11595,342,0,43.5,120.630486,5792,0,1932.5,2181.0083,120.42631,0.14116791,7628668.0,27500000.0,99000000,1,99000000,14100000.0,37400000.0,99000000,1,156473,31294.6,62789.4,143169,44,0,0,0,0,252,200,0.08066738,0.060500532,0,5792,796.2,1621.2716,2628521.8,0,0,0,0,1,0,0,0,0,853.0714,43.5,1932.5,252,0,0,0,0,0,0,8,348,6,11595,251,235,2,20,1998.0,0.0,1998,1998,99000000.0,0.0,99000000,99000000,DoS Hulk
80,146734,3,6,411,11595,411,0,137.0,237.29095,5792,0,1932.5,2362.7815,81821.53,61.335476,18341.75,46630.07,133296,44,13004,6502.0,7783.8315,12006,998,146687,29337.4,58381.28,133296,48,0,0,0,0,104,200,20.44516,40.89032,0,5792,1200.6,2002.097,4008392.8,0,0,0,1,0,0,0,0,2,1334.0,137.0,1932.5,104,0,0,0,0,0,0,3,411,6,11595,29200,235,1,32,0.0,0.0,0,0,0.0,0.0,0,0,DoS Hulk
80,98274598,6,6,394,11595,376,0,65.666664,152.06007,10147,0,1932.5,4065.7344,121.9949,0.122106835,8934054.0,29600000.0,98300000,0,98300000,19700000.0,43900000.0,98300000,0,98300000,19700000.0,43900000.0,98300000,10,0,0,0,0,164,200,0.061053418,0.061053418,0,10147,922.6923,2800.776,7844345.0,1,0,0,0,0,0,0,0,1,999.5833,65.666664,1932.5,164,0,0,0,0,0,0,6,394,6,11595,0,235,3,20,13000.0,0.0,13000,13000,98300000.0,0.0,98300000,98300000,DoS Hulk
53,30369,1,1,51,67,51,51,51.0,0.0,67,67,67.0,0.0,3885.5413,65.85663,30369.0,0.0,30369,30369,0,0.0,0.0,0,0,0,0.0,0.0,0,0,0,0,0,0,20,20,32.928314,32.928314,51,67,56.333332,9.237604,85.333336,0,0,0,0,0,0,0,0,1,84.5,51.0,67.0,20,0,0,0,0,0,0,1,51,1,67,-1,-1,0,20,0.0,0.0,0,0,0.0,0.0,0,0,BENIGN
80,730091,3,6,26,11601,20,0,8.666667,10.263203,4380,0,1933.5,1757.7899,15925.412,12.32723,91261.375,247830.81,704228,47,25297,12648.5,17766.059,25211,86,730032,146006.4,312245.47,704228,47,0,0,0,0,72,132,4.109077,8.218154,0,4380,1162.7,1645.2418,2706820.5,0,0,0,1,0,0,0,0,2,1291.8889,8.666667,1933.5,72,0,0,0,0,0,0,3,26,6,11601,8192,229,2,20,0.0,0.0,0,0,0.0,0.0,0,0,DDoS
80,101697589,9,6,708,11595,348,0,78.666664,152.71869,4344,0,1932.5,1754.8314,120.97632,0.14749612,7264113.5,27100000.0,101000000,1,102000000,12700000.0,35800000.0,101000000,1,357378,71475.6,101263.14,215930,14,0,0,0,0,272,200,0.088497676,0.05899845,0,4344,768.9375,1380.4962,1905769.8,0,0,0,0,1,0,0,0,0,820.2,78.666664,1932.5,272,0,0,0,0,0,0,9,708,6,11595,251,235,4,20,978.0,0.0,978,978,101000000.0,0.0,101000000,101000000,DoS Hulk
50800,43,1,1,0,6,0,0,0.0,0.0,6,6,6.0,0.0,139534.89,46511.63,43.0,0.0,43,43,0,0.0,0.0,0,0,0,0.0,0.0,0,0,0,0,0,0,40,20,23255.814,23255.814,0,6,2.0,3.4641016,12.0,0,0,0,1,0,0,0,0,1,3.0,0.0,6.0,40,0,0,0,0,0,0,1,0,1,6,29200,0,0,40,0.0,0.0,0,0,0.0,0.0,0,0,PortScan
80,92061,5,3,535,494,535,0,107.0,239.25928,494,0,164.66667,285.21103,11177.371,86.8989,13151.571,17342.37,36966,4,92061,23015.25,26778.193,53866,338,54753,27376.5,14678.83,37756,16997,0,0,0,0,172,104,54.311813,32.58709,0,535,114.333336,227.1046,51576.5,0,0,0,1,0,0,0,0,0,128.625,107.0,164.66667,172,0,0,0,0,0,0,5,535,3,494,65535,340,1,32,0.0,0.0,0,0,0.0,0.0,0,0,BENIGN
3322,83,1,1,2,6,2,2,2.0,0.0,6,6,6.0,0.0,96385.54,24096.385,83.0,0.0,83,83,0,0.0,0.0,0,0,0,0.0,0.0,0,0,0,0,0,0,24,20,12048.192,12048.192,2,6,3.3333333,2.309401,5.3333335,0,0,0,1,0,0,0,0,1,5.0,2.0,6.0,24,0,0,0,0,0,0,1,2,1,6,1024,0,0,24,0.0,0.0,0,0,0.0,0.0,0,0,PortScan
21,8216353,9,15,104,188,23,0,11.555555,9.275116,34,0,12.533334,14.54975,35.538883,2.921004,357232.75,931271.5,3102812,3,5712454,714056.75,1329281.1,3145973,41,8216237,586874.06,1150027.8,3102812,3,0,0,0,0,296,488,1.0953765,1.8256274,0,34,11.68,12.58213,158.31,0,0,0,1,0,0,0,0,1,12.166667,11.555555,12.533334,296,0,0,0,0,0,0,9,104,15,188,29200,227,6,32,0.0,0.0,0,0,0.0,0.0,0,0,FTP-Patator
53,216,2,2,82,114,41,41,41.0,0.0,57,57,57.0,0.0,907407.44,18518.518,72.0,118.64653,209,3,3,3.0,0.0,3,3,4,4.0,0.0,4,4,0,0,0,0,64,64,9259.259,9259.259,41,57,47.4,8.763561,76.8,0,0,0,0,0,0,0,0,1,59.25,41.0,57.0,64,0,0,0,0,0,0,2,82,2,114,-1,-1,1,32,0.0,0.0,0,0,0.0,0.0,0,0,BENIGN
123,28949,1,1,48,48,48,48,48.0,0.0,48,48,48.0,0.0,3316.1768,69.08701,28949.0,0.0,28949,28949,0,0.0,0.0,0,0,0,0.0,0.0,0,0,0,0,0,0,32,32,34.543507,34.543507,48,48,48.0,0.0,0.0,0,0,0,0,0,0,0,0,1,72.0,48.0,48.0,32,0,0,0,0,0,0,1,48,1,48,-1,-1,0,32,0.0,0.0,0,0,0.0,0.0,0,0,BENIGN
80,66250,3,4,26,11607,20,0,8.666667,10.263203,11595,0,2901.75,5795.5005,175592.45,105.66038,11041.667,26597.996,65333,14,672,336.0,357.79602,589,83,66236,22078.666,37460.27,65333,189,0,0,0,0,72,92,45.28302,60.377357,0,11595,1454.125,4097.5376,16800000.0,0,0,0,1,0,0,0,0,1,1661.8572,8.666667,2901.75,72,0,0,0,0,0,0,3,26,4,11607,8192,229,2,20,0.0,0.0,0,0,0.0,0.0,0,0,DDoS
80,20996817,2,1,11,0,11,0,5.5,7.7781744,0,0,0.0,0.0,0.52388895,0.1428788,10500000.0,14800000.0,21000000,52,21000000,21000000.0,0.0,21000000,21000000,0,0.0,0.0,0,0,1,0,0,0,64,32,0.095252536,0.047626264,0,11,5.5,6.350853,40.333332,0,1,0,0,1,0,0,0,0,7.3333335,5.5,0.0,64,0,0,0,0,0,0,2,11,1,0,229,235,0,32,0.0,0.0,0,0,0.0,0.0,0,0,DoS Slowhttptest
80,61241,3,6,26,11601,20,0,8.666667,10.263203,5840,0,1933.5,2201.0784,189856.47,146.96037,7655.125,19936.506,56899,5,3751,1875.5,2645.2864,3746,5,61164,12232.8,25019.58,56899,85,0,0,0,0,72,132,48.98679,97.97358,0,5840,1162.7,1918.7954,3681776.0,0,0,0,1,0,0,0,0,2,1291.8889,8.666667,1933.5,72,0,0,0,0,0,0,3,26,6,11601,8192,229,2,20,0.0,0.0,0,0,0.0,0.0,0,0,DDoS
52321,48,1,1,6,6,6,6,6.0,0.0,6,6,6.0,0.0,250000.0,41666.668,48.0,0.0,48,48,0,0.0,0.0,0,0,0,0.0,0.0,0,0,0,0,0,0,20,20,20833.334,20833.334,6,6,6.0,0.0,0.0,0,0,0,0,1,1,0,0,1,9.0,6.0,6.0,20,0,0,0,0,0,0,1,6,1,6,30016,37960,0,20,0.0,0.0,0,0,0.0,0.0,0,0,BENIGN
50731,17,1,1,6,6,6,6,6.0,0.0,6,6,6.0,0.0,705882.4,117647.06,17.0,0.0,17,17,0,0.0,0.0,0,0,0,0.0,0.0,0,0,0,0,0,0,20,20,58823.53,58823.53,6,6,6.0,0.0,0.0,0,0,0,0,1,1,0,0,1,9.0,6.0,6.0,20,0,0,0,0,0,0,1,6,1,6,106,16425,0,20,0.0,0.0,0,0,0.0,0.0,0,0,BENIGN
80,98278839,7,6,376,11595,376,0,53.714287,142.11464,4344,0,1932.5,1977.8129,121.80649,0.1322767,8189903.0,28400000.0,98300000,0,98300000,16400000.0,40100000.0,98300000,0,8591,1718.2,2996.781,7015,34,0,0,0,0,232,200,0.07122591,0.061050784,0,4344,855.0714,1565.7727,2451644.0,0,0,0,0,1,0,0,0,0,920.8461,53.714287,1932.5,232,0,0,0,0,0,0,7,376,6,11595,251,235,1,32,2.0,0.0,2,2,98300000.0,0.0,98300000,98300000,DoS Hulk
8011,34,1,1,2,6,2,2,2.0,0.0,6,6,6.0,0.0,235294.12,58823.53,34.0,0.0,34,34,0,0.0,0.0,0,0,0,0.0,0.0,0,0,0,0,0,0,24,20,29411.766,29411.766,2,6,3.3333333,2.309401,5.3333335,0,0,0,1,0,0,0,0,1,5.0,2.0,6.0,24,0,0,0,0,0,0,1,2,1,6,1024,0,0,24,0.0,0.0,0,0,0.0,0.0,0,0,PortScan
80,374540,3,6,26,11607,20,0,8.666667,10.263203,5840,0,1934.5,2538.9192,31059.434,24.029476,46817.5,132071.69,373678,3,709,354.5,287.79245,558,151,374495,74899.0,167022.84,373678,3,0,0,0,0,72,132,8.009826,16.019651,0,5840,1163.3,2138.329,4572451.5,0,0,0,1,0,0,0,0,2,1292.5555,8.666667,1934.5,72,0,0,0,0,0,0,3,26,6,11607,8192,229,2,20,0.0,0.0,0,0,0.0,0.0,0,0,DDoS
80,2956139,5,0,30,0,6,6,6.0,0.0,0,0,0.0,0.0,10.148373,1.6913954,739034.75,1474746.5,2951153,4,2956139,739034.75,1474746.5,2951153,4,0,0.0,0.0,0,0,0,0,0,0,100,0,1.6913954,0.0,6,6,6.0,0.0,0.0,0,0,0,0,1,0,0,0,0,7.2,6.0,0.0,100,0,0,0,0,0,0,5,30,0,0,256,-1,4,20,0.0,0.0,0,0,0.0,0.0,0,0,DDoS
80,373327,3,6,26,11607,20,0,8.666667,10.263203,5840,0,1934.5,2538.9192,31160.35,24.107552,46665.875,131673.97,372542,3,616,308.0,431.33514,613,3,373287,74657.4,166522.77,372542,3,0,0,0,0,72,132,8.035851,16.071701,0,5840,1163.3,2138.329,4572451.5,0,0,0,1,0,0,0,0,2,1292.5555,8.666667,1934.5,72,0,0,0,0,0,0,3,26,6,11607,8192,229,2,20,0.0,0.0,0,0,0.0,0.0,0,0,DDoS
53,86423645,2,2,93,157,54,39,46.5,10.606602,86,71,78.5,10.606602,2.892727,0.04628363,28807882.0,49816396.0,86330898,31267,86362165,86362170.0,0.0,86362165,86362165,86392378,86392376.0,0.0,86392378,86392378,0,0,0,0,52,40,0.023141814,0.023141814,39,86,57.8,20.55967,422.7,0,0,0,0,0,0,0,0,1,72.25,46.5,78.5,52,0,0,0,0,0,0,2,93,2,157,-1,-1,1,20,31267.0,0.0,31267,31267,86330900.0,0.0,86330898,86330898,BENIGN
80,8055842,5,0,30,0,6,6,6.0,0.0,0,0,0.0,0.0,3.7240055,0.6206676,2013960.5,4027261.8,8054853,1,8055842,2013960.5,4027261.8,8054853,1,0,0.0,0.0,0,0,0,0,0,0,100,0,0.6206676,0.0,6,6,6.0,0.0,0.0,0,0,0,0,1,0,0,0,0,7.2,6.0,0.0,100,0,0,0,0,0,0,5,30,0,0,256,-1,4,20,989.0,0.0,989,989,8054853.0,0.0,8054853,8054853,DDoS
21,8982609,9,15,111,188,23,0,12.333333,10.03743,34,0,12.533334,14.54975,33.286545,2.6718295,390548.22,1019632.06,3337861,3,6312441,789055.1,1464357.0,3380219,50,8982467,641604.8,1259346.0,3337861,3,0,0,0,0,296,488,1.0019361,1.6698935,0,34,11.96,12.778498,163.29,0,0,0,1,0,0,0,0,1,12.458333,12.333333,12.533334,296,0,0,0,0,0,0,9,111,15,188,29200,227,6,32,0.0,0.0,0,0,0.0,0.0,0,0,FTP-Patator
80,100484093,8,4,56,11607,20,0,7.0,5.656854,11595,0,2901.75,5795.5005,116.06812,0.119421884,9134918.0,30200000.0,100000000,1,100000000,14300000.0,37800000.0,100000000,1,93142,31047.334,53043.695,92295,4,0,0,0,0,172,92,0.079614595,0.039807297,0,11595,897.61536,3214.1675,10300000.0,0,0,0,0,1,0,0,0,0,972.4167,7.0,2901.75,172,0,0,0,0,0,0,8,56,4,11607,256,229,6,20,321005.0,0.0,321005,321005,100000000.0,0.0,100000000,100000000,DDoS
1123,36,1,1,2,6,2,2,2.0,0.0,6,6,6.0,0.0,222222.22,55555.555,36.0,0.0,36,36,0,0.0,0.0,0,0,0,0.0,0.0,0,0,0,0,0,0,24,20,27777.777,27777.777,2,6,3.3333333,2.309401,5.3333335,0,0,0,1,0,0,0,0,1,5.0,2.0,6.0,24,0,0,0,0,0,0,1,2,1,6,1024,0,0,24,0.0,0.0,0,0,0.0,0.0,0,0,PortScan
2099,51,1,1,0,6,0,0,0.0,0.0,6,6,6.0,0.0,117647.06,39215.688,51.0,0.0,51,51,0,0.0,0.0,0,0,0,0.0,0.0,0,0,0,0,0,0,40,20,19607.844,19607.844,0,6,2.0,3.4641016,12.0,0,0,0,1,0,0,0,0,1,3.0,0.0,6.0,40,0,0,0,0,0,0,1,0,1,6,29200,0,0,40,0.0,0.0,0,0,0.0,0.0,0,0,PortScan
80,65785658,7,6,370,11595,370,0,52.857143,139.84685,4344,0,1932.5,1754.8314,181.87856,0.19761147,5482138.0,18900000.0,65600000,1,65600000,10900000.0,26800000.0,65600000,1,149407,29881.4,60188.527,137157,47,0,0,0,0,232,200,0.106406175,0.09120529,0,4344,854.6429,1460.1266,2131969.5,0,0,0,0,1,0,0,0,0,920.38464,52.857143,1932.5,232,0,0,0,0,0,0,7,370,6,11595,274,235,1,32,6.0,0.0,6,6,65600000.0,0.0,65600000,65600000,DoS Hulk
1080,31,1,1,2,6,2,2,2.0,0.0,6,6,6.0,0.0,258064.52,64516.13,31.0,0.0,31,31,0,0.0,0.0,0,0,0,0.0,0.0,0,0,0,0,0,0,24,20,32258.064,32258.064,2,6,3.3333333,2.309401,5.3333335,0,0,0,1,0,0,0,0,1,5.0,2.0,6.0,24,0,0,0,0,0,0,1,2,1,6,1024,0,0,24,0.0,0.0,0,0,0.0,0.0,0,0,PortScan
80,98495704,6,7,379,11595,361,0,63.166668,145.93755,5792,0,1656.4286,2429.1187,121.568756,0.13198546,8207975.5,28400000.0,98500000,1,98500000,19700000.0,44000000.0,98500000,7,98500000,16400000.0,40200000.0,98500000,47,0,0,0,0,164,232,0.06091636,0.07106909,0,5792,855.7143,1849.9272,3422230.8,1,0,0,0,0,0,0,0,1,921.53845,63.166668,1656.4286,164,0,0,0,0,0,0,6,379,7,11595,0,235,3,20,13986.0,0.0,13986,13986,98500000.0,0.0,98500000,98500000,DoS Hulk
80,85427292,6,6,338,11595,338,0,56.333332,137.98792,4344,0,1932.5,1754.8314,139.68604,0.14047033,7766117.5,25700000.0,85300000,1,85300000,17100000.0,38100000.0,85300000,1,145618,29123.6,57984.938,132367,16,0,0,0,0,200,200,0.07023516,0.07023516,0,4344,917.9231,1499.0322,2247097.8,0,0,0,0,1,0,0,0,1,994.4167,56.333332,1932.5,200,0,0,0,0,0,0,6,338,6,11595,274,235,1,32,4.0,0.0,4,4,85300000.0,0.0,85300000,85300000,DoS Hulk
53,61347,2,2,64,204,32,32,32.0,0.0,102,102,102.0,0.0,4368.592,65.202866,20449.0,35413.51,61341,3,3,3.0,0.0,3,3,3,3.0,0.0,3,3,0,0,0,0,64,64,32.601433,32.601433,32,102,60.0,38.34058,1470.0,0,0,0,0,0,0,0,0,1,75.0,32.0,102.0,64,0,0,0,0,0,0,2,64,2,204,-1,-1,1,32,0.0,0.0,0,0,0.0,0.0,0,0,BENIGN
80,4021937,5,0,30,0,6,6,6.0,0.0,0,0,0.0,0.0,7.4590926,1.2431821,1005484.25,2010305.9,4020943,1,4021937,1005484.25,2010305.9,4020943,1,0,0.0,0.0,0,0,0,0,0,0,100,0,1.2431821,0.0,6,6,6.0,0.0,0.0,0,0,0,0,1,0,0,0,0,7.2,6.0,0.0,100,0,0,0,0,0,0,5,30,0,0,256,-1,4,20,0.0,0.0,0,0,0.0,0.0,0,0,DDoS
53,32001,4,4,188,512,47,47,47.0,0.0,128,128,128.0,0.0,21874.316,249.99219,4571.5713,11619.798,30914,5,31861,10620.333,18315.283,31769,44,1039,346.33334,555.2309,987,5,0,0,0,0,80,80,124.99609,124.99609,47,128,83.0,42.69075,1822.5,0,0,0,0,0,0,0,0,1,93.375,47.0,128.0,80,0,0,0,0,0,0,4,188,4,512,-1,-1,3,20,0.0,0.0,0,0,0.0,0.0,0,0,BENIGN
443,10333315,10,11,1455,6851,517,0,145.5,217.37231,1876,0,622.8182,759.23773,803.80786,2.0322616,516665.75,2231716.8,9997154,3,10300000,1147886.6,3318716.0,9997154,610,10200000,1024661.6,3153674.5,9999509,3,0,0,0,0,328,360,0.96774364,1.064518,0,1876,377.54544,598.9043,358686.34,0,0,0,1,0,0,0,0,1,395.5238,145.5,622.8182,328,0,0,0,0,0,0,10,1455,11,6851,29200,9,4,32,333826.0,0.0,333826,333826,9997154.0,0.0,9997154,9997154,BENIGN
53,225,2,2,66,130,33,33,33.0,0.0,65,65,65.0,0.0,871111.1,17777.777,75.0,124.70766,219,3,3,3.0,0.0,3,3,3,3.0,0.0,3,3,0,0,0,0,40,40,8888.889,8888.889,33,65,45.8,17.527122,307.2,0,0,0,0,0,0,0,0,1,57.25,33.0,65.0,40,0,0,0,0,0,0,2,66,2,130,-1,-1,1,20,0.0,0.0,0,0,0.0,0.0,0,0,BENIGN
2869,39,1,1,2,6,2,2,2.0,0.0,6,6,6.0,0.0,205128.2,51282.05,39.0,0.0,39,39,0,0.0,0.0,0,0,0,0.0,0.0,0,0,0,0,0,0,24,20,25641.025,25641.025,2,6,3.3333333,2.309401,5.3333335,0,0,0,1,0,0,0,0,1,5.0,2.0,6.0,24,0,0,0,0,0,0,1,2,1,6,1024,0,0,24,0.0,0.0,0,0,0.0,0.0,0,0,PortScan
443,115261410,33,38,2216,44610,791,0,67.15151,207.4241,4344,0,1173.9474,1187.3534,406.25912,0.61599106,1646591.6,3683263.8,10000000,4,115000000,3601919.0,4804486.0,10000000,4,111000000,2989728.0,4651582.5,10000000,49,0,0,0,0,1064,1224,0.28630573,0.32968536,0,4344,650.3611,1031.9166,1064851.9,0,0,0,1,0,0,0,0,1,659.5211,67.15151,1173.9474,1064,0,0,0,0,0,0,33,2216,38,44610,29200,1038,5,32,35782.273,41727.465,161595,22970,10000000.0,9484.299,10000000,9998505,BENIGN
80,6097703,5,0,30,0,6,6,6.0,0.0,0,0,0.0,0.0,4.9198856,0.8199809,1524425.8,3046003.8,6093431,1,6097703,1524425.8,3046003.8,6093431,1,0,0.0,0.0,0,0,0,0,0,0,100,0,0.8199809,0.0,6,6,6.0,0.0,0.0,0,0,0,0,1,0,0,0,0,7.2,6.0,0.0,100,0,0,0,0,0,0,5,30,0,0,256,-1,4,20,4272.0,0.0,4272,4272,6093431.0,0.0,6093431,6093431,DDoS
49159,80,1,1,2,6,2,2,2.0,0.0,6,6,6.0,0.0,100000.0,25000.0,80.0,0.0,80,80,0,0.0,0.0,0,0,0,0.0,0.0,0,0,0,0,0,0,24,20,12500.0,12500.0,2,6,3.3333333,2.309401,5.3333335,0,0,0,1,0,0,0,0,1,5.0,2.0,6.0,24,0,0,0,0,0,0,1,2,1,6,1024,0,0,24,0.0,0.0,0,0,0.0,0.0,0,0,PortScan
5002,82,1,1,2,6,2,2,2.0,0.0,6,6,6.0,0.0,97560.98,24390.244,82.0,0.0,82,82,0,0.0,0.0,0,0,0,0.0,0.0,0,0,0,0,0,0,24,20,12195.122,12195.122,2,6,3.3333333,2.309401,5.3333335,0,0,0,1,0,0,0,0,1,5.0,2.0,6.0,24,0,0,0,0,0,0,1,2,1,6,1024,0,0,24,0.0,0.0,0,0,0.0,0.0,0,0,PortScan
53,138469,4,2,140,248,35,35,35.0,0.0,124,124,124.0,0.0,2802.0713,43.330997,27693.8,46610.902,107567,3,30899,10299.667,17834.35,30893,3,3,3.0,0.0,3,3,0,0,0,0,80,40,28.887333,14.443666,35,124,60.42857,43.427555,1885.9524,0,0,0,0,0,0,0,0,0,70.5,35.0,124.0,80,0,0,0,0,0,0,4,140,2,248,-1,-1,3,20,0.0,0.0,0,0,0.0,0.0,0,0,BENIGN
54328,60,1,1,0,6,0,0,0.0,0.0,6,6,6.0,0.0,100000.0,33333.332,60.0,0.0,60,60,0,0.0,0.0,0,0,0,0.0,0.0,0,0,0,0,0,0,40,20,16666.666,16666.666,0,6,2.0,3.4641016,12.0,0,0,0,1,0,0,0,0,1,3.0,0.0,6.0,40,0,0,0,0,0,0,1,0,1,6,29200,0,0,40,0.0,0.0,0,0,0.0,0.0,0,0,PortScan
80,1004310,4,5,405,11595,405,0,101.25,202.5,5792,0,2319.0,2632.5457,11948.502,8.961376,125538.75,352904.94,998924,47,1003956,334652.0,575281.75,998924,48,5283,1320.75,2445.1562,4987,47,0,0,0,0,144,168,3.982834,4.9785423,0,5792,1200.0,2118.0183,4486002.0,0,0,0,1,0,0,0,0,1,1333.3334,101.25,2319.0,144,0,0,0,0,0,0,4,405,5,11595,29200,235,1,32,0.0,0.0,0,0,0.0,0.0,0,0,DoS Hulk
80,85403266,8,6,1002,11595,328,0,125.25,167.91133,8688,0,1932.5,3506.0217,147.50021,0.16392815,6569482.0,23500000.0,84900000,5,85300000,12200000.0,32000000.0,84900000,5,85400000,17100000.0,37900000.0,84900000,189,0,0,0,0,228,200,0.09367324,0.07025492,0,8688,840.2,2292.8794,5257295.5,1,0,0,0,0,0,0,0,0,900.2143,125.25,1932.5,228,0,0,0,0,0,0,8,1002,6,11595,0,235,5,20,7016.0,0.0,7016,7016,84900000.0,0.0,84900000,84900000,DoS Hulk
80,5049094,3,1,0,0,0,0,0.0,0.0,0,0,0.0,0.0,0.0,0.7922213,1683031.4,2914507.8,5048415,95,5049094,2524547.0,3569288.2,5048415,679,0,0.0,0.0,0,0,0,0,0,0,104,40,0.594166,0.19805533,0,0,0.0,0.0,0.0,0,0,0,1,0,0,0,0,0,0.0,0.0,0.0,104,0,0,0,0,0,0,3,0,1,0,29200,28960,0,32,0.0,0.0,0,0,0.0,0.0,0,0,Web Attack - Brute Force
36343,4,3,0,31,0,31,0,10.333333,17.897858,0,0,0.0,0.0,7750000.0,750000.0,2.0,0.0,2,2,4,2.0,0.0,2,2,0,0.0,0.0,0,0,0,0,0,0,96,0,750000.0,0.0,0,31,7.75,15.5,240.25,0,0,0,0,1,0,0,0,0,10.333333,10.333333,0.0,96,0,0,0,0,0,0,3,31,0,0,59,-1,1,32,0.0,0.0,0,0,0.0,0.0,0,0,BENIGN
80,85373098,9,6,329,11595,329,0,36.555557,109.666664,4344,0,1932.5,1754.8314,139.6693,0.17569937,6098078.5,22800000.0,85200000,1,85200000,10700000.0,30100000.0,85200000,1,143407,28681.4,56990.22,130137,30,0,0,0,0,296,200,0.10541963,0.07027975,0,4344,745.25,1391.0759,1935092.4,0,0,0,0,1,0,0,0,0,794.93335,36.555557,1932.5,296,0,0,0,0,0,0,9,329,6,11595,251,235,1,32,1017.0,0.0,1017,1017,85200000.0,0.0,85200000,85200000,DoS Hulk
80,67706694,5,7,318,11595,306,0,63.6,135.53893,5792,0,1656.4286,2119.4802,175.9501,0.17723507,6155154.0,20400000.0,67600000,4,67600000,16900000.0,33800000.0,67600000,4,67700000,11300000.0,27600000.0,67600000,51,0,0,0,0,144,232,0.07384794,0.10338712,0,5792,916.8461,1715.7438,2943776.8,1,0,0,0,0,0,0,0,1,993.25,63.6,1656.4286,144,0,0,0,0,0,0,5,318,7,11595,0,235,2,20,11951.0,0.0,11951,11951,67600000.0,0.0,67600000,67600000,DoS Hulk
80,16459557,8,6,358,11632,358,0,44.75,126.57211,5792,0,1938.6666,2544.919,728.45215,0.85056967,1266119.8,3358992.5,11500000,10,11500000,1636807.6,4329696.5,11500000,217,16500000,3291906.0,5051452.5,11500000,10,0,0,0,0,264,200,0.48603982,0.36452985,0,5792,799.3333,1802.3356,3248413.5,0,0,0,1,0,0,0,0,0,856.4286,44.75,1938.6666,264,0,0,0,0,0,0,8,358,6,11632,29200,235,1,32,878.0,0.0,878,878,11500000.0,0.0,11500000,11500000,DoS GoldenEye
80,84452198,5,7,385,11595,373,0,77.0,165.49623,5792,0,1656.4286,2120.7322,141.8554,0.14209221,7677472.5,25400000.0,84300000,14,84300000,21100000.0,42100000.0,84300000,1013,84500000,14100000.0,34400000.0,84300000,14,0,0,0,0,144,232,0.05920509,0.08288713,0,5792,922.0,1714.6299,2939955.5,1,0,0,0,0,0,0,0,1,998.8333,77.0,1656.4286,144,0,0,0,0,0,0,5,385,7,11595,0,235,2,20,12021.0,0.0,12021,12021,84300000.0,0.0,84300000,84300000,DoS Hulk
1798,25,1,1,6,6,6,6,6.0,0.0,6,6,6.0,0.0,480000.0,80000.0,25.0,0.0,25,25,0,0.0,0.0,0,0,0,0.0,0.0,0,0,0,0,0,0,20,20,40000.0,40000.0,6,6,6.0,0.0,0.0,0,0,0,0,1,1,0,0,1,9.0,6.0,6.0,20,0,0,0,0,0,0,1,6,1,6,31220,63337,0,20,0.0,0.0,0,0,0.0,0.0,0,0,BENIGN
80,97857057,4,6,401,11595,395,0,100.25,196.52036,4344,0,1932.5,1754.8314,122.58697,0.10218987,10900000.0,32600000.0,97800000,5,97800000,32600000.0,56500000.0,97800000,5,50456,10091.2,16930.4,39178,47,0,0,0,0,124,200,0.04087595,0.061313923,0,4344,1091.091,1576.8744,2486533.0,1,0,0,0,0,0,0,0,1,1200.2,100.25,1932.5,124,0,0,0,0,0,0,4,401,6,11595,0,235,1,20,0.0,0.0,0,0,97800000.0,0.0,97800000,97800000,DoS Hulk
53,423,1,1,58,124,58,58,58.0,0.0,124,124,124.0,0.0,430260.06,4728.1323,423.0,0.0,423,423,0,0.0,0.0,0,0,0,0.0,0.0,0,0,0,0,0,0,20,20,2364.0662,2364.0662,58,124,80.0,38.105118,1452.0,0,0,0,0,0,0,0,0,1,120.0,58.0,124.0,20,0,0,0,0,0,0,1,58,1,124,-1,-1,0,20,0.0,0.0,0,0,0.0,0.0,0,0,BENIGN
80,1392,5,0,0,0,0,0,0.0,0.0,0,0,0.0,0.0,0.0,3591.954,348.0,153.28622,565,219,1392,348.0,153.28622,565,219,0,0.0,0.0,0,0,0,0,0,0,160,0,3591.954,0.0,0,0,0.0,0.0,0.0,0,0,0,0,1,0,0,0,0,0.0,0.0,0.0,160,0,0,0,0,0,0,5,0,0,0,251,-1,0,32,0.0,0.0,0,0,0.0,0.0,0,0,DoS Hulk
60074,82,1,1,0,0,0,0,0.0,0.0,0,0,0.0,0.0,0.0,24390.244,82.0,0.0,82,82,0,0.0,0.0,0,0,0,0.0,0.0,0,0,0,0,0,0,32,32,12195.122,12195.122,0,0,0.0,0.0,0.0,0,0,0,0,1,1,0,0,1,0.0,0.0,0.0,32,0,0,0,0,0,0,1,0,1,0,374,287,0,32,0.0,0.0,0,0,0.0,0.0,0,0,BENIGN
80,101055092,7,6,354,11595,354,0,50.57143,133.79942,5792,0,1932.5,2362.7815,118.24243,0.12864271,8421258.0,28800000.0,99900000,1,101000000,16800000.0,40700000.0,99900000,1,187863,37572.6,67293.95,155393,65,0,0,0,0,240,200,0.06926915,0.059373554,0,5792,853.5,1759.5424,3095989.2,0,0,0,0,1,0,0,0,0,919.1539,50.57143,1932.5,240,0,0,0,0,0,0,7,354,6,11595,251,235,1,32,3.0,0.0,3,3,99900000.0,0.0,99900000,99900000,DoS Hulk
80,86819209,8,7,317,11595,311,0,39.625,109.67216,4355,0,1656.4286,1950.3623,137.20467,0.17277282,6201372.0,22900000.0,85800000,1,86800000,12400000.0,32400000.0,85800000,1,1615,269.16666,401.12262,1064,2,0,0,0,0,260,232,0.09214551,0.080627315,0,4355,744.5,1489.0275,2217202.8,0,0,0,0,1,0,0,0,0,794.13336,39.625,1656.4286,260,0,0,0,0,0,0,8,317,7,11595,251,235,2,20,1965.0,0.0,1965,1965,85800000.0,0.0,85800000,85800000,DoS Hulk
3766,1,1,1,2,6,2,2,2.0,0.0,6,6,6.0,0.0,8000000.0,2000000.0,1.0,0.0,1,1,0,0.0,0.0,0,0,0,0.0,0.0,0,0,0,0,0,0,24,20,1000000.0,1000000.0,2,6,3.3333333,2.309401,5.3333335,0,0,0,1,0,0,0,0,1,5.0,2.0,6.0,24,0,0,0,0,0,0,1,2,1,6,1024,0,0,24,0.0,0.0,0,0,0.0,0.0,0,0,PortScan
1322,13,1,1,2,6,2,2,2.0,0.0,6,6,6.0,0.0,615384.6,153846.16,13.0,0.0,13,13,0,0.0,0.0,0,0,0,0.0,0.0,0,0,0,0,0,0,24,20,76923.08,76923.08,2,6,3.3333333,2.309401,5.3333335,0,0,0,1,0,0,0,0,1,5.0,2.0,6.0,24,0,0,0,0,0,0,1,2,1,6,1024,0,0,24,0.0,0.0,0,0,0.0,0.0,0,0,PortScan
80,235726,3,4,26,11607,20,0,8.666667,10.263203,11595,0,2901.75,5795.5005,49349.668,29.695494,39287.668,95733.1,234701,5,991,495.5,508.4098,855,136,235693,78564.336,135219.22,234701,5,0,0,0,0,72,92,12.726641,16.968853,0,11595,1454.125,4097.5376,16800000.0,0,0,0,1,0,0,0,0,1,1661.8572,8.666667,2901.75,72,0,0,0,0,0,0,3,26,4,11607,8192,229,2,20,0.0,0.0,0,0,0.0,0.0,0,0,DDoS
80,99422722,6,6,344,11595,344,0,57.333332,140.43741,4344,0,1932.5,1754.8314,120.08321,0.12069675,9038429.0,29900000.0,99300000,1,99300000,19900000.0,44400000.0,99300000,1,160464,32092.8,63066.68,144238,25,0,0,0,0,200,200,0.060348377,0.060348377,0,4344,918.38464,1498.8397,2246520.5,0,0,0,0,1,0,0,0,1,994.9167,57.333332,1932.5,200,0,0,0,0,0,0,6,344,6,11595,251,235,1,32,2.0,0.0,2,2,99300000.0,0.0,99300000,99300000,DoS Hulk
80,48743,3,6,26,11601,20,0,8.666667,10.263203,4380,0,1933.5,1757.7899,238536.81,184.64189,6092.875,13003.939,36895,9,11414,5707.0,7574.528,11063,351,48598,9719.6,15945.094,36895,9,0,0,0,0,72,132,61.5473,123.0946,0,4380,1162.7,1645.2418,2706820.5,0,0,0,1,0,0,0,0,2,1291.8889,8.666667,1933.5,72,0,0,0,0,0,0,3,26,6,11601,8192,229,2,20,0.0,0.0,0,0,0.0,0.0,0,0,DDoS
443,228,2,1,12,0,6,6,6.0,0.0,0,0,0.0,0.0,52631.58,13157.895,114.0,89.09545,177,51,228,228.0,0.0,228,228,0,0.0,0.0,0,0,0,0,0,0,40,32,8771.93,4385.965,0,6,4.5,3.0,9.0,1,0,0,0,0,0,0,0,0,6.0,6.0,0.0,40,0,0,0,0,0,0,2,12,1,0,0,1123,1,20,0.0,0.0,0,0,0.0,0.0,0,0,BENIGN
80,98715726,5,6,317,11595,305,0,63.4,135.09183,4344,0,1932.5,2181.0083,120.66973,0.11143108,9871573.0,31200000.0,98600000,47,98700000,24700000.0,49300000.0,98600000,1009,98700000,19700000.0,44100000.0,98700000,51,0,0,0,0,144,200,0.050650492,0.06078059,0,4344,993.1667,1769.6403,3131626.8,1,0,0,0,0,0,0,0,1,1083.4546,63.4,1932.5,144,0,0,0,0,0,0,5,317,6,11595,0,235,2,20,18988.0,0.0,18988,18988,98600000.0,0.0,98600000,98600000,DoS Hulk
80,10238077,10,6,390,11680,390,0,39.0,123.32883,7288,0,1946.6666,3138.4875,1178.9324,1.5627935,682538.44,1793358.4,5231982,0,5274263,586029.25,1755103.4,5266301,0,10200000,2047584.4,2798944.2,5231982,142,0,0,0,0,340,200,0.9767459,0.58604753,0,7288,710.0,1993.2697,3973124.0,0,0,0,1,0,0,0,0,0,754.375,39.0,1946.6666,340,0,0,0,0,0,0,10,390,6,11680,29200,235,1,32,1050.0,0.0,1050,1050,5231982.0,0.0,5231982,5231982,DoS GoldenEye
22,12115979,21,33,2008,2745,640,0,95.61905,140.04517,976,0,83.181816,217.28574,392.29187,4.456924,228603.38,624720.9,2211785,4,10300000,516389.84,910619.5,2264124,551,12100000,378621.62,772037.25,2211785,4,0,0,0,0,680,1064,1.7332484,2.723676,0,976,86.41818,188.2012,35419.69,0,0,0,1,0,0,0,0,1,88.01852,95.61905,83.181816,680,0,0,0,0,0,0,21,2008,33,2745,29200,247,16,32,0.0,0.0,0,0,0.0,0.0,0,0,SSH-Patator
1011,21,1,1,2,6,2,2,2.0,0.0,6,6,6.0,0.0,380952.38,95238.09,21.0,0.0,21,21,0,0.0,0.0,0,0,0,0.0,0.0,0,0,0,0,0,0,24,20,47619.047,47619.047,2,6,3.3333333,2.309401,5.3333335,0,0,0,1,0,0,0,0,1,5.0,2.0,6.0,24,0,0,0,0,0,0,1,2,1,6,1024,0,0,24,0.0,0.0,0,0,0.0,0.0,0,0,PortScan
80,38498,3,6,355,11595,355,0,118.333336,204.95935,5792,0,1932.5,2181.0083,310405.75,233.77838,4812.25,10033.597,28102,2,10039,5019.5,7095.8164,10037,2,38471,7694.2,12207.084,28102,14,0,0,0,0,104,200,77.926125,155.85225,0,5792,1195.0,1886.7107,3559677.2,0,0,0,1,0,0,0,0,2,1327.7778,118.333336,1932.5,104,0,0,0,0,0,0,3,355,6,11595,29200,235,1,32,0.0,0.0,0,0,0.0,0.0,0,0,DoS Hulk
22,1323169,41,44,2664,6954,456,0,64.97561,109.86457,976,0,158.04546,312.67526,7268.9126,64.239716,15752.012,104730.78,953817,0,1323169,33079.227,159356.28,996410,2,369242,8587.023,22122.385,112479,0,0,0,0,0,1328,1424,30.986216,33.253498,0,976,111.83721,239.68684,57449.785,0,0,0,1,0,0,0,0,1,113.15294,64.97561,158.04546,1328,0,0,0,0,0,0,41,2664,44,6954,29200,243,24,32,0.0,0.0,0,0,0.0,0.0,0,0,BENIGN
83,29,1,1,2,6,2,2,2.0,0.0,6,6,6.0,0.0,275862.06,68965.516,29.0,0.0,29,29,0,0.0,0.0,0,0,0,0.0,0.0,0,0,0,0,0,0,24,20,34482.758,34482.758,2,6,3.3333333,2.309401,5.3333335,0,0,0,1,0,0,0,0,1,5.0,2.0,6.0,24,0,0,0,0,0,0,1,2,1,6,1024,0,0,24,0.0,0.0,0,0,0.0,0.0,0,0,PortScan
443,6702,1,1,6,6,6,6,6.0,0.0,6,6,6.0,0.0,1790.5103,298.4184,6702.0,0.0,6702,6702,0,0.0,0.0,0,0,0,0.0,0.0,0,0,0,0,0,0,20,20,149.2092,149.2092,6,6,6.0,0.0,0.0,1,0,0,0,1,0,0,0,1,9.0,6.0,6.0,20,0,0,0,0,0,0,1,6,1,6,0,60,0,20,0.0,0.0,0,0,0.0,0.0,0,0,BENIGN
53,78759,2,2,58,442,29,29,29.0,0.0,221,221,221.0,0.0,6348.481,50.787846,26253.0,45465.47,78752,3,3,3.0,0.0,3,3,4,4.0,0.0,4,4,0,0,0,0,40,64,25.393923,25.393923,29,221,105.8,105.16273,11059.2,0,0,0,0,0,0,0,0,1,132.25,29.0,221.0,40,0,0,0,0,0,0,2,58,2,442,-1,-1,1,20,0.0,0.0,0,0,0.0,0.0,0,0,BENIGN
8022,37,1,1,2,6,2,2,2.0,0.0,6,6,6.0,0.0,216216.22,54054.055,37.0,0.0,37,37,0,0.0,0.0,0,0,0,0.0,0.0,0,0,0,0,0,0,24,20,27027.027,27027.027,2,6,3.3333333,2.309401,5.3333335,0,0,0,1,0,0,0,0,1,5.0,2.0,6.0,24,0,0,0,0,0,0,1,2,1,6,1024,0,0,24,0.0,0.0,0,0,0.0,0.0,0,0,PortScan
80,989071,5,0,30,0,6,6,6.0,0.0,0,0,0.0,0.0,30.331493,5.0552487,247267.75,494531.5,989065,1,989071,247267.75,494531.5,989065,1,0,0.0,0.0,0,0,0,0,0,0,100,0,5.0552487,0.0,6,6,6.0,0.0,0.0,0,0,0,0,1,0,0,0,0,7.2,6.0,0.0,100,0,0,0,0,0,0,5,30,0,0,256,-1,4,20,0.0,0.0,0,0,0.0,0.0,0,0,DDoS
443,118425761,38,46,2715,44739,380,0,71.447365,134.11526,2920,0,972.587,869.98376,400.70673,0.7093051,1426816.4,3431061.2,9998730,2,118000000,3200696.2,4596014.5,10000000,2,113000000,2507903.0,4331778.0,10000000,48,0,0,0,0,772,1064,0.32087612,0.38842902,0,2920,558.28235,786.3309,618316.2,0,0,0,1,0,0,0,0,1,564.9286,71.447365,972.587,772,0,0,0,0,0,0,38,2715,46,44739,8192,1147,37,20,243949.67,764462.8,2671445,22940,9624864.0,1284220.5,9998730,5546930,BENIGN
80,251,2,0,0,0,0,0,0.0,0.0,0,0,0.0,0.0,0.0,7968.1274,251.0,0.0,251,251,251,251.0,0.0,251,251,0,0.0,0.0,0,0,0,0,0,0,64,0,7968.1274,0.0,0,0,0.0,0.0,0.0,0,0,0,0,1,0,0,0,0,0.0,0.0,0.0,64,0,0,0,0,0,0,2,0,0,0,274,-1,0,32,0.0,0.0,0,0,0.0,0.0,0,0,DoS Hulk
80,9385795,4,0,24,0,6,6,6.0,0.0,0,0,0.0,0.0,2.5570557,0.42617595,3128598.2,5418884.5,9385787,1,9385795,3128598.2,5418884.5,9385787,1,0,0.0,0.0,0,0,0,0,0,0,80,0,0.42617595,0.0,6,6,6.0,0.0,0.0,0,0,0,0,1,0,0,0,0,7.5,6.0,0.0,80,0,0,0,0,0,0,4,24,0,0,256,-1,3,20,8.0,0.0,8,8,9385787.0,0.0,9385787,9385787,DDoS
80,143525,3,6,323,11595,323,0,107.666664,186.48413,5792,0,1932.5,2181.0083,83037.8,62.706844,17940.625,46292.883,132122,1,11008,5504.0,7782.417,11007,1,143466,28693.2,58014.504,132122,14,0,0,0,0,104,200,20.902283,41.804565,0,5792,1191.8,1888.3202,3565753.0,0,0,0,1,0,0,0,0,2,1324.2222,107.666664,1932.5,104,0,0,0,0,0,0,3,323,6,11595,29200,235,1,32,0.0,0.0,0,0,0.0,0.0,0,0,DoS Hulk
80,82483,3,6,315,11595,315,0,105.0,181.86534,5792,0,1932.5,2181.0083,144393.39,109.113396,10310.375,24883.166,71166,5,11000,5500.0,7771.1035,10995,5,82442,16488.4,30927.322,71166,45,0,0,0,0,104,200,36.37113,72.74226,0,5792,1191.0,1888.7308,3567304.0,0,0,0,1,0,0,0,0,2,1323.3334,105.0,1932.5,104,0,0,0,0,0,0,3,315,6,11595,29200,235,1,32,0.0,0.0,0,0,0.0,0.0,0,0,DoS Hulk
80,183046,3,6,26,11607,20,0,8.666667,10.263203,4380,0,1934.5,2177.345,63552.332,49.16797,22880.75,63716.15,180566,16,1488,744.0,858.4276,1351,137,182953,36590.6,80486.93,180566,16,0,0,0,0,72,132,16.389322,32.778645,0,4380,1163.3,1903.9626,3625073.8,0,0,0,1,0,0,0,0,2,1292.5555,8.666667,1934.5,72,0,0,0,0,0,0,3,26,6,11607,8192,229,2,20,0.0,0.0,0,0,0.0,0.0,0,0,DDoS
53,209,2,2,60,250,30,30,30.0,0.0,125,125,125.0,0.0,1483253.6,19138.756,69.666664,113.73801,201,4,4,4.0,0.0,4,4,4,4.0,0.0,4,4,0,0,0,0,80,64,9569.378,9569.378,30,125,68.0,52.03364,2707.5,0,0,0,0,0,0,0,0,1,85.0,30.0,125.0,80,0,0,0,0,0,0,2,60,2,250,-1,-1,1,40,0.0,0.0,0,0,0.0,0.0,0,0,BENIGN
80,69384,3,2,390,495,390,0,130.0,225.16661,495,0,247.5,350.01785,12755.102,72.06272,17346.0,18881.504,34195,62,35189,17594.5,22107.693,33227,1962,36219,36219.0,0.0,36219,36219,0,0,0,0,72,52,43.237633,28.825089,0,495,147.5,230.90582,53317.5,0,0,0,1,0,0,0,0,0,177.0,130.0,247.5,72,0,0,0,0,0,0,3,390,2,495,8192,123,1,20,0.0,0.0,0,0,0.0,0.0,0,0,BENIGN
15660,48,1,1,0,6,0,0,0.0,0.0,6,6,6.0,0.0,125000.0,41666.668,48.0,0.0,48,48,0,0.0,0.0,0,0,0,0.0,0.0,0,0,0,0,0,0,40,20,20833.334,20833.334,0,6,2.0,3.4641016,12.0,0,0,0,1,0,0,0,0,1,3.0,0.0,6.0,40,0,0,0,0,0,0,1,0,1,6,29200,0,0,40,0.0,0.0,0,0,0.0,0.0,0,0,PortScan
53,30619,1,1,58,186,58,58,58.0,0.0,186,186,186.0,0.0,7968.908,65.31892,30619.0,0.0,30619,30619,0,0.0,0.0,0,0,0,0.0,0.0,0,0,0,0,0,0,32,32,32.65946,32.65946,58,186,100.666664,73.90083,5461.3335,0,0,0,0,0,0,0,0,1,151.0,58.0,186.0,32,0,0,0,0,0,0,1,58,1,186,-1,-1,0,32,0.0,0.0,0,0,0.0,0.0,0,0,BENIGN
443,5522946,8,6,385,3776,204,0,48.125,75.65794,1460,2,629.3333,710.58954,753.4023,2.534879,424842.0,1395277.8,5064548,49,5522946,788992.3,1887834.9,5064548,49,182242,36448.4,48818.277,93852,49,0,0,0,0,172,124,1.4485023,1.0863768,0,1460,277.4,521.3571,271813.25,0,0,0,1,0,0,0,0,0,297.2143,48.125,629.3333,172,0,0,0,0,0,0,8,385,6,3776,8192,30016,7,20,458349.0,0.0,458349,458349,5064548.0,0.0,5064548,5064548,BENIGN
80,54491,3,4,26,11607,20,0,8.666667,10.263203,11595,0,2901.75,5795.5005,213484.8,128.46158,9081.833,20814.3,51548,53,2281,1140.5,1038.7399,1875,406,54437,18145.666,28939.332,51548,609,0,0,0,0,72,92,55.054962,73.40662,0,11595,1454.125,4097.5376,16800000.0,0,0,0,1,0,0,0,0,1,1661.8572,8.666667,2901.75,72,0,0,0,0,0,0,3,26,4,11607,8192,229,2,20,0.0,0.0,0,0,0.0,0.0,0,0,DDoS
21,9607814,9,15,105,188,22,0,11.666667,9.300538,34,0,12.533334,14.54975,30.496012,2.4979668,417731.03,1086357.8,3347106,3,6218995,777374.4,1439159.2,3233248,228,9607756,686268.3,1341180.5,3347106,3,0,0,0,0,296,488,0.93673754,1.5612292,0,34,11.72,12.58809,158.46,0,0,0,1,0,0,0,0,1,12.208333,11.666667,12.533334,296,0,0,0,0,0,0,9,105,15,188,29200,227,6,32,0.0,0.0,0,0,0.0,0.0,0,0,FTP-Patator
34504,222,2,0,0,0,0,0,0.0,0.0,0,0,0.0,0.0,0.0,9009.009,222.0,0.0,222,222,222,222.0,0.0,222,222,0,0.0,0.0,0,0,0,0,0,0,64,0,9009.009,0.0,0,0,0.0,0.0,0.0,0,0,0,0,1,0,0,0,0,0.0,0.0,0.0,64,0,0,0,0,0,0,2,0,0,0,340,-1,0,32,0.0,0.0,0,0,0.0,0.0,0,0,BENIGN
53,30532,1,1,51,147,51,51,51.0,0.0,147,147,147.0,0.0,6484.9995,65.50504,30532.0,0.0,30532,30532,0,0.0,0.0,0,0,0,0.0,0.0,0,0,0,0,0,0,20,20,32.75252,32.75252,51,147,83.0,55.425625,3072.0,0,0,0,0,0,0,0,0,1,124.5,51.0,147.0,20,0,0,0,0,0,0,1,51,1,147,-1,-1,0,20,0.0,0.0,0,0,0.0,0.0,0,0,BENIGN
80,811567,3,4,26,11601,20,0,8.666667,10.263203,8760,0,2900.25,4128.3193,14326.605,8.625289,135261.17,323812.78,796147,30,15033,7516.5,9210.065,14029,1004,811537,270512.34,455274.9,796147,185,0,0,0,0,72,92,3.6965525,4.9287367,0,8760,1453.375,3113.9526,9696701.0,0,0,0,1,0,0,0,0,1,1661.0,8.666667,2900.25,72,0,0,0,0,0,0,3,26,4,11601,8192,229,2,20,0.0,0.0,0,0,0.0,0.0,0,0,DDoS
56737,61,1,1,2,6,2,2,2.0,0.0,6,6,6.0,0.0,131147.55,32786.887,61.0,0.0,61,61,0,0.0,0.0,0,0,0,0.0,0.0,0,0,0,0,0,0,24,20,16393.443,16393.443,2,6,3.3333333,2.309401,5.3333335,0,0,0,1,0,0,0,0,1,5.0,2.0,6.0,24,0,0,0,0,0,0,1,2,1,6,1024,0,0,24,0.0,0.0,0,0,0.0,0.0,0,0,PortScan
80,98633805,6,8,387,11595,369,0,64.5,149.20288,4344,0,1449.375,1729.3801,121.47965,0.14193916,7587216.0,27300000.0,98600000,1,98600000,19700000.0,44100000.0,98600000,2,98600000,14100000.0,37300000.0,98600000,48,0,0,0,0,164,264,0.06083107,0.08110809,0,4344,799.2,1421.6763,2021163.5,1,0,0,0,0,0,0,0,1,856.2857,64.5,1449.375,164,0,0,0,0,0,0,6,387,8,11595,0,235,3,20,10927.0,0.0,10927,10927,98600000.0,0.0,98600000,98600000,DoS Hulk
5200,67,1,1,2,6,2,2,2.0,0.0,6,6,6.0,0.0,119402.984,29850.746,67.0,0.0,67,67,0,0.0,0.0,0,0,0,0.0,0.0,0,0,0,0,0,0,24,20,14925.373,14925.373,2,6,3.3333333,2.309401,5.3333335,0,0,0,1,0,0,0,0,1,5.0,2.0,6.0,24,0,0,0,0,0,0,1,2,1,6,1024,0,0,24,0.0,0.0,0,0,0.0,0.0,0,0,PortScan
2030,24,1,1,0,6,0,0,0.0,0.0,6,6,6.0,0.0,250000.0,83333.336,24.0,0.0,24,24,0,0.0,0.0,0,0,0,0.0,0.0,0,0,0,0,0,0,40,20,41666.668,41666.668,0,6,2.0,3.4641016,12.0,0,0,0,1,0,0,0,0,1,3.0,0.0,6.0,40,0,0,0,0,0,0,1,0,1,6,29200,0,0,40,0.0,0.0,0,0,0.0,0.0,0,0,PortScan
49159,45,1,1,0,6,0,0,0.0,0.0,6,6,6.0,0.0,133333.33,44444.445,45.0,0.0,45,45,0,0.0,0.0,0,0,0,0.0,0.0,0,0,0,0,0,0,40,20,22222.223,22222.223,0,6,2.0,3.4641016,12.0,0,0,0,1,0,0,0,0,1,3.0,0.0,6.0,40,0,0,0,0,0,0,1,0,1,6,29200,0,0,40,0.0,0.0,0,0,0.0,0.0,0,0,PortScan
53,23580,1,1,71,139,71,71,71.0,0.0,139,139,139.0,0.0,8905.853,84.81764,23580.0,0.0,23580,23580,0,0.0,0.0,0,0,0,0.0,0.0,0,0,0,0,0,0,20,20,42.40882,42.40882,71,139,93.666664,39.25982,1541.3334,0,0,0,0,0,0,0,0,1,140.5,71.0,139.0,20,0,0,0,0,0,0,1,71,1,139,-1,-1,0,20,0.0,0.0,0,0,0.0,0.0,0,0,BENIGN
80,84553141,6,6,433,11595,415,0,72.166664,167.97906,4344,0,1932.5,2181.0083,142.25374,0.14192258,7686649.0,25400000.0,84400000,30,84400000,16900000.0,37700000.0,84400000,998,84600000,16900000.0,37700000.0,84400000,64,0,0,0,0,164,200,0.07096129,0.07096129,0,4344,925.6923,1713.2792,2935325.8,1,0,0,0,0,0,0,0,1,1002.8333,72.166664,1932.5,164,0,0,0,0,0,0,6,433,6,11595,0,235,3,20,3001.0,0.0,3001,3001,84400000.0,0.0,84400000,84400000,DoS Hulk
80,21057884,41,60,1761,109592,459,0,42.951218,115.99201,4380,0,1826.5333,888.3569,5287.948,4.7963033,210578.84,1378959.4,9864633,1,11097040,277426.0,1538678.4,9757019,146,20961661,355282.38,1796502.8,9864633,1,0,0,0,0,844,1224,1.9470142,2.8492892,0,4380,1091.696,1115.9736,1245397.1,0,0,0,1,0,0,0,0,1,1102.505,42.951218,1826.5333,844,0,0,0,0,0,0,41,1761,60,109592,8192,262,39,20,1340021.0,0.0,1340021,1340021,9757019.0,0.0,9757019,9757019,BENIGN
888,64,1,1,0,6,0,0,0.0,0.0,6,6,6.0,0.0,93750.0,31250.0,64.0,0.0,64,64,0,0.0,0.0,0,0,0,0.0,0.0,0,0,0,0,0,0,40,20,15625.0,15625.0,0,6,2.0,3.4641016,12.0,0,0,0,1,0,0,0,0,1,3.0,0.0,6.0,40,0,0,0,0,0,0,1,0,1,6,29200,0,0,40,0.0,0.0,0,0,0.0,0.0,0,0,PortScan
80,100066962,8,6,377,11595,371,0,47.125,130.88211,4344,0,1932.5,1754.8314,119.639885,0.13990632,7697458.5,27400000.0,98900000,1,99900000,14300000.0,37300000.0,98900000,1,150740,30148.0,60237.88,137436,16,0,0,0,0,260,200,0.079946466,0.05995985,0,4344,798.13336,1423.9515,2027637.9,0,0,0,0,1,0,0,0,0,855.1429,47.125,1932.5,260,0,0,0,0,0,0,8,377,6,11595,274,235,2,20,2026.0,0.0,2026,2026,98900000.0,0.0,98900000,98900000,DoS Hulk
59042,141,1,1,6,6,6,6,6.0,0.0,6,6,6.0,0.0,85106.38,14184.397,141.0,0.0,141,141,0,0.0,0.0,0,0,0,0.0,0.0,0,0,0,0,0,0,20,20,7092.1987,7092.1987,6,6,6.0,0.0,0.0,0,0,0,0,1,1,0,0,1,9.0,6.0,6.0,20,0,0,0,0,0,0,1,6,1,6,32,32850,0,20,0.0,0.0,0,0,0.0,0.0,0,0,BENIGN
53,75997,1,1,58,248,58,58,58.0,0.0,248,248,248.0,0.0,4026.4746,26.316828,75997.0,0.0,75997,75997,0,0.0,0.0,0,0,0,0.0,0.0,0,0,0,0,0,0,20,20,13.158414,13.158414,58,248,121.333336,109.69655,12033.333,0,0,0,0,0,0,0,0,1,182.0,58.0,248.0,20,0,0,0,0,0,0,1,58,1,248,-1,-1,0,20,0.0,0.0,0,0,0.0,0.0,0,0,BENIGN
123,22245,1,1,48,48,48,48,48.0,0.0,48,48,48.0,0.0,4315.5767,89.907845,22245.0,0.0,22245,22245,0,0.0,0.0,0,0,0,0.0,0.0,0,0,0,0,0,0,32,32,44.953922,44.953922,48,48,48.0,0.0,0.0,0,0,0,0,0,0,0,0,1,72.0,48.0,48.0,32,0,0,0,0,0,0,1,48,1,48,-1,-1,0,32,0.0,0.0,0,0,0.0,0.0,0,0,BENIGN
80,88207775,8,6,56,11607,20,0,7.0,5.656854,4380,0,1934.5,2177.345,132.22191,0.15871617,6785213.5,24200000.0,87300000,0,87500000,12500000.0,33000000.0,87300000,0,712472,142494.4,317619.03,710668,15,0,0,0,0,172,132,0.09069496,0.068021215,0,4380,777.93335,1627.4618,2648631.8,0,0,0,0,1,0,0,0,0,833.5,7.0,1934.5,172,0,0,0,0,0,0,8,56,6,11607,256,229,6,20,180100.0,0.0,180100,180100,87300000.0,0.0,87300000,87300000,DDoS
443,808161,21,29,570,40174,373,0,27.142857,85.30726,4344,0,1385.3103,1130.8314,50415.695,61.868862,16493.082,46262.582,160716,2,712090,35604.5,66002.81,163225,41,647445,23123.035,56992.484,160961,2,0,0,0,0,684,936,25.98492,35.883938,0,4344,798.902,1086.9209,1181396.9,0,0,0,1,0,0,0,0,1,814.88,27.142857,1385.3103,684,0,0,0,0,0,0,21,570,29,40174,65535,130,4,32,0.0,0.0,0,0,0.0,0.0,0,0,BENIGN
80,96862841,8,4,56,11601,20,0,7.0,5.656854,8760,0,2900.25,4128.3193,120.34543,0.12388652,8805713.0,27500000.0,91600000,1,96800000,13800000.0,34300000.0,91600000,1,121559,40519.668,60844.684,110506,187,0,0,0,0,172,92,0.08259101,0.041295506,0,8760,897.1539,2488.507,6192667.5,0,0,0,0,1,0,0,0,0,971.9167,7.0,2900.25,172,0,0,0,0,0,0,8,56,4,11601,256,229,6,20,1001.0,0.0,1001,1001,48400000.0,61100000.0,91600000,5178861,DDoS
80,9013,3,1,18,0,6,6,6.0,0.0,0,0,0.0,0.0,1997.1152,443.8034,3004.3333,2652.2385,5025,1,9013,4506.5,733.2697,5025,3988,0,0.0,0.0,0,0,0,0,0,0,60,32,332.85254,110.95085,0,6,4.8,2.6832817,7.2,1,0,0,0,0,0,0,0,0,6.0,6.0,0.0,60,0,0,0,0,0,0,3,18,1,0,0,235,2,20,0.0,0.0,0,0,0.0,0.0,0,0,DoS Hulk
0,117233695,149,0,0,0,0,0,0.0,0.0,0,0,0.0,0.0,0.0,1.2709657,792119.56,2252917.5,15900000,0,117000000,792119.56,2252917.5,15900000,0,0,0.0,0.0,0,0,0,0,0,0,0,0,1.2709657,0.0,0,0,0.0,0.0,0.0,0,0,0,0,0,0,0,0,0,0.0,0.0,0.0,0,0,0,0,0,0,0,149,0,0,0,-1,-1,0,0,3160403.2,4187439.0,12000000,1,7987453.5,4018648.5,15900000,5023085,BENIGN
21,227,2,1,14,0,14,0,7.0,9.899495,0,0,0.0,0.0,61674.008,13215.859,113.5,38.890873,141,86,227,227.0,0.0,227,227,0,0.0,0.0,0,0,1,0,0,0,64,20,8810.572,4405.286,0,14,7.0,8.082904,65.333336,0,1,0,0,1,0,0,0,0,9.333333,7.0,0.0,64,0,0,0,0,0,0,2,14,1,0,229,0,0,32,0.0,0.0,0,0,0.0,0.0,0,0,FTP-Patator
53,31491,1,1,47,106,47,47,47.0,0.0,106,106,106.0,0.0,4858.5312,63.51021,31491.0,0.0,31491,31491,0,0.0,0.0,0,0,0,0.0,0.0,0,0,0,0,0,0,20,20,31.755104,31.755104,47,106,66.666664,34.063667,1160.3334,0,0,0,0,0,0,0,0,1,100.0,47.0,106.0,20,0,0,0,0,0,0,1,47,1,106,-1,-1,0,20,0.0,0.0,0,0,0.0,0.0,0,0,BENIGN
123,168,2,2,96,96,48,48,48.0,0.0,48,48,48.0,0.0,1142857.1,23809.523,56.0,56.426945,116,4,4,4.0,0.0,4,4,48,48.0,0.0,48,48,0,0,0,0,40,40,11904.762,11904.762,48,48,48.0,0.0,0.0,0,0,0,0,0,0,0,0,1,60.0,48.0,48.0,40,0,0,0,0,0,0,2,96,2,96,-1,-1,1,20,0.0,0.0,0,0,0.0,0.0,0,0,BENIGN
80,1835397,3,5,26,11607,20,0,8.666667,10.263203,7300,0,2321.4,3346.364,6338.138,4.35873,262199.56,693304.8,1834467,1,655,327.5,461.74072,654,1,1835345,458836.25,917087.2,1834467,3,0,0,0,0,72,112,1.6345237,2.7242062,0,7300,1292.5555,2662.265,7087654.5,0,0,0,1,0,0,0,0,1,1454.125,8.666667,2321.4,72,0,0,0,0,0,0,3,26,5,11607,8192,229,2,20,0.0,0.0,0,0,0.0,0.0,0,0,DDoS
80,13997,2,1,12,0,6,6,6.0,0.0,0,0,0.0,0.0,857.3266,214.33165,6998.5,9847.876,13962,35,13997,13997.0,0.0,13997,13997,0,0.0,0.0,0,0,0,0,0,0,40,32,142.88776,71.44388,0,6,4.5,3.0,9.0,1,0,0,0,0,0,0,0,0,6.0,6.0,0.0,40,0,0,0,0,0,0,2,12,1,0,0,235,1,20,0.0,0.0,0,0,0.0,0.0,0,0,DoS Hulk
1021,45,1,1,0,6,0,0,0.0,0.0,6,6,6.0,0.0,133333.33,44444.445,45.0,0.0,45,45,0,0.0,0.0,0,0,0,0.0,0.0,0,0,0,0,0,0,40,20,22222.223,22222.223,0,6,2.0,3.4641016,12.0,0,0,0,1,0,0,0,0,1,3.0,0.0,6.0,40,0,0,0,0,0,0,1,0,1,6,29200,0,0,40,0.0,0.0,0,0,0.0,0.0,0,0,PortScan
80,117503,3,4,26,11607,20,0,8.666667,10.263203,11595,0,2901.75,5795.5005,99001.73,59.57295,19583.834,47488.46,116518,5,834,417.0,510.5311,778,56,117395,39131.668,67019.93,116518,5,0,0,0,0,72,92,25.531263,34.041683,0,11595,1454.125,4097.5376,16800000.0,0,0,0,1,0,0,0,0,1,1661.8572,8.666667,2901.75,72,0,0,0,0,0,0,3,26,4,11607,8192,229,2,20,0.0,0.0,0,0,0.0,0.0,0,0,DDoS
80,1824361,3,6,26,11601,20,0,8.666667,10.263203,5840,0,1933.5,2189.773,6373.1904,4.933234,228045.12,635614.06,1800990,31,23002,11501.0,15658.173,22573,429,1824330,364866.0,802879.25,1800990,47,0,0,0,0,72,132,1.6444114,3.288823,0,5840,1162.7,1911.5957,3654198.2,0,0,0,1,0,0,0,0,2,1291.8889,8.666667,1933.5,72,0,0,0,0,0,0,3,26,6,11601,8192,229,2,20,0.0,0.0,0,0,0.0,0.0,0,0,DDoS
80,10996,3,1,18,0,6,6,6.0,0.0,0,0,0.0,0.0,1636.9589,363.76865,3665.3333,4714.8833,9003,68,10996,5498.0,4956.8184,9003,1993,0,0.0,0.0,0,0,0,0,0,0,60,32,272.82648,90.94216,0,6,4.8,2.6832817,7.2,1,0,0,0,0,0,0,0,0,6.0,6.0,0.0,60,0,0,0,0,0,0,3,18,1,0,0,235,2,20,0.0,0.0,0,0,0.0,0.0,0,0,DoS Hulk
80,45512,3,6,26,11601,20,0,8.666667,10.263203,5840,0,1933.5,2189.773,255471.08,197.75005,5689.0,15885.021,45002,4,45041,22520.5,31840.31,45035,6,45483,9096.6,20071.854,45002,47,0,0,0,0,72,132,65.91668,131.83336,0,5840,1162.7,1911.5957,3654198.2,0,0,0,1,0,0,0,0,2,1291.8889,8.666667,1933.5,72,0,0,0,0,0,0,3,26,6,11601,8192,229,2,20,0.0,0.0,0,0,0.0,0.0,0,0,DDoS
80,99663692,8,7,1352,11595,335,0,169.0,177.47595,4344,0,1656.4286,1760.5973,129.90689,0.15050617,7118835.0,26300000.0,98700000,16,99500000,14200000.0,37200000.0,98700000,1002,99700000,16600000.0,40200000.0,98700000,16,0,0,0,0,240,232,0.080269955,0.07023621,0,4344,809.5625,1360.5697,1851150.0,1,0,0,0,0,0,0,0,0,863.5333,169.0,1656.4286,240,0,0,0,0,0,0,8,1352,7,11595,0,235,5,20,13024.0,0.0,13024,13024,98700000.0,0.0,98700000,98700000,DoS Hulk
80,77921228,8,5,56,11607,20,0,7.0,5.656854,8675,0,2321.4,3769.5361,149.6768,0.16683516,6493435.5,19800000.0,68900000,4,76600000,10900000.0,25700000.0,68900000,120,1358649,339662.25,678643.94,1357628,4,0,0,0,0,172,112,0.102667786,0.064167365,0,8675,833.5,2386.7686,5696664.5,0,0,0,0,1,0,0,0,0,897.61536,7.0,2321.4,172,0,0,0,0,0,0,8,56,5,11607,256,229,6,20,620.0,0.0,620,620,38300000.0,43300000.0,68900000,7636215,DDoS
80,85575277,6,6,296,11595,296,0,49.333332,120.84149,7240,0,1932.5,2845.8357,138.95369,0.14022742,7779570.5,25800000.0,85400000,0,85400000,17100000.0,38200000.0,85400000,0,141633,28326.6,56580.344,129124,71,0,0,0,0,200,200,0.07011371,0.07011371,0,7240,914.6923,2083.9116,4342687.5,0,0,0,0,1,0,0,0,1,990.9167,49.333332,1932.5,200,0,0,0,0,0,0,6,296,6,11595,251,235,1,32,3.0,0.0,3,3,85400000.0,0.0,85400000,85400000,DoS Hulk
80,1991,5,0,12,0,6,0,2.4,3.2863352,0,0,0.0,0.0,6027.122,2511.3008,497.75,572.44354,994,1,1991,497.75,572.44354,994,1,0,0.0,0.0,0,0,0,0,0,0,136,0,2511.3008,0.0,0,6,2.0,3.0983868,9.6,0,0,0,0,1,0,0,0,0,2.4,2.4,0.0,136,0,0,0,0,0,0,5,12,0,0,251,-1,2,20,0.0,0.0,0,0,0.0,0.0,0,0,DoS Hulk
1113,27,1,1,2,6,2,2,2.0,0.0,6,6,6.0,0.0,296296.28,74074.07,27.0,0.0,27,27,0,0.0,0.0,0,0,0,0.0,0.0,0,0,0,0,0,0,24,20,37037.035,37037.035,2,6,3.3333333,2.309401,5.3333335,0,0,0,1,0,0,0,0,1,5.0,2.0,6.0,24,0,0,0,0,0,0,1,2,1,6,1024,0,0,24,0.0,0.0,0,0,0.0,0.0,0,0,PortScan
2366,19,1,1,0,6,0,0,0.0,0.0,6,6,6.0,0.0,315789.47,105263.16,19.0,0.0,19,19,0,0.0,0.0,0,0,0,0.0,0.0,0,0,0,0,0,0,40,20,52631.58,52631.58,0,6,2.0,3.4641016,12.0,0,0,0,1,0,0,0,0,1,3.0,0.0,6.0,40,0,0,0,0,0,0,1,0,1,6,29200,0,0,40,0.0,0.0,0,0,0.0,0.0,0,0,PortScan
80,98710473,6,5,349,11595,349,0,58.166668,142.47865,5792,0,2319.0,2423.6296,121.000336,0.11143701,9871047.0,31200000.0,98600000,4,98700000,19700000.0,44100000.0,98600000,4,67422,16855.5,26120.121,55127,49,0,0,0,0,200,168,0.060783826,0.050653186,0,5792,995.3333,1873.7,3510751.8,0,0,0,0,1,0,0,0,0,1085.8182,58.166668,2319.0,200,0,0,0,0,0,0,6,349,5,11595,274,235,1,32,439.0,0.0,439,439,98600000.0,0.0,98600000,98600000,DoS Hulk
80,997107,4,6,356,11595,356,0,89.0,178.0,5792,0,1932.5,2537.82,11985.675,10.029014,110789.664,331823.06,995651,10,996490,332163.34,574597.3,995651,42,1366,273.2,326.10767,825,10,0,0,0,0,144,200,4.0116057,6.0174084,0,5792,1086.4546,2043.3431,4175251.0,0,0,0,1,0,0,0,0,1,1195.1,89.0,1932.5,144,0,0,0,0,0,0,4,356,6,11595,29200,235,1,32,0.0,0.0,0,0,0.0,0.0,0,0,DoS Hulk
50417,24,1,1,6,6,6,6,6.0,0.0,6,6,6.0,0.0,500000.0,83333.336,24.0,0.0,24,24,0,0.0,0.0,0,0,0,0.0,0.0,0,0,0,0,0,0,20,20,41666.668,41666.668,6,6,6.0,0.0,0.0,0,0,0,0,1,1,0,0,1,9.0,6.0,6.0,20,0,0,0,0,0,0,1,6,1,6,1071,252,0,20,0.0,0.0,0,0,0.0,0.0,0,0,BENIGN
80,98667258,7,7,350,11595,350,0,50.0,132.28757,5792,0,1656.4286,2118.2273,121.06346,0.14189105,7589789.0,27300000.0,98500000,3,98500000,16400000.0,40200000.0,98500000,3,140622,23437.0,52457.727,130213,13,0,0,0,0,232,232,0.07094552,0.07094552,0,5792,796.3333,1619.9186,2624136.2,0,0,0,0,1,0,0,0,1,853.2143,50.0,1656.4286,232,0,0,0,0,0,0,7,350,7,11595,251,235,1,32,519.0,0.0,519,519,98500000.0,0.0,98500000,98500000,DoS Hulk
80,212701,3,5,26,11601,20,0,8.666667,10.263203,7300,0,2320.2,3032.7554,54663.59,37.611485,30385.857,78144.11,207559,4,4673,2336.5,3298.653,4669,4,212646,53161.5,102953.67,207559,188,0,0,0,0,72,112,14.104306,23.507177,0,7300,1291.8889,2466.9492,6085838.0,0,0,0,1,0,0,0,0,1,1453.375,8.666667,2320.2,72,0,0,0,0,0,0,3,26,5,11601,8192,229,2,20,0.0,0.0,0,0,0.0,0.0,0,0,DDoS
80,98892095,6,7,371,11595,353,0,61.833332,142.67224,5792,0,1656.4286,2277.2324,121.00057,0.1314564,8241008.0,28500000.0,98900000,4,98900000,19800000.0,44200000.0,98900000,4,98900000,16500000.0,40400000.0,98900000,58,0,0,0,0,164,232,0.06067219,0.07078422,0,5792,855.1429,1758.6708,3092923.0,1,0,0,0,0,0,0,0,1,920.9231,61.833332,1656.4286,164,0,0,0,0,0,0,6,371,7,11595,0,235,3,20,11983.0,0.0,11983,11983,98900000.0,0.0,98900000,98900000,DoS Hulk
80,13297,2,2,12,0,6,6,6.0,0.0,0,0,0.0,0.0,902.4592,300.81973,4432.3335,7447.16,13031,47,266,266.0,0.0,266,266,13250,13250.0,0.0,13250,13250,0,0,0,0,40,64,150.40987,150.40987,0,6,3.6,3.2863352,10.8,1,0,0,0,0,0,0,0,1,4.5,6.0,0.0,40,0,0,0,0,0,0,2,12,2,0,0,235,1,20,0.0,0.0,0,0,0.0,0.0,0,0,DoS Hulk
3580,92,1,1,0,6,0,0,0.0,0.0,6,6,6.0,0.0,65217.39,21739.13,92.0,0.0,92,92,0,0.0,0.0,0,0,0,0.0,0.0,0,0,0,0,0,0,40,20,10869.565,10869.565,0,6,2.0,3.4641016,12.0,0,0,0,1,0,0,0,0,1,3.0,0.0,6.0,40,0,0,0,0,0,0,1,0,1,6,29200,0,0,40,0.0,0.0,0,0,0.0,0.0,0,0,PortScan
5850,51,1,1,0,6,0,0,0.0,0.0,6,6,6.0,0.0,117647.06,39215.688,51.0,0.0,51,51,0,0.0,0.0,0,0,0,0.0,0.0,0,0,0,0,0,0,40,20,19607.844,19607.844,0,6,2.0,3.4641016,12.0,0,0,0,1,0,0,0,0,1,3.0,0.0,6.0,40,0,0,0,0,0,0,1,0,1,6,29200,0,0,40,0.0,0.0,0,0,0.0,0.0,0,0,PortScan
80,6014881,4,2,0,0,0,0,0.0,0.0,0,0,0.0,0.0,0.0,0.997526,1202976.2,2009987.2,4721933,50,6014881,2004960.4,2380807.5,4721933,283447,1009505,1009505.0,0.0,1009505,1009505,0,0,0,0,136,80,0.6650173,0.33250865,0,0,0.0,0.0,0.0,0,0,0,1,0,0,0,0,0,0.0,0.0,0.0,136,0,0,0,0,0,0,4,0,2,0,29200,11584,0,32,0.0,0.0,0,0,0.0,0.0,0,0,BENIGN
80,67357747,7,8,674,11595,328,0,96.28571,158.31374,4344,0,1449.375,1547.982,182.14684,0.22269154,4811267.5,17900000.0,67000000,1,67200000,11200000.0,27300000.0,67000000,1,67400000,9622526.0,25300000.0,67000000,14,0,0,0,0,196,264,0.10392272,0.11876882,0,4344,767.1875,1274.8157,1625155.1,1,0,0,0,0,0,0,0,1,818.3333,96.28571,1449.375,196,0,0,0,0,0,0,7,674,8,11595,0,235,4,20,11013.0,0.0,11013,11013,67000000.0,0.0,67000000,67000000,DoS Hulk
2638,90,1,1,0,6,0,0,0.0,0.0,6,6,6.0,0.0,66666.664,22222.223,90.0,0.0,90,90,0,0.0,0.0,0,0,0,0.0,0.0,0,0,0,0,0,0,40,20,11111.111,11111.111,0,6,2.0,3.4641016,12.0,0,0,0,1,0,0,0,0,1,3.0,0.0,6.0,40,0,0,0,0,0,0,1,0,1,6,29200,0,0,40,0.0,0.0,0,0,0.0,0.0,0,0,PortScan
80,98834947,7,6,312,11595,306,0,44.57143,115.30085,4344,0,1932.5,1754.8314,120.47358,0.13153242,8236245.5,28500000.0,98800000,2,98800000,16500000.0,40300000.0,98800000,2,9704,1940.8,3983.561,9062,16,0,0,0,0,220,200,0.07082515,0.06070727,0,4344,850.5,1461.5922,2136251.8,0,0,0,0,1,0,0,0,0,915.9231,44.57143,1932.5,220,0,0,0,0,0,0,7,312,6,11595,274,235,2,20,1985.0,0.0,1985,1985,98800000.0,0.0,98800000,98800000,DoS Hulk
51777,80,1,1,0,0,0,0,0.0,0.0,0,0,0.0,0.0,0.0,25000.0,80.0,0.0,80,80,0,0.0,0.0,0,0,0,0.0,0.0,0,0,0,0,0,0,32,32,12500.0,12500.0,0,0,0.0,0.0,0.0,0,0,0,0,1,1,0,0,1,0.0,0.0,0.0,32,0,0,0,0,0,0,1,0,1,0,357,692,0,32,0.0,0.0,0,0,0.0,0.0,0,0,BENIGN
80,4004900,5,0,30,0,6,6,6.0,0.0,0,0,0.0,0.0,7.4908237,1.2484707,1001225.0,2001108.9,4002888,0,4004900,1001225.0,2001108.9,4002888,0,0,0.0,0.0,0,0,0,0,0,0,100,0,1.2484707,0.0,6,6,6.0,0.0,0.0,0,0,0,0,1,0,0,0,0,7.2,6.0,0.0,100,0,0,0,0,0,0,5,30,0,0,256,-1,4,20,0.0,0.0,0,0,0.0,0.0,0,0,DDoS
80,86023020,7,5,368,11595,368,0,52.57143,139.09093,5792,0,2319.0,3170.4038,139.06743,0.13949755,7820274.5,25900000.0,85900000,3,85900000,14300000.0,35100000.0,85900000,3,142408,35602.0,62048.61,128155,84,0,0,0,0,232,168,0.081373565,0.058123976,0,5792,920.2308,2164.5122,4685112.5,0,0,0,0,1,0,0,0,0,996.9167,52.57143,2319.0,232,0,0,0,0,0,0,7,368,5,11595,274,235,1,32,989.0,0.0,989,989,85900000.0,0.0,85900000,85900000,DoS Hulk
53,55760831,2,2,129,273,76,53,64.5,16.263456,204,69,136.5,95.45942,7.2093616,0.07173494,18600000.0,32100000.0,55700000,23566,55700000,55700000.0,0.0,55700000,55700000,55700000,55700000.0,0.0,55700000,55700000,0,0,0,0,64,52,0.03586747,0.03586747,53,204,95.6,61.321285,3760.3,0,0,0,0,0,0,0,0,1,119.5,64.5,136.5,64,0,0,0,0,0,0,2,129,2,273,-1,-1,1,32,23566.0,0.0,23566,23566,55700000.0,0.0,55700000,55700000,BENIGN
51930,7,1,1,6,6,6,6,6.0,0.0,6,6,6.0,0.0,1714285.8,285714.28,7.0,0.0,7,7,0,0.0,0.0,0,0,0,0.0,0.0,0,0,0,0,0,0,20,20,142857.14,142857.14,6,6,6.0,0.0,0.0,0,0,0,0,1,1,0,0,1,9.0,6.0,6.0,20,0,0,0,0,0,0,1,6,1,6,237,256,0,20,0.0,0.0,0,0,0.0,0.0,0,0,Bot
80,449,2,1,8,2,6,2,4.0,2.828427,2,2,2.0,0.0,22271.715,6681.5146,224.5,188.79752,358,91,449,449.0,0.0,449,449,0,0.0,0.0,0,0,0,0,0,0,44,24,4454.343,2227.1714,2,6,3.0,2.0,4.0,0,0,0,1,0,0,0,0,0,4.0,4.0,2.0,44,0,0,0,0,0,0,2,8,1,2,1024,29200,1,20,0.0,0.0,0,0,0.0,0.0,0,0,PortScan
1099,46,1,1,0,6,0,0,0.0,0.0,6,6,6.0,0.0,130434.78,43478.26,46.0,0.0,46,46,0,0.0,0.0,0,0,0,0.0,0.0,0,0,0,0,0,0,40,20,21739.13,21739.13,0,6,2.0,3.4641016,12.0,0,0,0,1,0,0,0,0,1,3.0,0.0,6.0,40,0,0,0,0,0,0,1,0,1,6,29200,0,0,40,0.0,0.0,0,0,0.0,0.0,0,0,PortScan
54557,42,1,1,0,0,0,0,0.0,0.0,0,0,0.0,0.0,0.0,47619.047,42.0,0.0,42,42,0,0.0,0.0,0,0,0,0.0,0.0,0,0,0,0,0,0,32,32,23809.523,23809.523,0,0,0.0,0.0,0.0,0,0,0,0,1,0,0,0,1,0.0,0.0,0.0,32,0,0,0,0,0,0,1,0,1,0,122,33304,0,32,0.0,0.0,0,0,0.0,0.0,0,0,BENIGN
80,86543995,7,6,416,11595,416,0,59.42857,157.23322,5792,0,1932.5,2537.82,138.7849,0.15021262,7211999.5,24700000.0,85500000,3,86500000,14400000.0,34800000.0,85500000,3,1529,305.8,359.8961,919,48,0,0,0,0,240,200,0.08088372,0.0693289,0,5792,857.9286,1849.7083,3421420.8,0,0,0,0,1,0,0,0,0,923.9231,59.42857,1932.5,240,0,0,0,0,0,0,7,416,6,11595,251,235,1,32,1011.0,0.0,1011,1011,85500000.0,0.0,85500000,85500000,DoS Hulk
55056,21,1,1,0,6,0,0,0.0,0.0,6,6,6.0,0.0,285714.28,95238.09,21.0,0.0,21,21,0,0.0,0.0,0,0,0,0.0,0.0,0,0,0,0,0,0,40,20,47619.047,47619.047,0,6,2.0,3.4641016,12.0,0,0,0,1,0,0,0,0,1,3.0,0.0,6.0,40,0,0,0,0,0,0,1,0,1,6,29200,0,0,40,0.0,0.0,0,0,0.0,0.0,0,0,PortScan
53,138,2,2,66,98,33,33,33.0,0.0,49,49,49.0,0.0,1188405.8,28985.508,46.0,73.61386,131,3,4,4.0,0.0,4,4,3,3.0,0.0,3,3,0,0,0,0,64,80,14492.754,14492.754,33,49,39.4,8.763561,76.8,0,0,0,0,0,0,0,0,1,49.25,33.0,49.0,64,0,0,0,0,0,0,2,66,2,98,-1,-1,1,32,0.0,0.0,0,0,0.0,0.0,0,0,BENIGN
80,119293389,161,187,10146,334522,1465,0,63.018635,254.18224,4344,0,1788.8877,866.72766,2889.2463,2.9171777,343784.97,1796718.6,10200000,1,119000000,745583.7,2598860.8,10200000,1,116000000,624473.2,2417364.5,10200000,1,0,0,0,0,5376,5992,1.3496138,1.5675638,0,4344,987.5874,1083.7562,1174527.6,0,0,0,1,0,0,0,0,1,990.4253,63.018635,1788.8877,5376,0,0,0,0,0,0,161,10146,187,334522,29200,1570,11,32,350709.1,1086430.1,3626419,22927,10200000.0,27550.184,10200000,10100000,BENIGN
40678,60,1,1,0,0,0,0,0.0,0.0,0,0,0.0,0.0,0.0,33333.332,60.0,0.0,60,60,0,0.0,0.0,0,0,0,0.0,0.0,0,0,0,0,0,0,32,32,16666.666,16666.666,0,0,0.0,0.0,0.0,0,0,0,0,1,1,0,0,1,0.0,0.0,0.0,32,0,0,0,0,0,0,1,0,1,0,375,1373,0,32,0.0,0.0,0,0,0.0,0.0,0,0,BENIGN
53,90221743,4,4,188,252,47,47,47.0,0.0,63,63,63.0,0.0,4.876873,0.088670425,12888820.0,34100464.0,90221402,3,90221596,30073866.0,52089456.0,90221590,3,90221600,30073866.0,52089420.0,90221549,3,0,0,0,0,104,104,0.044335213,0.044335213,47,63,54.11111,8.43274,71.111115,0,0,0,0,0,0,0,0,1,60.875,47.0,63.0,104,0,0,0,0,0,0,4,188,4,252,-1,-1,3,20,191.0,0.0,191,191,90221400.0,0.0,90221402,90221402,BENIGN
80,100053805,8,6,306,11595,306,0,38.25,108.18734,4344,0,1932.5,1754.8314,118.946,0.13992472,7696446.5,27700000.0,99900000,0,99900000,14300000.0,37800000.0,99900000,0,144467,28893.4,59031.844,134216,48,0,0,0,0,264,200,0.07995698,0.059967734,0,4344,793.4,1425.6799,2032563.4,0,0,0,0,1,0,0,0,0,850.0714,38.25,1932.5,264,0,0,0,0,0,0,8,306,6,11595,274,235,1,32,1001.0,0.0,1001,1001,99900000.0,0.0,99900000,99900000,DoS Hulk
3945,56,1,1,2,6,2,2,2.0,0.0,6,6,6.0,0.0,142857.14,35714.285,56.0,0.0,56,56,0,0.0,0.0,0,0,0,0.0,0.0,0,0,0,0,0,0,24,20,17857.143,17857.143,2,6,3.3333333,2.309401,5.3333335,0,0,0,1,0,0,0,0,1,5.0,2.0,6.0,24,0,0,0,0,0,0,1,2,1,6,1024,0,0,24,0.0,0.0,0,0,0.0,0.0,0,0,PortScan
53,202,2,2,80,272,40,40,40.0,0.0,136,136,136.0,0.0,1742574.2,19801.98,67.333336,103.69346,187,4,4,4.0,0.0,4,4,11,11.0,0.0,11,11,0,0,0,0,64,64,9900.99,9900.99,40,136,78.4,52.581364,2764.8,0,0,0,0,0,0,0,0,1,98.0,40.0,136.0,64,0,0,0,0,0,0,2,80,2,272,-1,-1,1,32,0.0,0.0,0,0,0.0,0.0,0,0,BENIGN
80,1374373,3,5,26,11607,20,0,8.666667,10.263203,7215,0,2321.4,3327.7698,8464.224,5.820836,196339.0,518006.72,1371066,4,2687,1343.5,1894.3391,2683,4,1374287,343571.75,684997.3,1371066,159,0,0,0,0,72,112,2.1828136,3.6380227,0,7215,1292.5555,2650.5857,7025604.5,0,0,0,1,0,0,0,0,1,1454.125,8.666667,2321.4,72,0,0,0,0,0,0,3,26,5,11607,8192,229,2,20,0.0,0.0,0,0,0.0,0.0,0,0,DDoS
80,101178180,8,6,364,11595,364,0,45.5,128.69344,5792,0,1932.5,2537.82,118.19742,0.13836975,7782937.0,27200000.0,98200000,2,101000000,14500000.0,36900000.0,98200000,3,1402,280.4,465.1863,1103,2,0,0,0,0,280,200,0.07906843,0.059301324,0,5792,797.26666,1796.9811,3229141.2,0,0,0,0,1,0,0,0,0,854.2143,45.5,1932.5,280,0,0,0,0,0,0,8,364,6,11595,251,235,1,32,673.0,0.0,673,673,98200000.0,0.0,98200000,98200000,DoS Hulk
443,28087,2,0,12,0,6,6,6.0,0.0,0,0,0.0,0.0,427.24393,71.20732,28087.0,0.0,28087,28087,28087,28087.0,0.0,28087,28087,0,0.0,0.0,0,0,0,0,0,0,40,0,71.20732,0.0,6,6,6.0,0.0,0.0,0,0,0,0,1,0,0,0,0,9.0,6.0,0.0,40,0,0,0,0,0,0,2,12,0,0,16337,-1,1,20,0.0,0.0,0,0,0.0,0.0,0,0,BENIGN
53,24192,2,2,74,240,37,37,37.0,0.0,120,120,120.0,0.0,12979.497,165.34392,8064.0,13961.195,24185,3,4,4.0,0.0,4,4,3,3.0,0.0,3,3,0,0,0,0,64,64,82.67196,82.67196,37,120,70.2,45.46097,2066.7,0,0,0,0,0,0,0,0,1,87.75,37.0,120.0,64,0,0,0,0,0,0,2,74,2,240,-1,-1,1,32,0.0,0.0,0,0,0.0,0.0,0,0,BENIGN
80,99436697,11,5,724,11595,356,0,65.818184,143.48924,10136,0,2319.0,4414.366,123.88786,0.16090639,6629113.0,25300000.0,98100000,3,99300000,9930721.0,31000000.0,98100000,3,353431,88357.75,108976.46,223997,84,0,0,0,0,344,168,0.11062314,0.050283246,0,10136,724.64703,2451.555,6010121.0,0,0,0,0,1,0,0,0,0,769.9375,65.818184,2319.0,344,0,0,0,0,0,0,11,724,5,11595,274,235,4,20,4980.0,0.0,4980,4980,98100000.0,0.0,98100000,98100000,DoS Hulk
443,119776761,25,21,1593,4908,414,0,63.72,136.80537,1418,0,233.71428,452.51544,54.27597,0.38404778,2661705.8,4315280.5,10000000,4,120000000,4990698.5,4886657.0,10000000,32,115000000,5725025.0,4947240.0,10000000,48,0,0,0,0,808,680,0.20872162,0.17532617,0,1418,138.31915,326.17493,106390.09,0,0,0,1,0,0,0,0,0,141.32608,63.72,233.71428,808,0,0,0,0,0,0,25,1593,21,4908,29200,374,6,32,373273.9,1147721.5,4017779,41728,9608119.0,1377452.8,10000000,5234120,BENIGN
714,16,1,1,0,6,0,0,0.0,0.0,6,6,6.0,0.0,375000.0,125000.0,16.0,0.0,16,16,0,0.0,0.0,0,0,0,0.0,0.0,0,0,0,0,0,0,40,20,62500.0,62500.0,0,6,2.0,3.4641016,12.0,0,0,0,1,0,0,0,0,1,3.0,0.0,6.0,40,0,0,0,0,0,0,1,0,1,6,29200,0,0,40,0.0,0.0,0,0,0.0,0.0,0,0,PortScan
443,117980744,17,18,1014,7687,339,0,59.64706,92.1147,1430,0,427.05554,595.656,73.74932,0.29665858,3470022.0,14000000.0,58900000,1,118000000,7373796.5,20100000.0,58900000,49,118000000,6934564.5,19500000.0,59000000,1,0,0,0,0,352,372,0.14409131,0.15256727,0,1430,241.69444,460.05402,211649.7,0,0,0,1,0,0,0,0,1,248.6,59.64706,427.05554,352,0,0,0,0,0,0,17,1014,18,7687,8192,360,16,20,216534.0,184289.0,346846,86222,58700000.0,194672.16,58900000,58600000,BENIGN
4445,16,1,1,2,6,2,2,2.0,0.0,6,6,6.0,0.0,500000.0,125000.0,16.0,0.0,16,16,0,0.0,0.0,0,0,0,0.0,0.0,0,0,0,0,0,0,24,20,62500.0,62500.0,2,6,3.3333333,2.309401,5.3333335,0,0,0,1,0,0,0,0,1,5.0,2.0,6.0,24,0,0,0,0,0,0,1,2,1,6,1024,0,0,24,0.0,0.0,0,0,0.0,0.0,0,0,PortScan
80,85800175,6,7,361,11595,349,0,60.166668,141.52939,4355,0,1656.4286,2121.9836,139.34703,0.15151484,7150014.5,24500000.0,84800000,4,85800000,17200000.0,37800000.0,84800000,4,85800000,14300000.0,35000000.0,85800000,15,0,0,0,0,184,232,0.06992993,0.081584916,0,4355,854.4286,1666.9735,2778801.0,1,0,0,0,0,0,0,0,1,920.1539,60.166668,1656.4286,184,0,0,0,0,0,0,6,361,7,11595,0,235,2,20,2992.0,0.0,2992,2992,84800000.0,0.0,84800000,84800000,DoS Hulk
80,116042137,16,14,419,685,335,0,26.1875,82.3636,679,0,48.92857,181.35408,9.513785,0.25852677,4001453.0,4883316.5,10000000,44,116000000,7736142.5,4134189.2,10000000,11189,110000000,8486661.0,3758510.8,10000000,1104,0,0,0,0,332,424,0.13788095,0.12064583,0,679,35.612904,133.47775,17816.312,0,0,0,1,0,0,0,0,0,36.8,26.1875,48.92857,332,0,0,0,0,0,0,16,419,14,685,8192,60,15,20,31371.545,26377.834,110903,23223,9998342.0,16763.082,10000000,9948901,BENIGN
80,6429300,3,1,12,0,6,0,4.0,3.4641016,0,0,0.0,0.0,1.8664551,0.62215173,2143100.0,3680261.2,6392647,14,6429300,3214650.0,4494386.5,6392661,36639,0,0.0,0.0,0,0,0,0,0,0,72,32,0.46661377,0.15553793,0,6,2.4,3.2863352,10.8,0,0,0,1,0,0,0,0,0,3.0,4.0,0.0,72,0,0,0,0,0,0,3,12,1,0,8192,42780,2,20,0.0,0.0,0,0,0.0,0.0,0,0,BENIGN
443,64065077,2,0,74,0,37,37,37.0,0.0,0,0,0.0,0.0,1.1550754,0.031218257,64065076.0,0.0,64065077,64065077,64065077,64065076.0,0.0,64065077,64065077,0,0.0,0.0,0,0,1,0,0,0,64,0,0.031218257,0.0,37,37,37.0,0.0,0.0,0,1,0,0,1,1,0,0,0,55.5,37.0,0.0,64,0,0,0,0,0,0,2,74,0,0,32832,-1,1,32,0.0,0.0,0,0,0.0,0.0,0,0,BENIGN
3268,109933503,22,13,2986,6356,1305,0,135.72728,379.29337,2910,0,488.92307,897.6078,84.978645,0.31837428,3233338.2,18849180.0,109909393,2,109933419,5234924.5,23983934.0,109909393,2,109933441,9161120.0,31727518.0,109909520,3,0,0,0,0,728,408,0.20012097,0.118253306,0,2910,259.5,627.4246,393661.62,0,0,0,1,0,0,0,0,0,266.91428,135.72728,488.92307,728,0,0,0,0,0,0,22,2986,13,6356,65535,0,10,32,24023.0,0.0,24023,24023,109909390.0,0.0,109909393,109909393,BENIGN
443,2995955,8,5,1585,3658,918,0,198.125,340.58875,1460,0,731.6,682.7465,1750.0262,4.339184,249662.92,793128.4,2767333,96,2995955,427993.56,1032121.56,2767333,96,140920,35230.0,32351.436,78573,210,0,0,0,0,172,112,2.670267,1.668917,0,1460,374.5,533.73096,284868.72,0,0,0,1,0,0,0,0,0,403.30768,198.125,731.6,172,0,0,0,0,0,0,8,1585,5,3658,8192,126,7,20,0.0,0.0,0,0,0.0,0.0,0,0,BENIGN
53,115775871,2,2,88,452,46,42,44.0,2.828427,280,172,226.0,76.36753,4.664184,0.034549512,38591956.0,66776484.0,115698799,30735,115729534,115729540.0,0.0,115729534,115729534,115745136,115745140.0,0.0,115745136,115745136,0,0,0,0,52,72,0.017274756,0.017274756,42,280,117.2,106.41992,11325.2,0,0,0,0,0,0,0,0,1,146.5,44.0,226.0,52,0,0,0,0,0,0,2,88,2,452,-1,-1,1,20,30735.0,0.0,30735,30735,115698800.0,0.0,115698799,115698799,BENIGN
80,98551768,7,6,384,11595,378,0,54.857143,142.51015,4344,0,1932.5,1754.8314,121.55033,0.13191037,8212647.5,28400000.0,98500000,1,98500000,16400000.0,40200000.0,98500000,1,11521,2304.2,3174.6658,6985,47,0,0,0,0,220,200,0.07102866,0.060881708,0,4344,855.6429,1459.6543,2130590.8,0,0,0,0,1,0,0,0,0,921.46155,54.857143,1932.5,220,0,0,0,0,0,0,7,384,6,11595,251,235,2,20,2012.0,0.0,2012,2012,98500000.0,0.0,98500000,98500000,DoS Hulk
443,105665,3,0,0,0,0,0,0.0,0.0,0,0,0.0,0.0,0.0,28.391615,52832.5,17971.12,65540,40125,105665,52832.5,17971.12,65540,40125,0,0.0,0.0,0,0,0,0,0,0,96,0,28.391615,0.0,0,0,0.0,0.0,0.0,0,0,0,0,1,0,0,0,0,0.0,0.0,0.0,96,0,0,0,0,0,0,3,0,0,0,333,-1,0,32,0.0,0.0,0,0,0.0,0.0,0,0,BENIGN
443,307250,10,5,896,1471,645,0,89.6,201.10318,1333,0,294.2,583.77325,7703.824,48.82018,21946.428,35597.26,87174,3,307250,34138.89,42925.7,96245,40,211350,52837.5,55577.31,112183,3,0,0,0,0,332,168,32.546787,16.273394,0,1333,147.9375,354.9675,126001.93,0,0,0,1,0,0,0,0,0,157.8,89.6,294.2,332,0,0,0,0,0,0,10,896,5,1471,65535,115,5,32,0.0,0.0,0,0,0.0,0.0,0,0,BENIGN
53,684,1,1,79,163,79,79,79.0,0.0,163,163,163.0,0.0,353801.16,2923.9766,684.0,0.0,684,684,0,0.0,0.0,0,0,0,0.0,0.0,0,0,0,0,0,0,20,20,1461.9883,1461.9883,79,163,107.0,48.49742,2352.0,0,0,0,0,0,0,0,0,1,160.5,79.0,163.0,20,0,0,0,0,0,0,1,79,1,163,-1,-1,0,20,0.0,0.0,0,0,0.0,0.0,0,0,BENIGN
80,5010129,10,8,366,11632,366,0,36.6,115.739365,4344,0,1454.0,1725.0278,2394.7488,3.592722,294713.47,1211532.8,4996146,0,13983,1553.6666,2555.949,6005,0,5010018,715716.9,1890593.9,5003178,16,0,0,0,0,328,264,1.9959565,1.5967653,0,4344,631.4737,1297.4443,1683361.8,0,0,0,1,0,0,0,0,0,666.55554,36.6,1454.0,328,0,0,0,0,0,0,10,366,8,11632,29200,235,1,32,0.0,0.0,0,0,0.0,0.0,0,0,DoS GoldenEye
80,84730395,10,6,692,11595,340,0,69.2,142.74515,4344,0,1932.5,1754.8314,145.0129,0.18883425,5648693.0,21800000.0,84400000,0,84600000,9398618.0,28100000.0,84400000,0,360748,72149.6,102223.25,217988,15,0,0,0,0,304,200,0.1180214,0.070812844,0,4344,722.7647,1349.8881,1822198.0,0,0,0,0,1,0,0,0,0,767.9375,69.2,1932.5,304,0,0,0,0,0,0,10,692,6,11595,274,235,4,20,2942.0,0.0,2942,2942,84400000.0,0.0,84400000,84400000,DoS Hulk
80,83430610,7,7,321,11595,321,0,45.857143,121.3266,7240,0,1656.4286,2565.8508,142.82527,0.16780412,6417739.0,22800000.0,82300000,1,83300000,13900000.0,33500000.0,82300000,1,112898,18816.334,39793.906,99365,70,0,0,0,0,240,232,0.08390206,0.08390206,0,7240,794.4,1877.3995,3524628.8,0,0,0,0,1,0,0,0,1,851.1429,45.857143,1656.4286,240,0,0,0,0,0,0,7,321,7,11595,274,235,1,32,4.0,0.0,4,4,82300000.0,0.0,82300000,82300000,DoS Hulk
80,83442192,9,6,369,11595,363,0,41.0,120.766304,5792,0,1932.5,2181.0083,143.3807,0.17976516,5960156.5,22300000.0,83400000,1,83400000,10400000.0,29500000.0,83400000,1,66520,13304.0,22557.791,52183,45,0,0,0,0,284,200,0.107859105,0.07190607,0,5792,747.75,1578.5446,2491803.0,0,0,0,0,1,0,0,0,0,797.6,41.0,1932.5,284,0,0,0,0,0,0,9,369,6,11595,274,235,2,20,2001.0,0.0,2001,2001,83400000.0,0.0,83400000,83400000,DoS Hulk
80,5069924,3,1,0,0,0,0,0.0,0.0,0,0,0.0,0.0,0.0,0.7889665,1689974.6,2895085.2,5032863,53,5069924,2534962.0,3532565.5,5032863,37061,0,0.0,0.0,0,0,0,0,0,0,104,40,0.5917249,0.19724162,0,0,0.0,0.0,0.0,0,0,0,1,0,0,0,0,0,0.0,0.0,0.0,104,0,0,0,0,0,0,3,0,1,0,29200,28960,0,32,0.0,0.0,0,0,0.0,0.0,0,0,BENIGN
443,5828903,9,5,344,5066,187,0,38.22222,69.513985,1912,0,1013.2,834.093,928.1335,2.4018242,448377.16,1362828.9,4967460,3,5828903,728612.9,1718604.9,4967460,3,566104,141526.0,163444.31,292860,49,0,0,0,0,296,168,1.5440298,0.85779434,0,1912,360.66666,655.54315,429736.8,0,0,0,1,0,0,0,0,0,386.42856,38.22222,1013.2,296,0,0,0,0,0,0,9,344,5,5066,29200,59,3,32,0.0,0.0,0,0,0.0,0.0,0,0,BENIGN
80,98009495,6,4,381,11595,381,0,63.5,155.5426,11595,0,2898.75,5797.5,122.192245,0.10203093,10900000.0,32700000.0,98000000,2,98000000,19600000.0,43800000.0,98000000,2,3218,1072.6666,1285.4167,2547,187,0,0,0,0,200,136,0.06121856,0.040812373,0,11595,1088.7273,3486.4106,12200000.0,0,0,0,0,1,0,0,0,0,1197.6,63.5,2898.75,200,0,0,0,0,0,0,6,381,4,11595,274,235,1,32,4.0,0.0,4,4,98000000.0,0.0,98000000,98000000,DoS Hulk
53,35560,4,4,136,496,34,34,34.0,0.0,124,124,124.0,0.0,17772.78,224.97188,5080.0,11598.943,31151,1,35332,11777.333,20395.477,35328,1,4406,1468.6666,2538.6091,4400,3,0,0,0,0,104,128,112.48594,112.48594,34,124,74.0,47.434166,2250.0,0,0,0,0,0,0,0,0,1,83.25,34.0,124.0,104,0,0,0,0,0,0,4,136,4,496,-1,-1,3,20,0.0,0.0,0,0,0.0,0.0,0,0,BENIGN
443,60322622,14,11,925,3396,590,0,66.07143,162.7837,3075,0,308.72726,920.2103,71.6315,0.41443822,2513442.5,4365355.5,10000000,76,60300000,4640201.5,5151193.5,10100000,135,60200000,6023755.0,5137829.0,10100000,1930,0,0,0,0,292,224,0.2320854,0.18235281,0,3075,166.1923,606.7549,368151.53,0,0,0,1,0,0,0,0,0,172.84,66.07143,308.72726,292,0,0,0,0,0,0,14,925,11,3396,8192,31270,8,20,140436.33,136294.84,418647,84749,9913297.0,202671.84,10000000,9506510,BENIGN
53,384,2,2,74,426,37,37,37.0,0.0,213,213,213.0,0.0,1302083.4,10416.667,128.0,109.99545,193,1,190,190.0,0.0,190,190,1,1.0,0.0,1,1,0,0,0,0,60,80,5208.3335,5208.3335,37,213,107.4,96.39917,9292.8,0,0,0,0,0,0,0,0,1,134.25,37.0,213.0,60,0,0,0,0,0,0,2,74,2,426,-1,-1,1,20,0.0,0.0,0,0,0.0,0.0,0,0,BENIGN
80,5936569,3,1,12,0,6,0,4.0,3.4641016,0,0,0.0,0.0,2.0213697,0.67378986,1978856.4,3299838.5,5788221,84,5936569,2968284.5,3987992.5,5788221,148348,0,0.0,0.0,0,0,0,0,0,0,80,32,0.5053424,0.16844746,0,6,2.4,3.2863352,10.8,0,0,0,1,0,0,0,0,0,3.0,4.0,0.0,80,0,0,0,0,0,0,3,12,1,0,29200,8190,2,20,0.0,0.0,0,0,0.0,0.0,0,0,BENIGN
59520,56,1,1,6,6,6,6,6.0,0.0,6,6,6.0,0.0,214285.72,35714.285,56.0,0.0,56,56,0,0.0,0.0,0,0,0,0.0,0.0,0,0,0,0,0,0,20,20,17857.143,17857.143,6,6,6.0,0.0,0.0,0,0,0,0,1,1,0,0,1,9.0,6.0,6.0,20,0,0,0,0,0,0,1,6,1,6,8190,30016,0,20,0.0,0.0,0,0,0.0,0.0,0,0,BENIGN
80,97955166,7,6,351,11595,345,0,50.142857,130.039,5792,0,1932.5,2537.82,121.95375,0.13271378,8162930.5,28300000.0,98000000,1,98000000,16300000.0,40000000.0,98000000,1,1946,389.2,717.8229,1668,2,0,0,0,0,220,200,0.07146126,0.061252512,0,5792,853.2857,1850.898,3425823.2,0,0,0,0,1,0,0,0,0,918.9231,50.142857,1932.5,220,0,0,0,0,0,0,7,351,6,11595,251,235,2,20,983.0,0.0,983,983,98000000.0,0.0,98000000,98000000,DoS Hulk
34573,92,1,1,0,6,0,0,0.0,0.0,6,6,6.0,0.0,65217.39,21739.13,92.0,0.0,92,92,0,0.0,0.0,0,0,0,0.0,0.0,0,0,0,0,0,0,40,20,10869.565,10869.565,0,6,2.0,3.4641016,12.0,0,0,0,1,0,0,0,0,1,3.0,0.0,6.0,40,0,0,0,0,0,0,1,0,1,6,29200,0,0,40,0.0,0.0,0,0,0.0,0.0,0,0,PortScan
80,5444909,4,0,24,0,6,6,6.0,0.0,0,0,0.0,0.0,4.4077873,0.7346312,1814969.6,3142723.5,5443874,3,5444909,1814969.6,3142723.5,5443874,3,0,0.0,0.0,0,0,0,0,0,0,80,0,0.7346312,0.0,6,6,6.0,0.0,0.0,0,0,0,0,1,0,0,0,0,7.5,6.0,0.0,80,0,0,0,0,0,0,4,24,0,0,256,-1,3,20,1035.0,0.0,1035,1035,5443874.0,0.0,5443874,5443874,DDoS
6779,54,1,1,0,6,0,0,0.0,0.0,6,6,6.0,0.0,111111.11,37037.035,54.0,0.0,54,54,0,0.0,0.0,0,0,0,0.0,0.0,0,0,0,0,0,0,40,20,18518.518,18518.518,0,6,2.0,3.4641016,12.0,0,0,0,1,0,0,0,0,1,3.0,0.0,6.0,40,0,0,0,0,0,0,1,0,1,6,29200,0,0,40,0.0,0.0,0,0,0.0,0.0,0,0,PortScan
80,84774184,6,6,354,11595,354,0,59.0,144.5199,4344,0,1932.5,1754.8314,140.95093,0.14155252,7706744.0,25500000.0,84600000,1,84600000,16900000.0,37800000.0,84600000,1,145531,29106.2,58935.85,134192,48,0,0,0,0,200,200,0.07077626,0.07077626,0,4344,919.1539,1498.523,2245571.0,0,0,0,0,1,0,0,0,1,995.75,59.0,1932.5,200,0,0,0,0,0,0,6,354,6,11595,251,235,1,32,50.0,0.0,50,50,84600000.0,0.0,84600000,84600000,DoS Hulk
49176,19,1,1,0,6,0,0,0.0,0.0,6,6,6.0,0.0,315789.47,105263.16,19.0,0.0,19,19,0,0.0,0.0,0,0,0,0.0,0.0,0,0,0,0,0,0,40,20,52631.58,52631.58,0,6,2.0,3.4641016,12.0,0,0,0,1,0,0,0,0,1,3.0,0.0,6.0,40,0,0,0,0,0,0,1,0,1,6,29200,0,0,40,0.0,0.0,0,0,0.0,0.0,0,0,PortScan
8089,57,2,2,4,12,2,2,2.0,0.0,6,6,6.0,0.0,280701.75,70175.44,19.0,27.712812,51,3,3,3.0,0.0,3,3,3,3.0,0.0,3,3,0,0,0,0,48,40,35087.72,35087.72,2,6,3.6,2.1908903,4.8,0,0,0,1,0,0,0,0,1,4.5,2.0,6.0,48,0,0,0,0,0,0,2,4,2,12,1024,0,1,24,0.0,0.0,0,0,0.0,0.0,0,0,BENIGN
137,21,13,0,650,0,50,50,50.0,0.0,0,0,0.0,0.0,31000000.0,619047.6,1.75,1.7645499,7,1,21,1.75,1.7645499,7,1,0,0.0,0.0,0,0,0,0,0,0,416,0,619047.6,0.0,50,50,50.0,0.0,0.0,0,0,0,0,0,0,0,0,0,53.846153,50.0,0.0,416,0,0,0,0,0,0,13,650,0,0,-1,-1,12,32,0.0,0.0,0,0,0.0,0.0,0,0,BENIGN
80,113804,2,0,12,0,6,6,6.0,0.0,0,0,0.0,0.0,105.44445,17.574074,113804.0,0.0,113804,113804,113804,113804.0,0.0,113804,113804,0,0.0,0.0,0,0,0,0,0,0,40,0,17.574074,0.0,6,6,6.0,0.0,0.0,0,0,0,0,1,0,0,0,0,9.0,6.0,0.0,40,0,0,0,0,0,0,2,12,0,0,253,-1,1,20,0.0,0.0,0,0,0.0,0.0,0,0,BENIGN
80,97596100,7,6,339,11595,339,0,48.42857,128.12996,5792,0,1932.5,2181.0083,122.27948,0.13320205,8133008.5,28200000.0,97500000,23,97600000,16300000.0,39800000.0,97500000,247,52683,10536.6,17443.338,40332,46,0,0,0,0,232,200,0.07172418,0.061477866,0,5792,852.4286,1667.18,2779489.2,0,0,0,0,1,0,0,0,0,918.0,48.42857,1932.5,232,0,0,0,0,0,0,7,339,6,11595,251,235,1,32,796.0,0.0,796,796,97500000.0,0.0,97500000,97500000,DoS Hulk
80,50213,3,6,26,11601,20,0,8.666667,10.263203,4380,0,1933.5,1757.7899,231553.58,179.23645,6276.625,14989.476,42975,18,6676,3338.0,4372.7485,6430,246,50177,10035.4,18634.764,42975,18,0,0,0,0,72,132,59.745483,119.49097,0,4380,1162.7,1645.2418,2706820.5,0,0,0,1,0,0,0,0,2,1291.8889,8.666667,1933.5,72,0,0,0,0,0,0,3,26,6,11601,8192,229,2,20,0.0,0.0,0,0,0.0,0.0,0,0,DDoS
80,65729688,5,7,357,11595,345,0,71.4,152.97647,7240,0,1656.4286,2566.8853,181.83565,0.1825659,5975426.0,19800000.0,65600000,2,65600000,16400000.0,32800000.0,65600000,2,65700000,11000000.0,26800000.0,65600000,74,0,0,0,0,144,232,0.076069124,0.10649678,0,7240,919.8461,1997.0667,3988275.2,1,0,0,0,0,0,0,0,1,996.5,71.4,1656.4286,144,0,0,0,0,0,0,5,357,7,11595,0,235,2,20,11973.0,0.0,11973,11973,65600000.0,0.0,65600000,65600000,DoS Hulk
443,276830,10,5,896,1471,645,0,89.6,201.10318,1333,0,294.2,583.77325,8550.374,54.18488,19773.572,36778.535,88148,4,276830,30758.889,43845.086,90976,44,181701,45425.25,49818.633,88651,4,0,0,0,0,332,168,36.123253,18.061626,0,1333,147.9375,354.9675,126001.93,0,0,0,1,0,0,0,0,0,157.8,89.6,294.2,332,0,0,0,0,0,0,10,896,5,1471,65535,66,5,32,0.0,0.0,0,0,0.0,0.0,0,0,BENIGN
80,85155038,6,6,349,11595,349,0,58.166668,142.47865,5792,0,1932.5,2181.0083,140.26181,0.14091943,7741367.0,25600000.0,85000000,1,85000000,17000000.0,38000000.0,85000000,1,153437,30687.4,60413.902,138140,45,0,0,0,0,200,200,0.070459716,0.070459716,0,5792,918.7692,1716.0842,2944945.2,0,0,0,0,1,0,0,0,1,995.3333,58.166668,1932.5,200,0,0,0,0,0,0,6,349,6,11595,251,235,1,32,2.0,0.0,2,2,85000000.0,0.0,85000000,85000000,DoS Hulk
80,84444262,7,7,728,11595,355,0,104.0,171.48663,5792,0,1656.4286,2120.7322,145.93057,0.16578983,6495712.5,23300000.0,84100000,4,84300000,14100000.0,34300000.0,84100000,4,84400000,14100000.0,34300000.0,84100000,13,0,0,0,0,196,232,0.082894914,0.082894914,0,5792,821.93335,1610.4547,2593564.2,1,0,0,0,0,0,0,0,1,880.6429,104.0,1656.4286,196,0,0,0,0,0,0,7,728,7,11595,0,235,4,20,7994.0,0.0,7994,7994,84100000.0,0.0,84100000,84100000,DoS Hulk
53,177,2,2,84,162,42,42,42.0,0.0,81,81,81.0,0.0,1389830.5,22598.87,59.0,98.731964,173,1,1,1.0,0.0,1,1,3,3.0,0.0,3,3,0,0,0,0,64,64,11299.435,11299.435,42,81,57.6,21.36118,456.3,0,0,0,0,0,0,0,0,1,72.0,42.0,81.0,64,0,0,0,0,0,0,2,84,2,162,-1,-1,1,32,0.0,0.0,0,0,0.0,0.0,0,0,BENIGN
20,39,1,1,2,6,2,2,2.0,0.0,6,6,6.0,0.0,205128.2,51282.05,39.0,0.0,39,39,0,0.0,0.0,0,0,0,0.0,0.0,0,0,0,0,0,0,24,20,25641.025,25641.025,2,6,3.3333333,2.309401,5.3333335,0,0,0,1,0,0,0,0,1,5.0,2.0,6.0,24,0,0,0,0,0,0,1,2,1,6,1024,0,0,24,0.0,0.0,0,0,0.0,0.0,0,0,PortScan
80,63101119,7,0,0,0,0,0,0.0,0.0,0,0,0.0,0.0,0.0,0.11093306,10500000.0,11900000.0,32100000,997563,63100000,10500000.0,11900000.0,32100000,997563,0,0.0,0.0,0,0,0,0,0,0,280,0,0.11093306,0.0,0,0,0.0,0.0,0.0,0,0,0,1,0,0,0,0,0,0.0,0.0,0.0,280,0,0,0,0,0,0,7,0,0,0,29200,-1,0,40,7005507.0,0.0,7005507,7005507,18700000.0,12200000.0,32100000,8015918,DoS Slowhttptest
53,24226,2,2,70,126,35,35,35.0,0.0,63,63,63.0,0.0,8090.4814,165.11186,8075.3335,13982.558,24221,1,1,1.0,0.0,1,1,4,4.0,0.0,4,4,0,0,0,0,64,80,82.55593,82.55593,35,63,46.2,15.336231,235.2,0,0,0,0,0,0,0,0,1,57.75,35.0,63.0,64,0,0,0,0,0,0,2,70,2,126,-1,-1,1,32,0.0,0.0,0,0,0.0,0.0,0,0,BENIGN
80,4083924,4,0,24,0,6,6,6.0,0.0,0,0,0.0,0.0,5.876701,0.97945017,1361308.0,2357041.5,4082985,4,4083924,1361308.0,2357041.5,4082985,4,0,0.0,0.0,0,0,0,0,0,0,80,0,0.97945017,0.0,6,6,6.0,0.0,0.0,0,0,0,0,1,0,0,0,0,7.5,6.0,0.0,80,0,0,0,0,0,0,4,24,0,0,256,-1,3,20,0.0,0.0,0,0,0.0,0.0,0,0,DDoS
52512,4,3,0,253,0,216,6,84.333336,114.70978,0,0,0.0,0.0,63300000.0,750000.0,2.0,1.4142135,3,1,4,2.0,1.4142135,3,1,0,0.0,0.0,0,0,1,0,0,0,60,0,750000.0,0.0,6,216,117.25,114.48253,13106.25,0,1,0,0,1,0,0,0,0,156.33333,84.333336,0.0,60,0,0,0,0,0,0,3,253,0,0,62,-1,2,20,0.0,0.0,0,0,0.0,0.0,0,0,BENIGN
80,99515646,8,5,309,11595,303,0,38.625,106.84426,10136,0,2319.0,4414.366,119.619385,0.13063273,8292970.5,28700000.0,99400000,1,99400000,14200000.0,37600000.0,99400000,1,147305,36826.25,65750.14,135098,85,0,0,0,0,252,168,0.080389366,0.050243355,0,10136,850.2857,2700.5037,7292720.5,0,0,0,0,1,0,0,0,0,915.6923,38.625,2319.0,252,0,0,0,0,0,0,8,309,5,11595,251,235,2,20,1017.0,0.0,1017,1017,99400000.0,0.0,99400000,99400000,DoS Hulk
53,48309,1,1,56,84,56,56,56.0,0.0,84,84,84.0,0.0,2898.0107,41.400154,48309.0,0.0,48309,48309,0,0.0,0.0,0,0,0,0.0,0.0,0,0,0,0,0,0,32,32,20.700077,20.700077,56,84,65.333336,16.165808,261.33334,0,0,0,0,0,0,0,0,1,98.0,56.0,84.0,32,0,0,0,0,0,0,1,56,1,84,-1,-1,0,32,0.0,0.0,0,0,0.0,0.0,0,0,BENIGN
3005,71,1,1,2,6,2,2,2.0,0.0,6,6,6.0,0.0,112676.055,28169.014,71.0,0.0,71,71,0,0.0,0.0,0,0,0,0.0,0.0,0,0,0,0,0,0,24,20,14084.507,14084.507,2,6,3.3333333,2.309401,5.3333335,0,0,0,1,0,0,0,0,1,5.0,2.0,6.0,24,0,0,0,0,0,0,1,2,1,6,1024,0,0,24,0.0,0.0,0,0,0.0,0.0,0,0,PortScan
80,97518895,8,7,332,11595,332,0,41.5,117.37972,2907,0,1656.4286,1304.5688,122.304504,0.15381634,6965635.5,26000000.0,97500000,1,97500000,13900000.0,36800000.0,97500000,1,55691,9281.833,17274.754,43175,47,0,0,0,0,264,232,0.082035385,0.07178096,0,2907,745.4375,1172.9473,1375805.4,0,0,0,0,1,0,0,0,0,795.13336,41.5,1656.4286,264,0,0,0,0,0,0,8,332,7,11595,251,235,1,32,1003.0,0.0,1003,1003,97500000.0,0.0,97500000,97500000,DoS Hulk
21,9014517,9,15,103,188,21,0,11.444445,9.029273,34,0,12.533334,14.54975,32.281265,2.6623724,391935.53,1018999.1,3199626,3,6221010,777626.25,1439791.6,3243660,3,9014471,643890.8,1257985.2,3199626,3,0,0,0,0,296,488,0.9983896,1.6639826,0,34,11.64,12.522912,156.82333,0,0,0,1,0,0,0,0,1,12.125,11.444445,12.533334,296,0,0,0,0,0,0,9,103,15,188,29200,227,6,32,0.0,0.0,0,0,0.0,0.0,0,0,FTP-Patator
53,62571,2,2,66,170,33,33,33.0,0.0,85,85,85.0,0.0,3771.7153,63.92738,20857.0,36121.055,62566,1,1,1.0,0.0,1,1,4,4.0,0.0,4,4,0,0,0,0,64,40,31.96369,31.96369,33,85,53.8,28.481573,811.2,0,0,0,0,0,0,0,0,1,67.25,33.0,85.0,64,0,0,0,0,0,0,2,66,2,170,-1,-1,1,32,0.0,0.0,0,0,0.0,0.0,0,0,BENIGN
443,143980,12,8,3214,2415,1448,0,267.83334,553.0885,2277,0,301.875,799.53064,39095.707,138.90819,7577.8945,12387.594,41089,3,143980,13089.091,19593.9,63066,3,113379,16197.0,16019.12,41089,4,0,0,0,0,396,264,83.34491,55.563274,0,2277,268.0476,629.3141,396036.25,0,0,0,1,0,0,0,0,0,281.45,267.83334,301.875,396,0,0,0,0,0,0,12,3214,8,2415,65535,1120,7,32,0.0,0.0,0,0,0.0,0.0,0,0,BENIGN
52088,3,2,0,12,0,6,6,6.0,0.0,0,0,0.0,0.0,4000000.0,666666.7,3.0,0.0,3,3,3,3.0,0.0,3,3,0,0.0,0.0,0,0,0,0,0,0,40,0,666666.7,0.0,6,6,6.0,0.0,0.0,0,0,0,0,1,0,0,0,0,9.0,6.0,0.0,40,0,0,0,0,0,0,2,12,0,0,610,-1,1,20,0.0,0.0,0,0,0.0,0.0,0,0,BENIGN
80,1148992,4,0,24,0,6,6,6.0,0.0,0,0,0.0,0.0,20.887875,3.4813123,382997.34,661646.56,1147001,995,1148992,382997.34,661646.56,1147001,995,0,0.0,0.0,0,0,0,0,0,0,80,0,3.4813123,0.0,6,6,6.0,0.0,0.0,0,0,0,0,1,0,0,0,0,7.5,6.0,0.0,80,0,0,0,0,0,0,4,24,0,0,256,-1,3,20,0.0,0.0,0,0,0.0,0.0,0,0,DDoS
80,9839737,6,0,36,0,6,6,6.0,0.0,0,0,0.0,0.0,3.6586344,0.6097724,1967947.4,4399908.5,9838743,1,9839737,1967947.4,4399908.5,9838743,1,0,0.0,0.0,0,0,0,0,0,0,120,0,0.6097724,0.0,6,6,6.0,0.0,0.0,0,0,0,0,1,0,0,0,0,7.0,6.0,0.0,120,0,0,0,0,0,0,6,36,0,0,256,-1,5,20,994.0,0.0,994,994,9838743.0,0.0,9838743,9838743,DDoS
1862,41,1,1,0,6,0,0,0.0,0.0,6,6,6.0,0.0,146341.47,48780.49,41.0,0.0,41,41,0,0.0,0.0,0,0,0,0.0,0.0,0,0,0,0,0,0,40,20,24390.244,24390.244,0,6,2.0,3.4641016,12.0,0,0,0,1,0,0,0,0,1,3.0,0.0,6.0,40,0,0,0,0,0,0,1,0,1,6,29200,0,0,40,0.0,0.0,0,0,0.0,0.0,0,0,PortScan
80,1012,4,0,0,0,0,0,0.0,0.0,0,0,0.0,0.0,0.0,3952.569,337.33334,180.69403,545,216,1012,337.33334,180.69403,545,216,0,0.0,0.0,0,0,0,0,0,0,128,0,3952.569,0.0,0,0,0.0,0.0,0.0,0,0,0,0,1,0,0,0,0,0.0,0.0,0.0,128,0,0,0,0,0,0,4,0,0,0,251,-1,0,32,0.0,0.0,0,0,0.0,0.0,0,0,DoS Hulk
1688,65,1,1,0,6,0,0,0.0,0.0,6,6,6.0,0.0,92307.695,30769.23,65.0,0.0,65,65,0,0.0,0.0,0,0,0,0.0,0.0,0,0,0,0,0,0,40,20,15384.615,15384.615,0,6,2.0,3.4641016,12.0,0,0,0,1,0,0,0,0,1,3.0,0.0,6.0,40,0,0,0,0,0,0,1,0,1,6,29200,0,0,40,0.0,0.0,0,0,0.0,0.0,0,0,PortScan
80,82639731,8,6,56,11601,20,0,7.0,5.656854,5840,0,1933.5,2189.773,141.05806,0.16941004,6356902.5,20700000.0,75000000,0,81700000,11700000.0,28000000.0,75000000,0,1167981,233596.2,412714.34,952899,14,0,0,0,0,172,132,0.09680574,0.0726043,0,5840,777.5333,1633.1027,2667024.5,0,0,0,0,1,0,0,0,0,833.0714,7.0,1933.5,172,0,0,0,0,0,0,8,56,6,11601,256,229,6,20,2.0,0.0,2,2,40700000.0,48400000.0,75000000,6483878,DDoS
80,42177,3,5,26,11601,20,0,8.666667,10.263203,4380,0,2320.2,2207.3413,275671.56,189.67683,6025.2856,13765.365,37064,29,4313,2156.5,2817.8206,4149,164,42148,10537.0,17787.66,37064,193,0,0,0,0,72,112,71.128815,118.54803,0,4380,1291.8889,1980.7102,3923213.0,0,0,0,1,0,0,0,0,1,1453.375,8.666667,2320.2,72,0,0,0,0,0,0,3,26,5,11601,8192,229,2,20,0.0,0.0,0,0,0.0,0.0,0,0,DDoS
80,29606,3,5,26,11601,20,0,8.666667,10.263203,5840,0,2320.2,2436.833,392724.44,270.21548,4229.4287,7452.1074,18971,9,19019,9509.5,13435.736,19010,9,29567,7391.75,9015.767,19076,193,0,0,0,0,72,112,101.33081,168.88469,0,5840,1291.8889,2110.9507,4456113.0,0,0,0,1,0,0,0,0,1,1453.375,8.666667,2320.2,72,0,0,0,0,0,0,3,26,5,11601,8192,229,2,20,0.0,0.0,0,0,0.0,0.0,0,0,DDoS
80,6485,5,0,0,0,0,0,0.0,0.0,0,0,0.0,0.0,0.0,771.01,1621.25,2656.494,5604,226,6485,1621.25,2656.494,5604,226,0,0.0,0.0,0,0,0,0,0,0,160,0,771.01,0.0,0,0,0.0,0.0,0.0,0,0,0,0,1,0,0,0,0,0.0,0.0,0.0,160,0,0,0,0,0,0,5,0,0,0,274,-1,0,32,0.0,0.0,0,0,0.0,0.0,0,0,DoS Hulk
53,23780,1,1,48,272,48,48,48.0,0.0,272,272,272.0,0.0,13456.687,84.10429,23780.0,0.0,23780,23780,0,0.0,0.0,0,0,0,0.0,0.0,0,0,0,0,0,0,44,44,42.052143,42.052143,48,272,122.666664,129.32646,16725.334,0,0,0,0,0,0,0,0,1,184.0,48.0,272.0,44,0,0,0,0,0,0,1,48,1,272,-1,-1,0,44,0.0,0.0,0,0,0.0,0.0,0,0,BENIGN
80,100783341,8,5,56,11607,20,0,7.0,5.656854,7215,0,2321.4,3327.7698,115.72349,0.12898958,8398612.0,27800000.0,96700000,3,101000000,14400000.0,36300000.0,96700000,71,23094,5773.5,10825.267,22000,3,0,0,0,0,172,112,0.079378195,0.049611375,0,7215,833.5,2175.3025,4731941.5,0,0,0,0,1,0,0,0,0,897.61536,7.0,2321.4,172,0,0,0,0,0,0,8,56,5,11607,256,229,6,20,4022513.0,0.0,4022513,4022513,96700000.0,0.0,96700000,96700000,DDoS
53,178,2,2,70,102,35,35,35.0,0.0,51,51,51.0,0.0,966292.1,22471.91,59.333332,97.5722,172,3,3,3.0,0.0,3,3,3,3.0,0.0,3,3,0,0,0,0,64,64,11235.955,11235.955,35,51,41.4,8.763561,76.8,0,0,0,0,0,0,0,0,1,51.75,35.0,51.0,64,0,0,0,0,0,0,2,70,2,102,-1,-1,1,32,0.0,0.0,0,0,0.0,0.0,0,0,BENIGN
80,84228367,7,7,361,11595,337,0,51.57143,125.89394,5792,0,1656.4286,2119.4802,141.94743,0.16621478,6479105.0,23300000.0,84100000,1,84100000,14000000.0,34300000.0,84100000,1,84200000,14000000.0,34300000.0,84100000,70,0,0,0,0,184,232,0.08310739,0.08310739,0,5792,797.4667,1619.8307,2623851.2,1,0,0,0,0,0,0,0,1,854.4286,51.57143,1656.4286,184,0,0,0,0,0,0,7,361,7,11595,0,235,4,20,10035.0,0.0,10035,10035,84100000.0,0.0,84100000,84100000,DoS Hulk
22,12500031,21,32,2008,2745,640,0,95.61905,140.04517,976,0,85.78125,220.24059,380.23904,4.2399893,240385.22,654394.44,2438519,1,10300000,516476.34,920996.44,2501315,494,12500000,403222.03,812574.7,2438519,1,0,0,0,0,680,1032,1.6799958,2.5599937,0,976,88.01852,189.59027,35944.473,0,0,0,1,0,0,0,0,1,89.679245,95.61905,85.78125,680,0,0,0,0,0,0,21,2008,32,2745,29200,247,16,32,0.0,0.0,0,0,0.0,0.0,0,0,SSH-Patator
443,118180641,15,12,580,4631,194,0,38.666668,63.30388,1418,0,385.91666,603.20667,44.093517,0.22846381,4545409.5,16000000.0,58900000,4,118000000,8441474.0,21400000.0,58900000,230,118000000,10700000.0,23800000.0,59000000,4,0,0,0,0,512,392,0.12692434,0.10153947,0,1418,186.10715,425.93457,181420.25,0,0,0,1,0,0,0,0,0,193.0,38.666668,385.91666,512,0,0,0,0,0,0,15,580,12,4631,29200,349,6,32,274464.0,260435.9,458620,90308,58800000.0,170924.67,58900000,58700000,BENIGN
80,85016096,5,7,378,11595,366,0,75.6,162.36626,4344,0,1656.4286,1760.5973,140.83215,0.14114974,7728736.0,25600000.0,84900000,0,84900000,21200000.0,42400000.0,84900000,4,85000000,14200000.0,34600000.0,84900000,48,0,0,0,0,144,232,0.05881239,0.08233735,0,4344,921.46155,1497.2302,2241698.5,1,0,0,0,0,0,0,0,1,998.25,75.6,1656.4286,144,0,0,0,0,0,0,5,378,7,11595,0,235,2,20,1544.0,0.0,1544,1544,84900000.0,0.0,84900000,84900000,DoS Hulk
80,9870,3,5,26,11601,20,0,8.666667,10.263203,7300,0,2320.2,3022.508,1178014.1,810.537,1410.0,2058.7305,5423,4,3343,1671.5,2358.2012,3339,4,9592,2398.0,2463.4038,5423,196,0,0,0,0,72,112,303.95135,506.5856,0,7300,1291.8889,2460.653,6054813.0,0,0,0,1,0,0,0,0,1,1453.375,8.666667,2320.2,72,0,0,0,0,0,0,3,26,5,11601,8192,229,2,20,0.0,0.0,0,0,0.0,0.0,0,0,DDoS
80,74315330,8,5,56,11607,20,0,7.0,5.656854,5840,0,2321.4,3173.3738,156.93936,0.17493026,6192944.0,18700000.0,65400000,1,72600000,10400000.0,24400000.0,65400000,1,1697468,424367.0,848134.75,1696569,3,0,0,0,0,172,112,0.10764939,0.067280866,0,5840,833.5,2103.1155,4423095.0,0,0,0,0,1,0,0,0,0,897.61536,7.0,2321.4,172,0,0,0,0,0,0,8,56,5,11607,256,229,6,20,1009.0,0.0,1009,1009,36300000.0,41100000.0,65400000,7260818,DDoS
80,6106858,5,0,30,0,6,6,6.0,0.0,0,0,0.0,0.0,4.91251,0.81875163,1526714.5,3051537.2,6104020,1,6106858,1526714.5,3051537.2,6104020,1,0,0.0,0.0,0,0,0,0,0,0,100,0,0.81875163,0.0,6,6,6.0,0.0,0.0,0,0,0,0,1,0,0,0,0,7.2,6.0,0.0,100,0,0,0,0,0,0,5,30,0,0,256,-1,4,20,2838.0,0.0,2838,2838,6104020.0,0.0,6104020,6104020,DDoS
1022,43,1,1,0,6,0,0,0.0,0.0,6,6,6.0,0.0,139534.89,46511.63,43.0,0.0,43,43,0,0.0,0.0,0,0,0,0.0,0.0,0,0,0,0,0,0,40,20,23255.814,23255.814,0,6,2.0,3.4641016,12.0,0,0,0,1,0,0,0,0,1,3.0,0.0,6.0,40,0,0,0,0,0,0,1,0,1,6,29200,0,0,40,0.0,0.0,0,0,0.0,0.0,0,0,PortScan
80,36999,3,5,26,11607,20,0,8.666667,10.263203,5840,0,2321.4,3173.3738,314413.9,216.22206,5285.5713,13448.86,35781,3,839,419.5,330.21887,653,186,36982,9245.5,17696.244,35781,3,0,0,0,0,72,112,81.083275,135.1388,0,5840,1292.5555,2554.1592,6523729.5,0,0,0,1,0,0,0,0,1,1454.125,8.666667,2321.4,72,0,0,0,0,0,0,3,26,5,11607,8192,229,2,20,0.0,0.0,0,0,0.0,0.0,0,0,DDoS
58341,328243,3,1,0,31,0,0,0.0,0.0,31,31,31.0,0.0,94.44223,12.186094,109414.336,137607.67,263995,273,328243,164121.5,231716.77,327970,273,0,0.0,0.0,0,0,0,0,0,0,72,20,9.13957,3.0465236,0,31,6.2,13.863622,192.2,0,0,0,0,1,0,0,0,0,7.75,0.0,31.0,72,0,0,0,0,0,0,3,0,1,31,33,308,0,20,0.0,0.0,0,0,0.0,0.0,0,0,BENIGN
1641,19,1,1,0,6,0,0,0.0,0.0,6,6,6.0,0.0,315789.47,105263.16,19.0,0.0,19,19,0,0.0,0.0,0,0,0,0.0,0.0,0,0,0,0,0,0,40,20,52631.58,52631.58,0,6,2.0,3.4641016,12.0,0,0,0,1,0,0,0,0,1,3.0,0.0,6.0,40,0,0,0,0,0,0,1,0,1,6,29200,0,0,40,0.0,0.0,0,0,0.0,0.0,0,0,PortScan
123,66022399,2,2,96,96,48,48,48.0,0.0,48,48,48.0,0.0,2.908104,0.0605855,22000000.0,38100000.0,66000000,22115,66000000,66000000.0,0.0,66000000,66000000,66000000,66000000.0,0.0,66000000,66000000,0,0,0,0,64,64,0.03029275,0.03029275,48,48,48.0,0.0,0.0,0,0,0,0,0,0,0,0,1,60.0,48.0,48.0,64,0,0,0,0,0,0,2,96,2,96,-1,-1,1,32,22115.0,0.0,22115,22115,66000000.0,0.0,66000000,66000000,BENIGN
80,557176,3,6,26,11607,20,0,8.666667,10.263203,5840,0,1934.5,2558.3962,20878.502,16.152885,69647.0,196532.98,556041,1,864,432.0,442.64883,745,119,557130,111426.0,248547.6,556041,1,0,0,0,0,72,132,5.384295,10.76859,0,5840,1163.3,2151.1873,4627607.0,0,0,0,1,0,0,0,0,2,1292.5555,8.666667,1934.5,72,0,0,0,0,0,0,3,26,6,11607,8192,229,2,20,0.0,0.0,0,0,0.0,0.0,0,0,DDoS
3869,30,1,1,2,6,2,2,2.0,0.0,6,6,6.0,0.0,266666.66,66666.664,30.0,0.0,30,30,0,0.0,0.0,0,0,0,0.0,0.0,0,0,0,0,0,0,24,20,33333.332,33333.332,2,6,3.3333333,2.309401,5.3333335,0,0,0,1,0,0,0,0,1,5.0,2.0,6.0,24,0,0,0,0,0,0,1,2,1,6,1024,0,0,24,0.0,0.0,0,0,0.0,0.0,0,0,PortScan
80,98619814,5,7,406,11595,394,0,81.2,174.88625,5803,0,1656.4286,2430.2112,121.689545,0.1216794,8965438.0,29700000.0,98600000,21,98600000,24700000.0,49300000.0,98600000,1001,98600000,16400000.0,40300000.0,98600000,50,0,0,0,0,144,232,0.05069975,0.07097965,0,5803,923.61536,1908.4755,3642278.5,1,0,0,0,0,0,0,0,1,1000.5833,81.2,1656.4286,144,0,0,0,0,0,0,5,406,7,11595,0,235,2,20,13032.0,0.0,13032,13032,98600000.0,0.0,98600000,98600000,DoS Hulk
80,98833067,6,8,342,11595,324,0,57.0,130.83577,5792,0,1449.375,2046.6735,120.77941,0.141653,7602543.5,27400000.0,98800000,6,98800000,19800000.0,44200000.0,98800000,994,98800000,14100000.0,37300000.0,98800000,14,0,0,0,0,164,264,0.060708426,0.08094457,0,5792,796.2,1619.6056,2623122.2,1,0,0,0,0,0,0,0,1,853.0714,57.0,1449.375,164,0,0,0,0,0,0,6,342,8,11595,0,235,3,20,13979.0,0.0,13979,13979,98800000.0,0.0,98800000,98800000,DoS Hulk
80,9456744,5,5,382,3525,382,0,76.4,170.83559,2896,0,705.0,1254.7242,413.14432,1.0574464,1050749.4,2086315.9,4992942,4,4463802,1115950.5,2230923.0,4462335,4,9456699,2364174.8,2738740.5,5003055,191,0,0,0,0,168,168,0.5287232,0.5287232,0,2896,355.18182,868.3712,754068.56,0,0,0,1,0,0,0,0,1,390.7,76.4,705.0,168,0,0,0,0,0,0,5,382,5,3525,29200,235,1,32,0.0,0.0,0,0,0.0,0.0,0,0,DoS GoldenEye
53,228319,2,2,82,176,41,41,41.0,0.0,88,88,88.0,0.0,1129.9979,17.519348,76106.336,131815.7,228314,1,1,1.0,0.0,1,1,4,4.0,0.0,4,4,0,0,0,0,64,64,8.759674,8.759674,41,88,59.8,25.74296,662.7,0,0,0,0,0,0,0,0,1,74.75,41.0,88.0,64,0,0,0,0,0,0,2,82,2,176,-1,-1,1,32,0.0,0.0,0,0,0.0,0.0,0,0,BENIGN
53,31438,4,4,168,568,42,42,42.0,0.0,142,142,142.0,0.0,23411.158,254.46912,4491.143,8955.436,23843,1,31236,10412.0,18028.916,31230,1,7590,2530.0,4337.9795,7539,3,0,0,0,0,80,80,127.23456,127.23456,42,142,86.44444,52.704628,2777.7778,0,0,0,0,0,0,0,0,1,97.25,42.0,142.0,80,0,0,0,0,0,0,4,168,4,568,-1,-1,3,20,0.0,0.0,0,0,0.0,0.0,0,0,BENIGN
80,85482113,6,6,320,11595,320,0,53.333332,130.63945,4344,0,1932.5,1754.8314,139.38588,0.14038025,7771101.0,25700000.0,85300000,1,85300000,17100000.0,38200000.0,85300000,1,150453,30090.6,59609.734,136180,49,0,0,0,0,200,200,0.070190124,0.070190124,0,4344,916.53845,1499.6207,2248862.5,0,0,0,0,1,0,0,0,1,992.9167,53.333332,1932.5,200,0,0,0,0,0,0,6,320,6,11595,251,235,1,32,3.0,0.0,3,3,85300000.0,0.0,85300000,85300000,DoS Hulk
21,9520692,9,15,101,188,22,0,11.222222,8.828615,34,0,12.533334,14.54975,30.354937,2.5208251,413943.12,1078486.1,3382638,3,6095758,761969.75,1413644.4,3269446,3,9520585,680041.8,1331734.1,3382638,3,0,0,0,0,296,488,0.94530946,1.5755157,0,34,11.56,12.476912,155.67334,0,0,0,1,0,0,0,0,1,12.041667,11.222222,12.533334,296,0,0,0,0,0,0,9,101,15,188,29200,227,6,32,0.0,0.0,0,0,0.0,0.0,0,0,FTP-Patator
18988,75,1,1,2,6,2,2,2.0,0.0,6,6,6.0,0.0,106666.664,26666.666,75.0,0.0,75,75,0,0.0,0.0,0,0,0,0.0,0.0,0,0,0,0,0,0,24,20,13333.333,13333.333,2,6,3.3333333,2.309401,5.3333335,0,0,0,1,0,0,0,0,1,5.0,2.0,6.0,24,0,0,0,0,0,0,1,2,1,6,1024,0,0,24,0.0,0.0,0,0,0.0,0.0,0,0,PortScan
53,48512,1,1,46,90,46,46,46.0,0.0,90,90,90.0,0.0,2803.4302,41.226913,48512.0,0.0,48512,48512,0,0.0,0.0,0,0,0,0.0,0.0,0,0,0,0,0,0,20,20,20.613457,20.613457,46,90,60.666668,25.403412,645.3333,0,0,0,0,0,0,0,0,1,91.0,46.0,90.0,20,0,0,0,0,0,0,1,46,1,90,-1,-1,0,20,0.0,0.0,0,0,0.0,0.0,0,0,BENIGN
80,99490714,6,6,375,11595,375,0,62.5,153.09311,4344,0,1932.5,1977.8129,120.31274,0.120614275,9044610.0,30000000.0,99300000,1,99400000,19900000.0,44400000.0,99300000,1,142449,28489.8,58629.6,133144,64,0,0,0,0,200,200,0.060307138,0.060307138,0,4344,920.7692,1609.479,2590422.8,0,0,0,0,1,0,0,0,1,997.5,62.5,1932.5,200,0,0,0,0,0,0,6,375,6,11595,274,235,1,32,2.0,0.0,2,2,99300000.0,0.0,99300000,99300000,DoS Hulk
6156,106,2,2,4,12,2,2,2.0,0.0,6,6,6.0,0.0,150943.39,37735.848,35.333332,23.671362,49,8,49,49.0,0.0,49,49,49,49.0,0.0,49,49,0,0,0,0,48,40,18867.924,18867.924,2,6,3.6,2.1908903,4.8,0,0,0,1,0,0,0,0,1,4.5,2.0,6.0,48,0,0,0,0,0,0,2,4,2,12,1024,0,1,24,0.0,0.0,0,0,0.0,0.0,0,0,BENIGN
8873,37,1,1,2,6,2,2,2.0,0.0,6,6,6.0,0.0,216216.22,54054.055,37.0,0.0,37,37,0,0.0,0.0,0,0,0,0.0,0.0,0,0,0,0,0,0,24,20,27027.027,27027.027,2,6,3.3333333,2.309401,5.3333335,0,0,0,1,0,0,0,0,1,5.0,2.0,6.0,24,0,0,0,0,0,0,1,2,1,6,1024,0,0,24,0.0,0.0,0,0,0.0,0.0,0,0,PortScan
80,87562544,7,5,301,11595,301,0,43.0,113.7673,5803,0,2319.0,3175.4238,135.85718,0.13704489,7960231.5,26000000.0,86400000,3,87400000,14600000.0,35200000.0,86400000,5,166488,41622.0,81824.94,164352,3,0,0,0,0,240,168,0.07994286,0.05710204,0,5803,915.0769,2168.4656,4702243.0,0,0,0,0,1,0,0,0,0,991.3333,43.0,2319.0,240,0,0,0,0,0,0,7,301,5,11595,274,235,1,32,972.0,0.0,972,972,86400000.0,0.0,86400000,86400000,DoS Hulk
53,142,2,2,62,118,31,31,31.0,0.0,59,59,59.0,0.0,1267605.6,28169.014,47.333332,76.78758,136,3,3,3.0,0.0,3,3,3,3.0,0.0,3,3,0,0,0,0,40,40,14084.507,14084.507,31,59,42.2,15.336231,235.2,0,0,0,0,0,0,0,0,1,52.75,31.0,59.0,40,0,0,0,0,0,0,2,62,2,118,-1,-1,1,20,0.0,0.0,0,0,0.0,0.0,0,0,BENIGN
80,55410,3,6,26,11607,20,0,8.666667,10.263203,4380,0,1934.5,2177.345,209944.05,162.42555,6926.25,19114.006,54227,3,1015,507.5,413.65747,800,215,55366,11073.2,24128.006,54227,3,0,0,0,0,72,132,54.141853,108.28371,0,4380,1163.3,1903.9626,3625073.8,0,0,0,1,0,0,0,0,2,1292.5555,8.666667,1934.5,72,0,0,0,0,0,0,3,26,6,11607,8192,229,2,20,0.0,0.0,0,0,0.0,0.0,0,0,DDoS
80,86036108,7,6,301,11595,301,0,43.0,113.7673,5792,0,1932.5,2181.0083,138.26753,0.15109935,7169675.5,24800000.0,85900000,1,85900000,14300000.0,35000000.0,85900000,1,183527,36705.4,74320.68,169216,47,0,0,0,0,232,200,0.08136119,0.069738165,0,5792,849.7143,1668.1108,2782594.0,0,0,0,0,1,0,0,0,0,915.0769,43.0,1932.5,232,0,0,0,0,0,0,7,301,6,11595,274,235,1,32,1001.0,0.0,1001,1001,85900000.0,0.0,85900000,85900000,DoS Hulk
80,85077265,6,7,358,11595,358,0,59.666668,146.1529,4344,0,1656.4286,1547.7377,140.49582,0.15280227,7089772.0,24500000.0,84900000,4,84900000,17000000.0,38000000.0,84900000,4,145603,24267.166,53510.055,133058,49,0,0,0,0,200,232,0.07052413,0.08227815,0,4344,853.7857,1344.5647,1807854.1,0,0,0,0,1,0,0,0,1,919.46155,59.666668,1656.4286,200,0,0,0,0,0,0,6,358,7,11595,251,235,1,32,132.0,0.0,132,132,84900000.0,0.0,84900000,84900000,DoS Hulk
80,135050,5,0,30,0,6,6,6.0,0.0,0,0,0.0,0.0,222.13995,37.023323,33762.5,65248.484,131624,3,135050,33762.5,65248.484,131624,3,0,0.0,0.0,0,0,0,0,0,0,100,0,37.023323,0.0,6,6,6.0,0.0,0.0,0,0,0,0,1,0,0,0,0,7.2,6.0,0.0,100,0,0,0,0,0,0,5,30,0,0,256,-1,4,20,0.0,0.0,0,0,0.0,0.0,0,0,DDoS
53,61251,2,2,86,286,43,43,43.0,0.0,143,143,143.0,0.0,6073.37,65.30505,20417.0,35302.668,61181,10,60,60.0,0.0,60,60,10,10.0,0.0,10,10,0,0,0,0,40,64,32.652527,32.652527,43,143,83.0,54.772255,3000.0,0,0,0,0,0,0,0,0,1,103.75,43.0,143.0,40,0,0,0,0,0,0,2,86,2,286,-1,-1,1,20,0.0,0.0,0,0,0.0,0.0,0,0,BENIGN
80,99537693,10,6,335,11595,335,0,33.5,105.9363,4344,0,1932.5,1754.8314,119.854095,0.16074313,6635846.0,25700000.0,99400000,0,99400000,11000000.0,33100000.0,99400000,0,144344,28868.8,57956.67,132140,47,0,0,0,0,328,200,0.100464456,0.060278673,0,4344,701.7647,1358.8754,1846542.4,0,0,0,0,1,0,0,0,0,745.625,33.5,1932.5,328,0,0,0,0,0,0,10,335,6,11595,251,235,1,32,33015.0,0.0,33015,33015,99400000.0,0.0,99400000,99400000,DoS Hulk
53,70548,1,1,49,148,49,49,49.0,0.0,148,148,148.0,0.0,2792.425,28.349493,70548.0,0.0,70548,70548,0,0.0,0.0,0,0,0,0.0,0.0,0,0,0,0,0,0,32,20,14.1747465,14.1747465,49,148,82.0,57.157677,3267.0,0,0,0,0,0,0,0,0,1,123.0,49.0,148.0,32,0,0,0,0,0,0,1,49,1,148,-1,-1,0,32,0.0,0.0,0,0,0.0,0.0,0,0,BENIGN
80,29645789,41,63,3589,79614,463,0,87.53658,168.5994,2920,0,1263.7142,582.7249,2806.5706,3.5080867,287823.2,1533322.4,10000000,1,29600000,741144.75,2412074.8,10000000,196,23300000,376570.66,1816025.6,10000000,1,0,0,0,0,832,1296,1.3829957,2.125091,0,2920,792.40955,741.5092,549835.9,0,0,0,1,0,0,0,0,1,800.0289,87.53658,1263.7142,832,0,0,0,0,0,0,41,3589,63,79614,8192,37,40,20,1118214.6,1908826.1,3322337,15194,8763715.0,2148655.2,10000000,6282665,BENIGN
80,96114706,9,5,62,11607,20,0,6.888889,5.3019915,7215,0,2321.4,3327.7698,121.40702,0.1456593,7393439.0,23700000.0,85700000,4,96000000,12000000.0,30000000.0,85700000,75,109918,27479.5,54314.766,108950,4,0,0,0,0,192,112,0.093638115,0.052021176,0,7215,778.3333,2107.035,4439596.0,0,0,0,0,1,0,0,0,0,833.9286,6.888889,2321.4,192,0,0,0,0,0,0,9,62,5,11607,256,229,7,20,1354.0,0.0,1354,1354,48000000.0,53400000.0,85700000,10300000,DDoS
5910,6,1,1,2,6,2,2,2.0,0.0,6,6,6.0,0.0,1333333.4,333333.34,6.0,0.0,6,6,0,0.0,0.0,0,0,0,0.0,0.0,0,0,0,0,0,0,24,20,166666.67,166666.67,2,6,3.3333333,2.309401,5.3333335,0,0,0,1,0,0,0,0,1,5.0,2.0,6.0,24,0,0,0,0,0,0,1,2,1,6,1024,0,0,24,0.0,0.0,0,0,0.0,0.0,0,0,PortScan
29235,9341834,1,5,6,30,6,6,6.0,0.0,6,6,6.0,0.0,3.853633,0.6422722,1868366.8,4156864.0,9304340,1,0,0.0,0.0,0,0,9305764,2326441.0,4651932.5,9304340,1,0,0,0,0,20,100,0.10704536,0.5352268,6,6,6.0,0.0,0.0,0,0,0,0,1,1,0,0,5,7.0,6.0,6.0,20,0,0,0,0,0,0,1,6,5,30,229,0,0,20,37494.0,0.0,37494,37494,9304340.0,0.0,9304340,9304340,BENIGN
80,98662717,6,7,352,11595,334,0,58.666668,134.91725,5792,0,1656.4286,2120.7322,121.08931,0.13176203,8221893.0,28500000.0,98600000,2,98700000,19700000.0,44100000.0,98600000,2,98700000,16400000.0,40300000.0,98600000,46,0,0,0,0,164,232,0.060813244,0.07094879,0,5792,853.7857,1666.3577,2776747.8,1,0,0,0,0,0,0,0,1,919.46155,58.666668,1656.4286,164,0,0,0,0,0,0,6,352,7,11595,0,235,3,20,13000.0,0.0,13000,13000,98600000.0,0.0,98600000,98600000,DoS Hulk
443,1015853,8,7,785,5620,418,0,98.125,151.56558,2021,0,802.8571,824.0559,6305.046,14.765916,72560.93,229211.02,867551,50,1015853,145121.86,318852.94,867551,173,117086,19514.334,27118.43,69146,50,0,0,0,0,172,152,7.875155,6.890761,0,2021,400.3125,646.02875,417353.16,0,0,0,1,0,0,0,0,0,427.0,98.125,802.8571,172,0,0,0,0,0,0,8,785,7,5620,8192,123,7,20,0.0,0.0,0,0,0.0,0.0,0,0,BENIGN
53,204,2,2,68,100,34,34,34.0,0.0,50,50,50.0,0.0,823529.44,19607.844,68.0,32.908966,106,49,49,49.0,0.0,49,49,49,49.0,0.0,49,49,0,0,0,0,40,40,9803.922,9803.922,34,50,40.4,8.763561,76.8,0,0,0,0,0,0,0,0,1,50.5,34.0,50.0,40,0,0,0,0,0,0,2,68,2,100,-1,-1,1,20,0.0,0.0,0,0,0.0,0.0,0,0,BENIGN
80,10602730,5,0,30,0,6,6,6.0,0.0,0,0,0.0,0.0,2.82946,0.47157666,2650682.5,5300032.5,10600000,3,10600000,2650682.5,5300032.5,10600000,3,0,0.0,0.0,0,0,0,0,0,0,100,0,0.47157666,0.0,6,6,6.0,0.0,0.0,0,0,0,0,1,0,0,0,0,7.2,6.0,0.0,100,0,0,0,0,0,0,5,30,0,0,256,-1,4,20,1999.0,0.0,1999,1999,10600000.0,0.0,10600000,10600000,DDoS
80,84146316,7,7,311,11595,311,0,44.42857,117.54695,4344,0,1656.4286,1757.579,141.49164,0.16637686,6472793.5,23300000.0,84000000,1,84000000,14000000.0,34300000.0,84000000,1,137643,22940.5,48969.734,122158,47,0,0,0,0,232,232,0.08318843,0.08318843,0,4344,793.73334,1423.9614,2027666.1,0,0,0,0,1,0,0,0,1,850.4286,44.42857,1656.4286,232,0,0,0,0,0,0,7,311,7,11595,274,235,1,32,991.0,0.0,991,991,84000000.0,0.0,84000000,84000000,DoS Hulk
3283,19,1,1,2,6,2,2,2.0,0.0,6,6,6.0,0.0,421052.62,105263.16,19.0,0.0,19,19,0,0.0,0.0,0,0,0,0.0,0.0,0,0,0,0,0,0,24,20,52631.58,52631.58,2,6,3.3333333,2.309401,5.3333335,0,0,0,1,0,0,0,0,1,5.0,2.0,6.0,24,0,0,0,0,0,0,1,2,1,6,1024,0,0,24,0.0,0.0,0,0,0.0,0.0,0,0,PortScan
80,5921873,4,0,24,0,6,6,6.0,0.0,0,0,0.0,0.0,4.052772,0.67546195,1973957.6,3418435.5,5921227,242,5921873,1973957.6,3418435.5,5921227,242,0,0.0,0.0,0,0,0,0,0,0,80,0,0.67546195,0.0,6,6,6.0,0.0,0.0,0,0,0,0,1,0,0,0,0,7.5,6.0,0.0,80,0,0,0,0,0,0,4,24,0,0,256,-1,3,20,646.0,0.0,646,646,5921227.0,0.0,5921227,5921227,DDoS
5730,88,1,1,2,6,2,2,2.0,0.0,6,6,6.0,0.0,90909.09,22727.273,88.0,0.0,88,88,0,0.0,0.0,0,0,0,0.0,0.0,0,0,0,0,0,0,24,20,11363.637,11363.637,2,6,3.3333333,2.309401,5.3333335,0,0,0,1,0,0,0,0,1,5.0,2.0,6.0,24,0,0,0,0,0,0,1,2,1,6,1024,0,0,24,0.0,0.0,0,0,0.0,0.0,0,0,PortScan
80,85820034,6,6,355,11595,355,0,59.166668,144.92815,5792,0,1932.5,2181.0083,139.24487,0.13982749,7801821.5,25800000.0,85700000,3,85700000,17100000.0,38300000.0,85700000,3,150404,30080.8,60090.1,137107,47,0,0,0,0,200,200,0.069913745,0.069913745,0,5792,919.2308,1715.9191,2944378.2,0,0,0,0,1,0,0,0,1,995.8333,59.166668,1932.5,200,0,0,0,0,0,0,6,355,6,11595,251,235,1,32,993.0,0.0,993,993,85700000.0,0.0,85700000,85700000,DoS Hulk
3370,57,1,1,0,6,0,0,0.0,0.0,6,6,6.0,0.0,105263.16,35087.72,57.0,0.0,57,57,0,0.0,0.0,0,0,0,0.0,0.0,0,0,0,0,0,0,40,20,17543.86,17543.86,0,6,2.0,3.4641016,12.0,0,0,0,1,0,0,0,0,1,3.0,0.0,6.0,40,0,0,0,0,0,0,1,0,1,6,29200,0,0,40,0.0,0.0,0,0,0.0,0.0,0,0,PortScan
255,41,1,1,2,6,2,2,2.0,0.0,6,6,6.0,0.0,195121.95,48780.49,41.0,0.0,41,41,0,0.0,0.0,0,0,0,0.0,0.0,0,0,0,0,0,0,24,20,24390.244,24390.244,2,6,3.3333333,2.309401,5.3333335,0,0,0,1,0,0,0,0,1,5.0,2.0,6.0,24,0,0,0,0,0,0,1,2,1,6,1024,0,0,24,0.0,0.0,0,0,0.0,0.0,0,0,PortScan
53,170,2,2,60,264,30,30,30.0,0.0,132,132,132.0,0.0,1905882.4,23529.412,56.666668,90.3567,161,4,4,4.0,0.0,4,4,5,5.0,0.0,5,5,0,0,0,0,40,40,11764.706,11764.706,30,132,70.8,55.867702,3121.2,0,0,0,0,0,0,0,0,1,88.5,30.0,132.0,40,0,0,0,0,0,0,2,60,2,264,-1,-1,1,20,0.0,0.0,0,0,0.0,0.0,0,0,BENIGN
80,98692425,6,6,352,11595,352,0,58.666668,143.7034,4344,0,1932.5,1754.8314,121.05286,0.12158988,8972039.0,29700000.0,98500000,16,98600000,19700000.0,44100000.0,98500000,217,147426,29485.2,59822.445,136164,16,0,0,0,0,200,200,0.06079494,0.06079494,0,4344,919.0,1498.5859,2245759.8,0,0,0,0,1,0,0,0,1,995.5833,58.666668,1932.5,200,0,0,0,0,0,0,6,352,6,11595,251,235,1,32,468.0,0.0,468,468,98500000.0,0.0,98500000,98500000,DoS Hulk
6789,20,1,1,2,6,2,2,2.0,0.0,6,6,6.0,0.0,400000.0,100000.0,20.0,0.0,20,20,0,0.0,0.0,0,0,0,0.0,0.0,0,0,0,0,0,0,24,20,50000.0,50000.0,2,6,3.3333333,2.309401,5.3333335,0,0,0,1,0,0,0,0,1,5.0,2.0,6.0,24,0,0,0,0,0,0,1,2,1,6,1024,0,0,24,0.0,0.0,0,0,0.0,0.0,0,0,PortScan
443,91025625,7,8,1914,2850,630,6,273.42856,333.54202,722,0,356.25,316.6349,52.33691,0.16478877,6501830.5,14185870.0,44998374,3,91025625,15170938.0,19119422.0,44998374,24263,91000465,13000066.0,18391306.0,45024108,3,1,0,0,0,140,172,0.07690142,0.08788734,0,722,337.125,314.79175,99093.85,0,1,0,0,1,0,0,0,1,359.6,273.42856,356.25,140,0,0,0,0,0,0,7,1914,8,2850,252,363,6,20,25100.334,585.6401,25631,24472,30308688.0,15034746.0,44998374,14951141,BENIGN
51737,7983931,1,6,6,36,6,6,6.0,0.0,6,6,6.0,0.0,5.2605667,0.8767611,1330655.1,3249538.8,7963733,4,0,0.0,0.0,0,0,7982777,1596555.4,3559368.8,7963733,4,0,0,0,0,20,120,0.12525158,0.7515095,6,6,6.0,0.0,0.0,0,0,0,0,1,1,0,0,6,6.857143,6.0,6.0,20,0,0,0,0,0,0,1,6,6,36,229,0,0,20,20198.0,0.0,20198,20198,7963733.0,0.0,7963733,7963733,BENIGN
53,488,1,1,64,117,64,64,64.0,0.0,117,117,117.0,0.0,370901.62,4098.361,488.0,0.0,488,488,0,0.0,0.0,0,0,0,0.0,0.0,0,0,0,0,0,0,32,32,2049.1804,2049.1804,64,117,81.666664,30.599564,936.3333,0,0,0,0,0,0,0,0,1,122.5,64.0,117.0,32,0,0,0,0,0,0,1,64,1,117,-1,-1,0,32,0.0,0.0,0,0,0.0,0.0,0,0,BENIGN
52324,36,1,1,6,6,6,6,6.0,0.0,6,6,6.0,0.0,333333.34,55555.555,36.0,0.0,36,36,0,0.0,0.0,0,0,0,0.0,0.0,0,0,0,0,0,0,20,20,27777.777,27777.777,6,6,6.0,0.0,0.0,0,0,0,0,1,1,0,0,1,9.0,6.0,6.0,20,0,0,0,0,0,0,1,6,1,6,237,256,0,20,0.0,0.0,0,0,0.0,0.0,0,0,Bot
53,66822,2,2,66,176,33,33,33.0,0.0,88,88,88.0,0.0,3621.5618,59.860523,22274.0,38572.773,66814,4,4,4.0,0.0,4,4,4,4.0,0.0,4,4,0,0,0,0,80,80,29.930262,29.930262,33,88,55.0,30.12474,907.5,0,0,0,0,0,0,0,0,1,68.75,33.0,88.0,80,0,0,0,0,0,0,2,66,2,176,-1,-1,1,40,0.0,0.0,0,0,0.0,0.0,0,0,BENIGN
80,115531144,16,14,317,1147,317,0,19.8125,79.25,1147,0,81.92857,306.54865,12.671907,0.25967023,3983832.5,4977244.0,10200000,13,116000000,7702076.5,4390770.5,10200000,857,113000000,8659910.0,3836883.8,10200000,907,0,0,0,0,520,456,0.1384908,0.12117945,0,1147,47.225807,211.893,44898.65,0,0,0,1,0,0,0,0,0,48.8,19.8125,81.92857,520,0,0,0,0,0,0,16,317,14,1147,29200,939,1,32,30482.455,9007.329,57639,27630,10200000.0,27411.21,10200000,10100000,BENIGN
2007,95,1,1,0,6,0,0,0.0,0.0,6,6,6.0,0.0,63157.895,21052.63,95.0,0.0,95,95,0,0.0,0.0,0,0,0,0.0,0.0,0,0,0,0,0,0,40,20,10526.315,10526.315,0,6,2.0,3.4641016,12.0,0,0,0,1,0,0,0,0,1,3.0,0.0,6.0,40,0,0,0,0,0,0,1,0,1,6,29200,0,0,40,0.0,0.0,0,0,0.0,0.0,0,0,PortScan
80,85727208,4,6,310,11595,304,0,77.5,151.02649,5792,0,1932.5,2181.0083,138.87073,0.116649084,9525245.0,28500000.0,85600000,45,85600000,28500000.0,49400000.0,85600000,191,144548,28909.6,58511.777,133236,45,0,0,0,0,124,200,0.046659634,0.06998945,0,5792,1082.8182,1827.1935,3338636.2,1,0,0,0,0,0,0,0,1,1191.1,77.5,1932.5,124,0,0,0,0,0,0,4,310,6,11595,0,235,1,20,0.0,0.0,0,0,85600000.0,0.0,85600000,85600000,DoS Hulk
80,99567734,5,7,350,11595,338,0,70.0,149.84659,5792,0,1656.4286,2119.4802,119.96858,0.12052097,9051612.0,30000000.0,99400000,6,99400000,24900000.0,49700000.0,99400000,6,99600000,16600000.0,40600000.0,99400000,51,0,0,0,0,144,232,0.05021707,0.0703039,0,5792,919.3077,1714.817,2940597.5,1,0,0,0,0,0,0,0,1,995.9167,70.0,1656.4286,144,0,0,0,0,0,0,5,350,7,11595,0,235,2,20,11005.0,0.0,11005,11005,99400000.0,0.0,99400000,99400000,DoS Hulk
80,100324109,7,4,341,11595,341,0,48.714287,128.88588,8688,0,2898.75,4095.5662,118.974396,0.10964463,10000000.0,31700000.0,100000000,0,100000000,16700000.0,40900000.0,100000000,0,109830,36610.0,53942.098,98580,190,0,0,0,0,232,136,0.06977386,0.039870776,0,8688,994.6667,2561.5325,6561448.5,0,0,0,0,1,0,0,0,0,1085.091,48.714287,2898.75,232,0,0,0,0,0,0,7,341,4,11595,274,235,1,32,5.0,0.0,5,5,100000000.0,0.0,100000000,100000000,DoS Hulk
80,16035,2,2,12,0,6,6,6.0,0.0,0,0,0.0,0.0,748.363,249.45432,5345.0,8724.051,15414,45,621,621.0,0.0,621,621,15990,15990.0,0.0,15990,15990,0,0,0,0,40,64,124.72716,124.72716,0,6,3.6,3.2863352,10.8,1,0,0,0,0,0,0,0,1,4.5,6.0,0.0,40,0,0,0,0,0,0,2,12,2,0,0,235,1,20,0.0,0.0,0,0,0.0,0.0,0,0,DoS Hulk
80,98702834,6,7,366,11595,366,0,61.0,149.41887,5792,0,1656.4286,2118.2273,121.18193,0.13170847,8225236.0,28500000.0,98700000,1,98700000,19700000.0,44100000.0,98700000,1,45555,7592.5,13360.033,33082,46,0,0,0,0,200,232,0.060788527,0.070919946,0,5792,854.3571,1665.0848,2772507.8,0,0,0,0,1,0,0,0,1,920.0769,61.0,1656.4286,200,0,0,0,0,0,0,6,366,7,11595,251,235,1,32,2.0,0.0,2,2,98700000.0,0.0,98700000,98700000,DoS Hulk
53,290,2,2,72,270,36,36,36.0,0.0,135,135,135.0,0.0,1179310.4,13793.104,96.666664,125.30097,239,3,3,3.0,0.0,3,3,48,48.0,0.0,48,48,0,0,0,0,40,40,6896.552,6896.552,36,135,75.6,54.224533,2940.3,0,0,0,0,0,0,0,0,1,94.5,36.0,135.0,40,0,0,0,0,0,0,2,72,2,270,-1,-1,1,20,0.0,0.0,0,0,0.0,0.0,0,0,BENIGN
80,101607307,7,8,748,11595,368,0,106.85714,178.41472,4344,0,1449.375,1729.3801,121.477486,0.14762717,7257665.0,26700000.0,100000000,4,101000000,16900000.0,40800000.0,100000000,4,102000000,14500000.0,38200000.0,101000000,16,0,0,0,0,216,264,0.06889268,0.078734495,0,4344,771.8125,1377.9365,1898709.1,1,0,0,0,0,0,0,0,1,823.26666,106.85714,1449.375,216,0,0,0,0,0,0,7,748,8,11595,0,235,3,20,11004.0,0.0,11004,11004,100000000.0,0.0,100000000,100000000,DoS Hulk
80,141472,3,6,345,11595,345,0,115.0,199.18584,5792,0,1932.5,2181.0083,84398.33,63.61683,17684.0,44784.71,128132,47,12991,6495.5,6370.325,11000,1991,141411,28282.2,56096.24,128132,47,0,0,0,0,104,200,21.20561,42.41122,0,5792,1194.0,1887.208,3561554.0,0,0,0,1,0,0,0,0,2,1326.6666,115.0,1932.5,104,0,0,0,0,0,0,3,345,6,11595,29200,235,1,32,0.0,0.0,0,0,0.0,0.0,0,0,DoS Hulk
53,349,2,2,66,178,33,33,33.0,0.0,89,89,89.0,0.0,699140.4,11461.318,116.333336,195.4337,342,3,3,3.0,0.0,3,3,4,4.0,0.0,4,4,0,0,0,0,40,40,5730.659,5730.659,33,89,55.4,30.672462,940.8,0,0,0,0,0,0,0,0,1,69.25,33.0,89.0,40,0,0,0,0,0,0,2,66,2,178,-1,-1,1,20,0.0,0.0,0,0,0.0,0.0,0,0,BENIGN
53,30997,2,2,66,428,33,33,33.0,0.0,214,214,214.0,0.0,15937.026,129.04474,10332.333,17849.375,30943,4,50,50.0,0.0,50,50,4,4.0,0.0,4,4,0,0,0,0,64,80,64.52237,64.52237,33,214,105.4,99.13778,9828.3,0,0,0,0,0,0,0,0,1,131.75,33.0,214.0,64,0,0,0,0,0,0,2,66,2,428,-1,-1,1,32,0.0,0.0,0,0,0.0,0.0,0,0,BENIGN
80,141561,3,7,363,11595,363,0,121.0,209.57814,4344,0,1656.4286,1946.2748,84472.42,70.64092,15729.0,42741.137,129219,1,11989,5994.5,8471.847,11985,4,141553,23592.166,51965.074,129219,1,0,0,0,0,104,232,21.192278,49.448647,0,4344,1087.091,1704.8911,2906653.8,0,0,0,1,0,0,0,0,2,1195.8,121.0,1656.4286,104,0,0,0,0,0,0,3,363,7,11595,29200,235,1,32,0.0,0.0,0,0,0.0,0.0,0,0,DoS Hulk
6689,39,1,1,2,6,2,2,2.0,0.0,6,6,6.0,0.0,205128.2,51282.05,39.0,0.0,39,39,0,0.0,0.0,0,0,0,0.0,0.0,0,0,0,0,0,0,24,20,25641.025,25641.025,2,6,3.3333333,2.309401,5.3333335,0,0,0,1,0,0,0,0,1,5.0,2.0,6.0,24,0,0,0,0,0,0,1,2,1,6,1024,0,0,24,0.0,0.0,0,0,0.0,0.0,0,0,PortScan
80,11842127,4,0,24,0,6,6,6.0,0.0,0,0,0.0,0.0,2.026663,0.33777717,3947375.8,6836357.0,11800000,372,11800000,3947375.8,6836357.0,11800000,372,0,0.0,0.0,0,0,0,0,0,0,80,0,0.33777717,0.0,6,6,6.0,0.0,0.0,0,0,0,0,1,0,0,0,0,7.5,6.0,0.0,80,0,0,0,0,0,0,4,24,0,0,256,-1,3,20,806.0,0.0,806,806,11800000.0,0.0,11800000,11800000,DDoS
80,98309406,6,6,367,11595,367,0,61.166668,149.82712,5792,0,1932.5,2181.0083,121.67706,0.1220636,8937219.0,29600000.0,98200000,6,98200000,19600000.0,43900000.0,98200000,6,146444,29288.8,58865.367,134188,45,0,0,0,0,200,200,0.0610318,0.0610318,0,5792,920.1539,1715.5934,2943260.8,0,0,0,0,1,0,0,0,1,996.8333,61.166668,1932.5,200,0,0,0,0,0,0,6,367,6,11595,251,235,1,32,439.0,0.0,439,439,98200000.0,0.0,98200000,98200000,DoS Hulk
53,172,2,2,88,200,44,44,44.0,0.0,100,100,100.0,0.0,1674418.6,23255.814,57.333332,59.551098,121,3,3,3.0,0.0,3,3,48,48.0,0.0,48,48,0,0,0,0,64,64,11627.907,11627.907,44,100,66.4,30.672462,940.8,0,0,0,0,0,0,0,0,1,83.0,44.0,100.0,64,0,0,0,0,0,0,2,88,2,200,-1,-1,1,32,0.0,0.0,0,0,0.0,0.0,0,0,BENIGN
53,239,2,2,78,256,39,39,39.0,0.0,128,128,128.0,0.0,1397489.5,16736.402,79.666664,53.984566,142,48,48,48.0,0.0,48,48,49,49.0,0.0,49,49,0,0,0,0,64,64,8368.201,8368.201,39,128,74.6,48.747307,2376.3,0,0,0,0,0,0,0,0,1,93.25,39.0,128.0,64,0,0,0,0,0,0,2,78,2,256,-1,-1,1,32,0.0,0.0,0,0,0.0,0.0,0,0,BENIGN
80,34985868,2,0,0,0,0,0,0.0,0.0,0,0,0.0,0.0,0.0,0.05716594,35000000.0,0.0,35000000,35000000,35000000,35000000.0,0.0,35000000,35000000,0,0.0,0.0,0,0,0,0,0,0,64,0,0.05716594,0.0,0,0,0.0,0.0,0.0,0,0,0,0,1,0,0,0,0,0.0,0.0,0.0,64,0,0,0,0,0,0,2,0,0,0,284,-1,0,32,0.0,0.0,0,0,35000000.0,0.0,35000000,35000000,DoS GoldenEye
49158,48,1,1,2,6,2,2,2.0,0.0,6,6,6.0,0.0,166666.67,41666.668,48.0,0.0,48,48,0,0.0,0.0,0,0,0,0.0,0.0,0,0,0,0,0,0,24,20,20833.334,20833.334,2,6,3.3333333,2.309401,5.3333335,0,0,0,1,0,0,0,0,1,5.0,2.0,6.0,24,0,0,0,0,0,0,1,2,1,6,1024,0,0,24,0.0,0.0,0,0,0.0,0.0,0,0,PortScan
80,99411644,9,6,316,11595,304,0,35.11111,100.8668,5792,0,1932.5,2181.0083,119.81494,0.15088776,7100831.5,26600000.0,99400000,0,99400000,12400000.0,35100000.0,99400000,0,24429,4885.8,6700.1895,14016,46,0,0,0,0,272,200,0.09053265,0.060355105,0,5792,744.4375,1579.3842,2494454.2,0,0,0,0,1,0,0,0,0,794.06665,35.11111,1932.5,272,0,0,0,0,0,0,9,316,6,11595,251,235,3,20,1000.0,0.0,1000,1000,99400000.0,0.0,99400000,99400000,DoS Hulk
80,86033100,7,7,329,11595,311,0,47.0,116.451706,4344,0,1656.4286,1760.5973,138.59782,0.16272807,6617931.0,23500000.0,84800000,5,85900000,14300000.0,34600000.0,84800000,1009,86000000,14300000.0,35000000.0,85800000,47,0,0,0,0,204,232,0.081364036,0.081364036,0,4344,795.3333,1424.6063,2029503.1,1,0,0,0,0,0,0,0,1,852.1429,47.0,1656.4286,204,0,0,0,0,0,0,7,329,7,11595,0,235,3,20,11993.0,0.0,11993,11993,84800000.0,0.0,84800000,84800000,DoS Hulk
80,698737,3,4,26,11607,20,0,8.666667,10.263203,11595,0,2901.75,5795.5005,16648.61,10.018076,116456.164,284811.0,697824,14,851,425.5,328.80466,658,193,698689,232896.33,402639.38,697824,14,0,0,0,0,72,92,4.293461,5.7246146,0,11595,1454.125,4097.5376,16800000.0,0,0,0,1,0,0,0,0,1,1661.8572,8.666667,2901.75,72,0,0,0,0,0,0,3,26,4,11607,8192,229,2,20,0.0,0.0,0,0,0.0,0.0,0,0,DDoS
80,85492326,7,7,380,11595,380,0,54.285713,143.6265,5792,0,1656.4286,1947.6382,140.07104,0.16375738,6576333.0,23700000.0,85300000,2,85400000,14200000.0,34800000.0,85300000,2,143687,23947.834,52755.46,131196,47,0,0,0,0,232,232,0.08187869,0.08187869,0,5792,798.3333,1524.8048,2325029.8,0,0,0,0,1,0,0,0,1,855.3571,54.285713,1656.4286,232,0,0,0,0,0,0,7,380,7,11595,274,235,1,32,1016.0,0.0,1016,1016,85300000.0,0.0,85300000,85300000,DoS Hulk
1999,59,1,1,0,6,0,0,0.0,0.0,6,6,6.0,0.0,101694.914,33898.305,59.0,0.0,59,59,0,0.0,0.0,0,0,0,0.0,0.0,0,0,0,0,0,0,40,20,16949.152,16949.152,0,6,2.0,3.4641016,12.0,0,0,0,1,0,0,0,0,1,3.0,0.0,6.0,40,0,0,0,0,0,0,1,0,1,6,29200,0,0,40,0.0,0.0,0,0,0.0,0.0,0,0,PortScan
1334,59,1,1,0,6,0,0,0.0,0.0,6,6,6.0,0.0,101694.914,33898.305,59.0,0.0,59,59,0,0.0,0.0,0,0,0,0.0,0.0,0,0,0,0,0,0,40,20,16949.152,16949.152,0,6,2.0,3.4641016,12.0,0,0,0,1,0,0,0,0,1,3.0,0.0,6.0,40,0,0,0,0,0,0,1,0,1,6,29200,0,0,40,0.0,0.0,0,0,0.0,0.0,0,0,PortScan
1,85,1,1,2,6,2,2,2.0,0.0,6,6,6.0,0.0,94117.65,23529.412,85.0,0.0,85,85,0,0.0,0.0,0,0,0,0.0,0.0,0,0,0,0,0,0,24,20,11764.706,11764.706,2,6,3.3333333,2.309401,5.3333335,0,0,0,1,0,0,0,0,1,5.0,2.0,6.0,24,0,0,0,0,0,0,1,2,1,6,1024,0,0,24,0.0,0.0,0,0,0.0,0.0,0,0,PortScan
80,10586397,5,0,30,0,6,6,6.0,0.0,0,0,0.0,0.0,2.8338253,0.47230422,2646599.2,5293195.0,10600000,1,10600000,2646599.2,5293195.0,10600000,1,0,0.0,0.0,0,0,0,0,0,0,100,0,0.47230422,0.0,6,6,6.0,0.0,0.0,0,0,0,0,1,0,0,0,0,7.2,6.0,0.0,100,0,0,0,0,0,0,5,30,0,0,256,-1,4,20,5.0,0.0,5,5,10600000.0,0.0,10600000,10600000,DDoS
80,100289966,7,7,377,11595,377,0,53.857143,142.4926,2896,0,1656.4286,1546.0215,119.373856,0.13959523,7714613.0,27800000.0,100000000,1,100000000,16700000.0,40900000.0,100000000,1,195576,32596.0,74422.055,184257,45,0,0,0,0,232,232,0.06979761,0.06979761,0,2896,798.13336,1312.9645,1723875.9,0,0,0,0,1,0,0,0,1,855.1429,53.857143,1656.4286,232,0,0,0,0,0,0,7,377,7,11595,274,235,1,32,1037.0,0.0,1037,1037,100000000.0,0.0,100000000,100000000,DoS Hulk
80,100764229,8,4,56,11607,20,0,7.0,5.656854,11595,0,2901.75,5795.5005,115.74544,0.11908988,9160384.0,29400000.0,97700000,4,101000000,14400000.0,36700000.0,97700000,67,14706,4902.0,7703.9316,13782,4,0,0,0,0,172,92,0.07939325,0.039696626,0,11595,897.61536,3214.1675,10300000.0,0,0,0,0,1,0,0,0,0,972.4167,7.0,2901.75,172,0,0,0,0,0,0,8,56,4,11607,256,229,6,20,3066925.0,0.0,3066925,3066925,97700000.0,0.0,97700000,97700000,DDoS
80,165134,3,7,294,11595,294,0,98.0,169.74098,5792,0,1656.4286,2118.2273,71996.08,60.55688,18348.223,50473.24,152541,45,12039,6019.5,8444.977,11991,48,165036,27506.0,61438.86,152541,45,0,0,0,0,104,232,18.167065,42.389816,0,5792,1080.8182,1826.5869,3336419.8,0,0,0,1,0,0,0,0,2,1188.9,98.0,1656.4286,104,0,0,0,0,0,0,3,294,7,11595,29200,235,1,32,0.0,0.0,0,0,0.0,0.0,0,0,DoS Hulk
52086,247,3,2,76,12,45,0,25.333334,23.028967,6,6,6.0,0.0,356275.3,20242.914,61.75,88.26617,190,3,247,123.5,170.41273,244,3,4,4.0,0.0,4,4,1,0,0,0,96,40,12145.749,8097.166,0,45,22.166666,20.663172,426.96667,0,1,0,0,1,0,0,0,0,26.6,25.333334,6.0,96,0,0,0,0,0,0,3,76,2,12,122,0,1,32,0.0,0.0,0,0,0.0,0.0,0,0,BENIGN
443,234159,26,29,2389,34263,1093,0,91.88461,296.20038,1418,0,1181.4828,494.42517,156526.12,234.88313,4336.278,13097.332,67030,2,234159,9366.36,18416.65,67030,3,197155,7041.25,21778.07,106016,2,0,0,0,0,844,936,111.03567,123.84747,0,1418,654.5,684.23895,468182.97,0,0,0,1,0,0,0,0,1,666.4,91.88461,1181.4828,844,0,0,0,0,0,0,26,2389,29,34263,65535,383,5,32,0.0,0.0,0,0,0.0,0.0,0,0,BENIGN
8080,1029562,3,3,0,18,0,0,0.0,0.0,6,6,6.0,0.0,17.483162,5.827721,205912.4,281107.78,515109,522,1028969,514484.5,1621.3959,515631,513338,1028813,514406.5,1832.1136,515702,513111,0,0,0,0,92,60,2.9138606,2.9138606,0,6,2.5714285,3.207135,10.285714,0,0,0,1,0,0,0,0,1,3.0,0.0,6.0,92,0,0,0,0,0,0,3,0,3,18,8192,0,0,28,0.0,0.0,0,0,0.0,0.0,0,0,Bot
443,5257687,7,4,599,152,517,0,85.57143,191.30853,152,0,38.0,76.0,142.83847,2.0921748,525768.7,1595181.4,5065287,17,5257687,876281.2,2082991.6,5128039,17,169392,56464.0,56636.79,113320,49,0,0,0,0,232,136,1.331384,0.7607908,0,517,62.583332,149.83473,22450.447,0,0,0,1,0,0,0,0,0,68.27273,85.57143,38.0,232,0,0,0,0,0,0,7,599,4,152,29200,939,3,32,192383.0,0.0,192383,192383,5065287.0,0.0,5065287,5065287,BENIGN
53,106567,2,2,70,246,35,35,35.0,0.0,123,123,123.0,0.0,2965.2708,37.535072,35522.332,61519.56,106559,4,4,4.0,0.0,4,4,4,4.0,0.0,4,4,0,0,0,0,80,64,18.767536,18.767536,35,123,70.2,48.199585,2323.2,0,0,0,0,0,0,0,0,1,87.75,35.0,123.0,80,0,0,0,0,0,0,2,70,2,246,-1,-1,1,40,0.0,0.0,0,0,0.0,0.0,0,0,BENIGN
80,98885937,6,5,369,11595,369,0,61.5,150.64362,8688,0,2319.0,3774.2375,120.987885,0.11123928,9888594.0,31300000.0,98900000,1,98900000,19800000.0,44200000.0,98900000,1,22513,5628.25,6251.9946,11089,186,0,0,0,0,200,168,0.060675967,0.050563306,0,8688,997.0,2559.7644,6552394.0,0,0,0,0,1,0,0,0,0,1087.6364,61.5,2319.0,200,0,0,0,0,0,0,6,369,5,11595,251,235,1,32,2.0,0.0,2,2,98900000.0,0.0,98900000,98900000,DoS Hulk
53,957609,1,1,52,131,52,52,52.0,0.0,131,131,131.0,0.0,191.10097,2.088535,957609.0,0.0,957609,957609,0,0.0,0.0,0,0,0,0.0,0.0,0,0,0,0,0,0,20,20,1.0442675,1.0442675,52,131,78.333336,45.610672,2080.3333,0,0,0,0,0,0,0,0,1,117.5,52.0,131.0,20,0,0,0,0,0,0,1,52,1,131,-1,-1,0,20,0.0,0.0,0,0,0.0,0.0,0,0,BENIGN
80,97646926,7,4,398,11595,398,0,56.857143,150.42986,11595,0,2898.75,5797.5,122.820045,0.11265076,9764693.0,30900000.0,97600000,41,97600000,16300000.0,39900000.0,97600000,248,3856,1285.3334,1235.9702,2712,539,0,0,0,0,232,136,0.07168684,0.04096391,0,11595,999.4167,3338.7046,11100000.0,0,0,0,0,1,0,0,0,0,1090.2727,56.857143,2898.75,232,0,0,0,0,0,0,7,398,4,11595,274,235,1,32,838.0,0.0,838,838,97600000.0,0.0,97600000,97600000,DoS Hulk
1052,18,1,1,2,6,2,2,2.0,0.0,6,6,6.0,0.0,444444.44,111111.11,18.0,0.0,18,18,0,0.0,0.0,0,0,0,0.0,0.0,0,0,0,0,0,0,24,20,55555.555,55555.555,2,6,3.3333333,2.309401,5.3333335,0,0,0,1,0,0,0,0,1,5.0,2.0,6.0,24,0,0,0,0,0,0,1,2,1,6,1024,0,0,24,0.0,0.0,0,0,0.0,0.0,0,0,PortScan
80,81088002,8,6,56,11601,20,0,7.0,5.656854,4380,0,1933.5,1998.0254,143.7574,0.17265193,6237538.5,20100000.0,72800000,4,80100000,11400000.0,27200000.0,72800000,4,977167,195433.4,429862.9,964339,160,0,0,0,0,172,132,0.09865824,0.07399368,0,4380,777.5333,1542.8022,2380238.8,0,0,0,0,1,0,0,0,0,833.0714,7.0,1933.5,172,0,0,0,0,0,0,8,56,6,11601,256,229,6,20,3995.0,0.0,3995,3995,40100000.0,46400000.0,72800000,7276814,DDoS
80,98317920,6,6,394,11595,376,0,65.666664,152.06007,8688,0,1932.5,3506.0217,121.94115,0.12205303,8937993.0,29600000.0,98300000,46,98300000,19700000.0,43900000.0,98300000,1996,98300000,19700000.0,44000000.0,98300000,179,0,0,0,0,164,200,0.061026514,0.061026514,0,8688,922.6923,2465.4631,6078509.0,1,0,0,0,0,0,0,0,1,999.5833,65.666664,1932.5,164,0,0,0,0,0,0,6,394,6,11595,0,235,3,20,12998.0,0.0,12998,12998,98300000.0,0.0,98300000,98300000,DoS Hulk
80,1719180,3,5,26,11607,20,0,8.666667,10.263203,10220,0,2321.4,4455.1826,6766.598,4.6533813,245597.14,649425.2,1718355,2,587,293.5,409.41483,583,4,1719169,429792.25,859041.9,1718355,2,0,0,0,0,72,112,1.745018,2.9083633,0,10220,1292.5555,3378.299,11400000.0,0,0,0,1,0,0,0,0,1,1454.125,8.666667,2321.4,72,0,0,0,0,0,0,3,26,5,11607,8192,229,2,20,0.0,0.0,0,0,0.0,0.0,0,0,DDoS
80,98301470,8,4,424,11595,418,0,53.0,147.49722,8688,0,2898.75,4095.5662,122.26674,0.12207346,8936497.0,29600000.0,98300000,1,98300000,14000000.0,37200000.0,98300000,1,6208,2069.3333,3116.043,5665,157,0,0,0,0,252,136,0.081382304,0.040691152,0,8688,924.53845,2466.3523,6082894.0,0,0,0,0,1,0,0,0,0,1001.5833,53.0,2898.75,252,0,0,0,0,0,0,8,424,4,11595,251,235,2,20,1994.0,0.0,1994,1994,98300000.0,0.0,98300000,98300000,DoS Hulk
80,85670174,7,7,718,11595,350,0,102.57143,169.0472,5792,0,1656.4286,2120.7322,143.72563,0.16341743,6590013.5,23700000.0,85400000,2,85700000,14300000.0,34900000.0,85400000,2,85700000,14300000.0,34900000.0,85400000,47,0,0,0,0,196,232,0.081708714,0.081708714,0,5792,821.26666,1610.6627,2594234.2,1,0,0,0,0,0,0,0,1,879.9286,102.57143,1656.4286,196,0,0,0,0,0,0,7,718,7,11595,0,235,4,20,11955.0,0.0,11955,11955,85400000.0,0.0,85400000,85400000,DoS Hulk
80,117132321,10,7,678,11595,339,0,67.8,142.93495,2896,0,1656.4286,1302.5323,104.77894,0.145135,7320770.0,29200000.0,117000000,1,117000000,13000000.0,38900000.0,117000000,1,349565,58260.832,93814.79,216002,32,0,0,0,0,328,232,0.08537353,0.059761472,0,2896,681.8333,1117.9691,1249855.0,0,0,0,0,1,0,0,0,0,721.94116,67.8,1656.4286,328,0,0,0,0,0,0,10,678,7,11595,251,235,2,32,1999.0,0.0,1999,1999,117000000.0,0.0,117000000,117000000,DoS Hulk
443,20285,2,0,12,0,6,6,6.0,0.0,0,0,0.0,0.0,591.5701,98.595024,20285.0,0.0,20285,20285,20285,20285.0,0.0,20285,20285,0,0.0,0.0,0,0,0,0,0,0,40,0,98.595024,0.0,6,6,6.0,0.0,0.0,0,0,0,0,1,0,0,0,0,9.0,6.0,0.0,40,0,0,0,0,0,0,2,12,0,0,45260,-1,1,20,0.0,0.0,0,0,0.0,0.0,0,0,BENIGN
80,5459723,4,0,24,0,6,6,6.0,0.0,0,0,0.0,0.0,4.3958273,0.7326379,1819907.6,3147989.2,5454892,830,5459723,1819907.6,3147989.2,5454892,830,0,0.0,0.0,0,0,0,0,0,0,80,0,0.7326379,0.0,6,6,6.0,0.0,0.0,0,0,0,0,1,0,0,0,0,7.5,6.0,0.0,80,0,0,0,0,0,0,4,24,0,0,256,-1,3,20,4831.0,0.0,4831,4831,5454892.0,0.0,5454892,5454892,DDoS
443,45834,3,0,0,0,0,0,0.0,0.0,0,0,0.0,0.0,0.0,65.45359,22917.0,32405.29,45831,3,45834,22917.0,32405.29,45831,3,0,0.0,0.0,0,0,0,0,0,0,96,0,65.45359,0.0,0,0,0.0,0.0,0.0,0,0,0,0,1,0,0,0,0,0.0,0.0,0.0,96,0,0,0,0,0,0,3,0,0,0,33300,-1,0,32,0.0,0.0,0,0,0.0,0.0,0,0,BENIGN
80,85814116,6,5,371,11595,371,0,61.833332,151.46011,5792,0,2319.0,2423.6296,139.44093,0.12818404,8581412.0,27100000.0,85700000,1,85700000,17100000.0,38300000.0,85700000,1,148460,37115.0,65646.734,135164,48,0,0,0,0,200,168,0.069918565,0.058265474,0,5792,997.1667,1873.0208,3508206.8,0,0,0,0,1,0,0,0,0,1087.8182,61.833332,2319.0,200,0,0,0,0,0,0,6,371,5,11595,251,235,1,32,12.0,0.0,12,12,85700000.0,0.0,85700000,85700000,DoS Hulk
80,64280,6,7,336,954,162,0,56.0,82.15108,468,0,136.28572,226.61989,20068.451,202.2402,5356.6665,18345.158,63610,3,63842,12768.4,28421.322,63610,48,64141,10690.167,26002.39,63767,3,0,0,0,0,144,164,93.34163,108.89857,0,468,92.14286,169.1271,28603.979,0,0,0,1,0,0,0,0,1,99.23077,56.0,136.28572,144,0,0,0,0,0,0,6,336,7,954,8192,237,4,20,0.0,0.0,0,0,0.0,0.0,0,0,BENIGN
80,98390692,5,7,388,11595,376,0,77.6,166.83765,5792,0,1656.4286,2120.7322,121.78998,0.121962756,8944608.0,29600000.0,98300000,4,98400000,24600000.0,49200000.0,98300000,4,98400000,16400000.0,40100000.0,98400000,46,0,0,0,0,144,232,0.050817814,0.07114494,0,5792,922.2308,1714.55,2939681.8,1,0,0,0,0,0,0,0,1,999.0833,77.6,1656.4286,144,0,0,0,0,0,0,5,388,7,11595,0,235,2,20,13997.0,0.0,13997,13997,98300000.0,0.0,98300000,98300000,DoS Hulk
80,3975812,6,0,36,0,6,6,6.0,0.0,0,0,0.0,0.0,9.054754,1.5091257,795162.4,1776974.0,3973910,1,3975812,795162.4,1776974.0,3973910,1,0,0.0,0.0,0,0,0,0,0,0,120,0,1.5091257,0.0,6,6,6.0,0.0,0.0,0,0,0,0,1,0,0,0,0,7.0,6.0,0.0,120,0,0,0,0,0,0,6,36,0,0,256,-1,5,20,0.0,0.0,0,0,0.0,0.0,0,0,DDoS
54330,1964,3,0,31,0,31,0,10.333333,17.897858,0,0,0.0,0.0,15784.114,1527.4949,982.0,1383.1008,1960,4,1964,982.0,1383.1008,1960,4,0,0.0,0.0,0,0,0,0,0,0,96,0,1527.4949,0.0,0,31,7.75,15.5,240.25,0,0,0,0,1,0,0,0,0,10.333333,10.333333,0.0,96,0,0,0,0,0,0,3,31,0,0,939,-1,1,32,0.0,0.0,0,0,0.0,0.0,0,0,BENIGN
57835,3,2,0,12,0,6,6,6.0,0.0,0,0,0.0,0.0,4000000.0,666666.7,3.0,0.0,3,3,3,3.0,0.0,3,3,0,0.0,0.0,0,0,0,0,0,0,40,0,666666.7,0.0,6,6,6.0,0.0,0.0,0,0,0,0,1,0,0,0,0,9.0,6.0,0.0,40,0,0,0,0,0,0,2,12,0,0,147,-1,1,20,0.0,0.0,0,0,0.0,0.0,0,0,BENIGN
80,85805942,2,0,0,0,0,0,0.0,0.0,0,0,0.0,0.0,0.0,0.02330841,85800000.0,0.0,85800000,85800000,85800000,85800000.0,0.0,85800000,85800000,0,0.0,0.0,0,0,0,0,0,0,64,0,0.02330841,0.0,0,0,0.0,0.0,0.0,0,0,0,0,1,0,0,0,0,0.0,0.0,0.0,64,0,0,0,0,0,0,2,0,0,0,410,-1,0,32,0.0,0.0,0,0,85800000.0,0.0,85800000,85800000,DoS GoldenEye
80,1428379,5,5,732,11595,366,0,146.4,200.46646,8688,0,2319.0,3774.2375,8630.0625,7.000943,158708.78,326531.8,998918,52,1236928,309232.0,469272.22,998918,8994,429409,107352.25,125291.2,238026,64,0,0,0,0,176,168,3.5004716,3.5004716,0,8688,1120.6364,2651.8315,7032211.0,0,0,0,1,0,0,0,0,1,1232.7,146.4,2319.0,176,0,0,0,0,0,0,5,732,5,11595,29200,235,2,32,0.0,0.0,0,0,0.0,0.0,0,0,DoS Hulk
80,29974037,6,6,434,1773,434,0,72.333336,177.17976,1773,0,295.5,723.8242,73.63039,0.4003465,2724912.5,4632365.5,10200000,4,20400000,4073970.8,5534382.0,10200000,22379,29900000,5987338.0,5443773.5,10200000,805,0,0,0,0,200,200,0.20017324,0.20017324,0,1773,169.76923,496.42087,246433.69,0,0,0,1,0,0,0,0,1,183.91667,72.333336,295.5,200,0,0,0,0,0,0,6,434,6,1773,29200,939,1,32,67424.5,42909.36,97766,37083,10100000.0,120805.66,10200000,10000000,BENIGN
443,43470,3,1,31,0,31,0,10.333333,17.897858,0,0,0.0,0.0,713.1355,92.01749,14490.0,18116.426,34818,50,8652,4326.0,6047.1772,8602,50,0,0.0,0.0,0,0,0,0,0,0,60,20,69.013115,23.004372,0,31,6.2,13.863622,192.2,0,0,0,0,1,0,0,0,0,7.75,10.333333,0.0,60,0,0,0,0,0,0,3,31,1,0,258,0,1,20,0.0,0.0,0,0,0.0,0.0,0,0,BENIGN
21,8093630,9,15,100,188,23,0,11.111111,8.8238945,34,0,12.533334,14.54975,35.583538,2.9652948,351896.97,912049.06,2836034,3,5522103,690262.9,1276789.5,2880229,227,8093504,578107.44,1125566.6,2836034,3,0,0,0,0,296,488,1.1119856,1.8533093,0,34,11.52,12.477046,155.67667,0,0,0,1,0,0,0,0,1,12.0,11.111111,12.533334,296,0,0,0,0,0,0,9,100,15,188,29200,227,6,32,0.0,0.0,0,0,0.0,0.0,0,0,FTP-Patator
80,99669834,7,7,378,11595,372,0,54.0,140.24265,5792,0,1656.4286,2118.2273,120.12662,0.14046377,7666910.5,27600000.0,99500000,1,99500000,16600000.0,40600000.0,99500000,1,184595,30765.834,69835.11,173035,45,0,0,0,0,220,232,0.070231885,0.070231885,0,5792,798.2,1619.2852,2622084.2,0,0,0,0,1,0,0,0,1,855.2143,54.0,1656.4286,220,0,0,0,0,0,0,7,378,7,11595,274,235,2,20,9.0,0.0,9,9,99500000.0,0.0,99500000,99500000,DoS Hulk
80,12483,2,2,12,0,6,6,6.0,0.0,0,0,0.0,0.0,961.3074,320.4358,4161.0,6799.7495,12009,29,474,474.0,0.0,474,474,12454,12454.0,0.0,12454,12454,0,0,0,0,40,64,160.2179,160.2179,0,6,3.6,3.2863352,10.8,1,0,0,0,0,0,0,0,1,4.5,6.0,0.0,40,0,0,0,0,0,0,2,12,2,0,0,235,1,20,0.0,0.0,0,0,0.0,0.0,0,0,DoS Hulk
80,10048846,4,0,24,0,6,6,6.0,0.0,0,0,0.0,0.0,2.388334,0.39805564,3349615.2,5795634.5,10000000,995,10000000,3349615.2,5795634.5,10000000,995,0,0.0,0.0,0,0,0,0,0,0,80,0,0.39805564,0.0,6,6,6.0,0.0,0.0,0,0,0,0,1,0,0,0,0,7.5,6.0,0.0,80,0,0,0,0,0,0,4,24,0,0,256,-1,3,20,7009.0,0.0,7009,7009,10000000.0,0.0,10000000,10000000,DDoS
80,36587,1,1,0,0,0,0,0.0,0.0,0,0,0.0,0.0,0.0,54.664227,36587.0,0.0,36587,36587,0,0.0,0.0,0,0,0,0.0,0.0,0,0,0,0,0,0,32,32,27.332113,27.332113,0,0,0.0,0.0,0.0,0,0,0,0,1,1,0,0,1,0.0,0.0,0.0,32,0,0,0,0,0,0,1,0,1,0,245,14,0,32,0.0,0.0,0,0,0.0,0.0,0,0,BENIGN
545,91,1,1,0,6,0,0,0.0,0.0,6,6,6.0,0.0,65934.06,21978.021,91.0,0.0,91,91,0,0.0,0.0,0,0,0,0.0,0.0,0,0,0,0,0,0,40,20,10989.011,10989.011,0,6,2.0,3.4641016,12.0,0,0,0,1,0,0,0,0,1,3.0,0.0,6.0,40,0,0,0,0,0,0,1,0,1,6,29200,0,0,40,0.0,0.0,0,0,0.0,0.0,0,0,PortScan
80,4814902,5,0,30,0,6,6,6.0,0.0,0,0,0.0,0.0,6.2306566,1.0384427,1203725.5,2406775.0,4813888,4,4814902,1203725.5,2406775.0,4813888,4,0,0.0,0.0,0,0,0,0,0,0,100,0,1.0384427,0.0,6,6,6.0,0.0,0.0,0,0,0,0,1,0,0,0,0,7.2,6.0,0.0,100,0,0,0,0,0,0,5,30,0,0,256,-1,4,20,0.0,0.0,0,0,0.0,0.0,0,0,DDoS
53,174,2,2,88,256,44,44,44.0,0.0,128,128,128.0,0.0,1977011.5,22988.506,58.0,59.016945,121,4,4,4.0,0.0,4,4,49,49.0,0.0,49,49,0,0,0,0,40,40,11494.253,11494.253,44,128,77.6,46.008694,2116.8,0,0,0,0,0,0,0,0,1,97.0,44.0,128.0,40,0,0,0,0,0,0,2,88,2,256,-1,-1,1,20,0.0,0.0,0,0,0.0,0.0,0,0,BENIGN
80,84952073,9,5,326,11595,320,0,36.22222,106.435165,7240,0,2319.0,3331.6382,140.32619,0.16479881,6534775.0,23500000.0,84800000,2,84800000,10600000.0,30000000.0,84800000,2,142379,35594.75,64541.418,132154,65,0,0,0,0,284,168,0.105942085,0.058856715,0,7240,794.73334,2102.9993,4422605.5,0,0,0,0,1,0,0,0,0,851.5,36.22222,2319.0,284,0,0,0,0,0,0,9,326,5,11595,274,235,2,20,980.0,0.0,980,980,84800000.0,0.0,84800000,84800000,DoS Hulk
53,292849,1,1,41,41,41,41,41.0,0.0,41,41,41.0,0.0,280.00778,6.829458,292849.0,0.0,292849,292849,0,0.0,0.0,0,0,0,0.0,0.0,0,0,0,0,0,0,20,20,3.414729,3.414729,41,41,41.0,0.0,0.0,0,0,0,0,0,0,0,0,1,61.5,41.0,41.0,20,0,0,0,0,0,0,1,41,1,41,-1,-1,0,20,0.0,0.0,0,0,0.0,0.0,0,0,BENIGN
80,98366554,7,5,374,11595,350,0,53.42857,130.80629,11595,0,2319.0,5185.4414,121.677536,0.121992685,8942414.0,29700000.0,98400000,4,98400000,16400000.0,40200000.0,98400000,4,98400000,24600000.0,49200000.0,98400000,4,0,0,0,0,184,168,0.0711624,0.050830286,0,11595,921.1539,3208.5288,10300000.0,1,0,0,0,0,0,0,0,0,997.9167,53.42857,2319.0,184,0,0,0,0,0,0,7,374,5,11595,0,235,4,20,12997.0,0.0,12997,12997,98400000.0,0.0,98400000,98400000,DoS Hulk
53,23156,1,1,44,126,44,44,44.0,0.0,126,126,126.0,0.0,7341.51,86.370705,23156.0,0.0,23156,23156,0,0.0,0.0,0,0,0,0.0,0.0,0,0,0,0,0,0,32,20,43.185352,43.185352,44,126,71.333336,47.342724,2241.3333,0,0,0,0,0,0,0,0,1,107.0,44.0,126.0,32,0,0,0,0,0,0,1,44,1,126,-1,-1,0,32,0.0,0.0,0,0,0.0,0.0,0,0,BENIGN
80,112795809,7,6,1134,11595,376,0,162.0,200.18991,4344,0,1932.5,1754.8314,112.84994,0.11525251,9399651.0,27700000.0,96200000,48,113000000,18800000.0,38500000.0,96200000,598,560236,112047.2,183958.75,423789,48,0,0,0,0,228,200,0.062059045,0.053193465,0,4344,909.6429,1431.6317,2049569.5,1,0,0,0,0,0,0,0,0,979.61536,162.0,1932.5,228,0,0,0,0,0,0,7,1134,6,11595,0,235,3,20,0.0,0.0,0,0,56100000.0,56700000.0,96200000,16000000,DoS Hulk
53,225,2,2,74,444,37,37,37.0,0.0,222,222,222.0,0.0,2302222.2,17777.777,75.0,88.63972,174,3,3,3.0,0.0,3,3,48,48.0,0.0,48,48,0,0,0,0,40,40,8888.889,8888.889,37,222,111.0,101.328674,10267.5,0,0,0,0,0,0,0,0,1,138.75,37.0,222.0,40,0,0,0,0,0,0,2,74,2,444,-1,-1,1,20,0.0,0.0,0,0,0.0,0.0,0,0,BENIGN
80,99578583,6,6,358,11595,358,0,59.666668,146.1529,5792,0,1932.5,2537.82,120.03585,0.120507844,9052598.0,30000000.0,99600000,2,99600000,19900000.0,44500000.0,99600000,4,1509,301.8,509.58972,1203,2,0,0,0,0,200,200,0.06025392,0.06025392,0,5792,919.46155,1909.3593,3645652.8,0,0,0,0,1,0,0,0,1,996.0833,59.666668,1932.5,200,0,0,0,0,0,0,6,358,6,11595,274,235,1,32,990.0,0.0,990,990,99600000.0,0.0,99600000,99600000,DoS Hulk
443,532676,5,7,995,338,517,0,199.0,252.09819,170,0,48.285713,73.38191,2502.4592,22.527765,48425.09,55504.156,136111,4,435750,108937.5,95346.89,236465,5391,436236,72706.0,85072.586,196866,4,0,0,0,0,112,152,9.386569,13.141196,0,517,102.53846,174.2042,30347.104,0,0,0,1,0,0,0,0,1,111.083336,199.0,48.285713,112,0,0,0,0,0,0,5,995,7,338,8192,131,3,20,0.0,0.0,0,0,0.0,0.0,0,0,BENIGN
80,98398177,8,6,304,11595,292,0,38.0,102.66728,5792,0,1932.5,2537.82,120.92704,0.14227906,7569090.5,27300000.0,98400000,1,98400000,14100000.0,37200000.0,98400000,1,2715,543.0,919.19586,2180,47,0,0,0,0,240,200,0.08130232,0.06097674,0,5792,793.26666,1797.9403,3232589.2,0,0,0,0,1,0,0,0,0,849.9286,38.0,1932.5,240,0,0,0,0,0,0,8,304,6,11595,251,235,3,20,1989.0,0.0,1989,1989,98400000.0,0.0,98400000,98400000,DoS Hulk
80,63119236,7,0,0,0,0,0,0.0,0.0,0,0,0.0,0.0,0.0,0.110901214,10500000.0,11900000.0,32100000,999969,63100000,10500000.0,11900000.0,32100000,999969,0,0.0,0.0,0,0,0,0,0,0,280,0,0.110901214,0.0,0,0,0.0,0.0,0.0,0,0,0,1,0,0,0,0,0,0.0,0.0,0.0,280,0,0,0,0,0,0,7,0,0,0,29200,-1,0,40,7007898.0,0.0,7007898,7007898,18700000.0,12200000.0,32100000,8015944,DoS Slowhttptest
80,92180186,9,7,62,11601,20,0,6.888889,5.3019915,2920,0,1657.2858,1299.1721,126.52393,0.17357309,6145345.5,23100000.0,89600000,0,91100000,11400000.0,31600000.0,89600000,0,1048681,174780.17,420060.44,1032126,48,0,0,0,0,192,152,0.09763487,0.075938225,0,2920,686.41174,1154.9949,1334013.1,0,0,0,0,1,0,0,0,0,729.3125,6.888889,1657.2858,192,0,0,0,0,0,0,9,62,7,11601,256,229,7,20,1484007.0,0.0,1484007,1484007,89600000.0,0.0,89600000,89600000,DDoS
80,67673481,7,5,338,11595,338,0,48.285713,127.75199,7240,0,2319.0,3331.6382,176.332,0.17732204,6152134.5,20400000.0,67500000,3,67500000,11300000.0,27600000.0,67500000,3,148317,37079.25,67538.68,138147,46,0,0,0,0,232,168,0.103437856,0.07388418,0,7240,917.9231,2244.4138,5037393.5,0,0,0,0,1,0,0,0,0,994.4167,48.285713,2319.0,232,0,0,0,0,0,0,7,338,5,11595,274,235,1,32,979.0,0.0,979,979,67500000.0,0.0,67500000,67500000,DoS Hulk
80,98365757,8,6,289,11595,289,0,36.125,102.17693,5792,0,1932.5,2537.82,120.8144,0.14232595,7566596.5,27300000.0,98400000,0,98400000,14100000.0,37200000.0,98400000,0,2611,522.2,842.83167,2013,3,0,0,0,0,264,200,0.081329115,0.060996838,0,5792,792.26666,1798.3766,3234158.2,0,0,0,0,1,0,0,0,0,848.8571,36.125,1932.5,264,0,0,0,0,0,0,8,289,6,11595,251,235,1,32,992.0,0.0,992,992,98400000.0,0.0,98400000,98400000,DoS Hulk
52683,93965,2,1,0,0,0,0,0.0,0.0,0,0,0.0,0.0,0.0,31.92678,46982.5,66366.92,93911,54,93965,93965.0,0.0,93965,93965,0,0.0,0.0,0,0,0,0,0,0,64,32,21.284521,10.642261,0,0,0.0,0.0,0.0,0,0,0,0,1,1,0,0,0,0.0,0.0,0.0,64,0,0,0,0,0,0,2,0,1,0,63,533,0,32,0.0,0.0,0,0,0.0,0.0,0,0,BENIGN
123,66016145,2,2,96,96,48,48,48.0,0.0,48,48,48.0,0.0,2.9083796,0.06059124,22000000.0,38100000.0,66000000,16110,66000000,66000000.0,0.0,66000000,66000000,66000000,66000000.0,0.0,66000000,66000000,0,0,0,0,40,40,0.03029562,0.03029562,48,48,48.0,0.0,0.0,0,0,0,0,0,0,0,0,1,60.0,48.0,48.0,40,0,0,0,0,0,0,2,96,2,96,-1,-1,1,20,16301.0,0.0,16301,16301,66000000.0,0.0,66000000,66000000,BENIGN
443,12876081,19,35,1535,40417,437,0,80.789474,154.67154,1413,0,1154.7715,476.61218,3258.1343,4.193823,242944.92,1377434.6,9977204,1,2898877,161048.72,323708.84,1409400,130,12693281,373331.78,1719365.4,9977269,1,0,0,0,0,392,712,1.4756043,2.7182183,0,1413,762.7636,651.93414,425018.16,0,0,0,1,0,0,0,0,1,776.8889,80.789474,1154.7715,392,0,0,0,0,0,0,19,1535,35,40417,8192,17152,18,20,0.0,0.0,0,0,0.0,0.0,0,0,BENIGN
443,6548388,11,8,2960,4469,2325,0,269.0909,690.70404,1493,0,558.625,687.21094,1134.4777,2.9014773,363799.34,1314122.5,5622434,4,6548388,654838.8,1747738.9,5622434,4,797760,113965.71,138523.6,378696,185,0,0,0,0,232,168,1.6798028,1.2216747,0,2325,371.45,673.1714,453159.72,0,0,0,1,0,0,0,0,0,391.0,269.0909,558.625,232,0,0,0,0,0,0,11,2960,8,4469,8192,16060,10,20,925950.0,0.0,925950,925950,5622434.0,0.0,5622434,5622434,BENIGN
80,99546688,6,6,389,11595,377,0,64.833336,152.95805,7240,0,1932.5,3126.6826,120.38572,0.12054645,9049699.0,29600000.0,98400000,1,99400000,19900000.0,43900000.0,98400000,1,99500000,19900000.0,44400000.0,99400000,48,0,0,0,0,184,200,0.060273226,0.060273226,0,7240,922.3077,2242.9858,5030985.5,1,0,0,0,0,0,0,0,1,999.1667,64.833336,1932.5,184,0,0,0,0,0,0,6,389,6,11595,0,235,2,20,11985.0,0.0,11985,11985,98400000.0,0.0,98400000,98400000,DoS Hulk
53,171,2,2,88,216,44,44,44.0,0.0,108,108,108.0,0.0,1777777.8,23391.812,57.0,92.66607,164,3,3,3.0,0.0,3,3,4,4.0,0.0,4,4,0,0,0,0,40,40,11695.906,11695.906,44,108,69.6,35.054245,1228.8,0,0,0,0,0,0,0,0,1,87.0,44.0,108.0,40,0,0,0,0,0,0,2,88,2,216,-1,-1,1,20,0.0,0.0,0,0,0.0,0.0,0,0,BENIGN
443,50,4,0,24,0,6,6,6.0,0.0,0,0,0.0,0.0,480000.0,80000.0,16.666666,26.274195,47,1,50,16.666666,26.274195,47,1,0,0.0,0.0,0,0,0,0,0,0,80,0,80000.0,0.0,6,6,6.0,0.0,0.0,1,0,0,0,0,0,0,0,0,7.5,6.0,0.0,80,0,0,0,0,0,0,4,24,0,0,0,-1,3,20,0.0,0.0,0,0,0.0,0.0,0,0,BENIGN
80,17314,2,2,12,0,6,6,6.0,0.0,0,0,0.0,0.0,693.08075,231.02692,5771.3335,9763.72,17045,42,269,269.0,0.0,269,269,17272,17272.0,0.0,17272,17272,0,0,0,0,40,64,115.51346,115.51346,0,6,3.6,3.2863352,10.8,1,0,0,0,0,0,0,0,1,4.5,6.0,0.0,40,0,0,0,0,0,0,2,12,2,0,0,235,1,20,0.0,0.0,0,0,0.0,0.0,0,0,DoS Hulk
53,137127,1,1,48,143,48,48,48.0,0.0,143,143,143.0,0.0,1392.8694,14.58502,137127.0,0.0,137127,137127,0,0.0,0.0,0,0,0,0.0,0.0,0,0,0,0,0,0,32,32,7.29251,7.29251,48,143,79.666664,54.848274,3008.3333,0,0,0,0,0,0,0,0,1,119.5,48.0,143.0,32,0,0,0,0,0,0,1,48,1,143,-1,-1,0,32,0.0,0.0,0,0,0.0,0.0,0,0,BENIGN
123,68085169,2,2,96,96,48,48,48.0,0.0,48,48,48.0,0.0,2.8199973,0.058749948,22700000.0,39200000.0,67900000,85154,68000000,68000000.0,0.0,68000000,68000000,68000000,68000000.0,0.0,68000000,68000000,0,0,0,0,64,64,0.029374974,0.029374974,48,48,48.0,0.0,0.0,0,0,0,0,0,0,0,0,1,60.0,48.0,48.0,64,0,0,0,0,0,0,2,96,2,96,-1,-1,1,32,86037.0,0.0,86037,86037,67900000.0,0.0,67900000,67900000,BENIGN
80,100574789,9,7,832,11595,413,0,92.44444,181.74854,5792,0,1656.4286,2118.2273,123.55979,0.15908559,6704986.0,25900000.0,100000000,1,100000000,12600000.0,35400000.0,100000000,1,348557,58092.832,94428.38,220106,14,0,0,0,0,284,232,0.089485645,0.06959995,0,5792,731.0,1528.5746,2336540.5,0,0,0,0,1,0,0,0,0,776.6875,92.44444,1656.4286,284,0,0,0,0,0,0,9,832,7,11595,274,235,3,20,3003.0,0.0,3003,3003,100000000.0,0.0,100000000,100000000,DoS Hulk
443,117779293,20,19,878,8681,193,0,43.9,68.50501,1448,0,456.89474,590.72833,81.16028,0.33112782,3099455.0,13300000.0,59000000,0,118000000,6198910.0,18500000.0,59000000,0,118000000,6541998.5,19000000.0,59000000,1,0,0,0,0,660,616,0.16980913,0.16131867,0,1448,238.975,455.4775,207459.77,0,0,0,1,0,0,0,0,0,245.10257,43.9,456.89474,660,0,0,0,0,0,0,20,878,19,8681,29200,290,8,32,109489.0,120037.03,194368,24610,58800000.0,299697.3,59000000,58600000,BENIGN
80,98173508,9,6,341,11595,335,0,37.88889,111.43433,5792,0,1932.5,2537.82,121.58066,0.15279071,7012393.5,26200000.0,98200000,1,98200000,12300000.0,34700000.0,98200000,1,2622,524.4,796.7966,1846,2,0,0,0,0,284,200,0.091674425,0.061116286,0,5792,746.0,1747.7223,3054533.2,0,0,0,0,1,0,0,0,0,795.73334,37.88889,1932.5,284,0,0,0,0,0,0,9,341,6,11595,251,235,2,20,6.0,0.0,6,6,98200000.0,0.0,98200000,98200000,DoS Hulk
53,210,2,2,60,162,30,30,30.0,0.0,81,81,81.0,0.0,1057142.9,19047.62,70.0,80.987656,160,3,47,47.0,0.0,47,47,3,3.0,0.0,3,3,0,0,0,0,40,40,9523.81,9523.81,30,81,50.4,27.933851,780.3,0,0,0,0,0,0,0,0,1,63.0,30.0,81.0,40,0,0,0,0,0,0,2,60,2,162,-1,-1,1,20,0.0,0.0,0,0,0.0,0.0,0,0,BENIGN
80,85629096,6,6,330,11595,330,0,55.0,134.72194,5792,0,1932.5,2181.0083,139.26341,0.14013928,7784463.5,25800000.0,85500000,1,85500000,17100000.0,38200000.0,85500000,1,146464,29292.8,57804.133,132130,47,0,0,0,0,200,200,0.07006964,0.07006964,0,5792,917.3077,1716.6179,2946777.2,0,0,0,0,1,0,0,0,1,993.75,55.0,1932.5,200,0,0,0,0,0,0,6,330,6,11595,251,235,1,32,2.0,0.0,2,2,85500000.0,0.0,85500000,85500000,DoS Hulk
50260,7015499,1,5,6,30,6,6,6.0,0.0,6,6,6.0,0.0,5.1314955,0.8552492,1403099.8,3124768.8,6992831,102,0,0.0,0.0,0,0,6993606,1748401.5,3496286.2,6992831,102,0,0,0,0,20,100,0.14254154,0.7127077,6,6,6.0,0.0,0.0,0,0,0,0,1,1,0,0,5,7.0,6.0,6.0,20,0,0,0,0,0,0,1,6,5,30,229,0,0,20,22668.0,0.0,22668,22668,6992831.0,0.0,6992831,6992831,BENIGN
1583,144,1,1,2,6,2,2,2.0,0.0,6,6,6.0,0.0,55555.555,13888.889,144.0,0.0,144,144,0,0.0,0.0,0,0,0,0.0,0.0,0,0,0,0,0,0,24,20,6944.4443,6944.4443,2,6,3.3333333,2.309401,5.3333335,0,0,0,1,0,0,0,0,1,5.0,2.0,6.0,24,0,0,0,0,0,0,1,2,1,6,1024,0,0,24,0.0,0.0,0,0,0.0,0.0,0,0,PortScan
80,99616706,9,6,365,11595,365,0,40.555557,121.666664,4344,0,1932.5,1754.8314,120.06018,0.15057716,7115479.0,26600000.0,99500000,1,99500000,12400000.0,35200000.0,99500000,1,153381,30676.2,60970.41,139220,48,0,0,0,0,296,200,0.09034629,0.060230862,0,4344,747.5,1390.3867,1933175.4,0,0,0,0,1,0,0,0,0,797.3333,40.555557,1932.5,296,0,0,0,0,0,0,9,365,6,11595,251,235,1,32,950.0,0.0,950,950,99500000.0,0.0,99500000,99500000,DoS Hulk
80,87243195,8,5,56,11607,20,0,7.0,5.656854,5840,0,2321.4,3173.3738,133.68378,0.14900875,7270266.0,24100000.0,83900000,3,86700000,12400000.0,31600000.0,83900000,57,535155,133788.75,266893.75,534129,3,0,0,0,0,172,112,0.09169769,0.05731106,0,5840,833.5,2103.1155,4423095.0,0,0,0,0,1,0,0,0,0,897.61536,7.0,2321.4,172,0,0,0,0,0,0,8,56,5,11607,256,229,6,20,2807739.0,0.0,2807739,2807739,83900000.0,0.0,83900000,83900000,DDoS
80,101913438,13,8,1670,11595,416,0,128.46153,199.52637,4344,0,1449.375,1546.5114,130.15948,0.20605722,5095672.0,22600000.0,101000000,1,102000000,8492762.0,29100000.0,101000000,1,860916,122988.0,324761.16,859477,47,0,0,0,0,412,264,0.12755923,0.07849799,0,4344,602.9545,1117.8519,1249593.0,0,0,0,0,1,0,0,0,0,631.6667,128.46153,1449.375,412,0,0,0,0,0,0,13,1670,8,11595,251,235,5,20,1993.0,0.0,1993,1993,101000000.0,0.0,101000000,101000000,DoS Hulk
22,509,2,1,8,2,6,2,4.0,2.828427,2,2,2.0,0.0,19646.365,5893.9097,254.5,275.06454,449,60,509,509.0,0.0,509,509,0,0.0,0.0,0,0,0,0,0,0,44,24,3929.2732,1964.6366,2,6,3.0,2.0,4.0,0,0,0,1,0,0,0,0,0,4.0,4.0,2.0,44,0,0,0,0,0,0,2,8,1,2,1024,29200,1,20,0.0,0.0,0,0,0.0,0.0,0,0,PortScan
443,5139986,9,7,390,3974,209,0,43.333332,73.961136,1460,0,567.7143,635.517,849.02954,3.112849,342665.72,1229533.6,4783271,3,5139986,642498.25,1674887.9,4783271,3,325553,54258.832,89683.34,231308,49,0,0,0,0,204,152,1.7509775,1.3618714,0,1460,256.70587,475.64334,226236.6,0,0,0,1,0,0,0,0,0,272.75,43.333332,567.7143,204,0,0,0,0,0,0,9,390,7,3974,8192,119,7,20,0.0,0.0,0,0,0.0,0.0,0,0,BENIGN
80,85512394,6,7,369,11595,351,0,61.5,141.85591,5792,0,1656.4286,2277.2324,139.90955,0.15202475,7126033.0,24600000.0,85300000,1,85400000,17100000.0,38200000.0,85300000,1,85500000,14300000.0,34800000.0,85300000,62,0,0,0,0,164,232,0.07016527,0.08185948,0,5792,855.0,1758.7148,3093077.8,1,0,0,0,0,0,0,0,1,920.7692,61.5,1656.4286,164,0,0,0,0,0,0,6,369,7,11595,0,235,3,20,10008.0,0.0,10008,10008,85300000.0,0.0,85300000,85300000,DoS Hulk
80,99720682,9,7,355,11595,355,0,39.444443,118.333336,4344,0,1656.4286,1757.579,119.83472,0.16044816,6648045.5,25700000.0,99700000,1,99700000,12500000.0,35200000.0,99700000,1,18388,3064.6667,4501.1064,8973,15,0,0,0,0,296,232,0.09025209,0.07019607,0,4344,702.94116,1357.0803,1841666.9,0,0,0,0,1,0,0,0,0,746.875,39.444443,1656.4286,296,0,0,0,0,0,0,9,355,7,11595,251,235,1,32,1009.0,0.0,1009,1009,99700000.0,0.0,99700000,99700000,DoS Hulk
80,37627,3,7,26,11601,20,0,8.666667,10.263203,2920,0,1657.2858,1299.1721,309006.84,265.7666,4180.778,11546.468,34955,49,35083,17541.5,24738.13,35034,49,37548,6258.0,14251.274,35335,53,0,0,0,0,72,152,79.72998,186.03662,0,2920,1057.0,1306.2909,1706395.8,0,0,0,1,0,0,0,0,2,1162.7,8.666667,1657.2858,72,0,0,0,0,0,0,3,26,7,11601,8192,229,2,20,0.0,0.0,0,0,0.0,0.0,0,0,DDoS
80,8045862,5,0,30,0,6,6,6.0,0.0,0,0,0.0,0.0,3.7286248,0.62143743,2011465.5,4022233.8,8044816,1,8045862,2011465.5,4022233.8,8044816,1,0,0.0,0.0,0,0,0,0,0,0,100,0,0.62143743,0.0,6,6,6.0,0.0,0.0,0,0,0,0,1,0,0,0,0,7.2,6.0,0.0,100,0,0,0,0,0,0,5,30,0,0,256,-1,4,20,1046.0,0.0,1046,1046,8044816.0,0.0,8044816,8044816,DDoS
80,8064682,4,0,24,0,6,6,6.0,0.0,0,0,0.0,0.0,2.9759388,0.4959898,2688227.2,4655398.0,8063818,1,8064682,2688227.2,4655398.0,8063818,1,0,0.0,0.0,0,0,0,0,0,0,80,0,0.4959898,0.0,6,6,6.0,0.0,0.0,0,0,0,0,1,0,0,0,0,7.5,6.0,0.0,80,0,0,0,0,0,0,4,24,0,0,256,-1,3,20,864.0,0.0,864,864,8063818.0,0.0,8063818,8063818,DDoS
52852,28,1,1,0,0,0,0,0.0,0.0,0,0,0.0,0.0,0.0,71428.57,28.0,0.0,28,28,0,0.0,0.0,0,0,0,0.0,0.0,0,0,0,0,0,0,32,32,35714.285,35714.285,0,0,0.0,0.0,0.0,0,0,0,0,1,1,0,0,1,0.0,0.0,0.0,32,0,0,0,0,0,0,1,0,1,0,905,229,0,32,0.0,0.0,0,0,0.0,0.0,0,0,BENIGN
443,77281,10,5,663,1215,421,0,66.3,132.83829,1077,0,243.0,470.03403,24300.928,194.09686,5520.0713,9973.696,23906,4,77281,8586.777,11701.321,24615,33,50108,12527.0,14062.48,25109,4,0,0,0,0,332,168,129.39792,64.69896,0,1077,117.375,278.24615,77420.914,0,0,0,1,0,0,0,0,0,125.2,66.3,243.0,332,0,0,0,0,0,0,10,663,5,1215,65535,972,5,32,0.0,0.0,0,0,0.0,0.0,0,0,BENIGN
3268,106278713,22,13,2986,6356,1305,0,135.72728,379.29337,2910,0,488.92307,897.6078,87.900955,0.32932276,3125844.5,18200000.0,106000000,1,106000000,5060887.5,23200000.0,106000000,1,106000000,8856558.0,30700000.0,106000000,3,0,0,0,0,728,408,0.20700288,0.122319885,0,2910,259.5,627.4246,393661.62,0,0,0,1,0,0,0,0,0,266.91428,135.72728,488.92307,728,0,0,0,0,0,0,22,2986,13,6356,65535,0,10,32,19891.0,0.0,19891,19891,106000000.0,0.0,106000000,106000000,BENIGN
80,25143,3,5,26,11607,20,0,8.666667,10.263203,10135,0,2321.4,4413.202,462673.5,318.18002,3591.8572,8065.3193,21845,60,2530,1265.0,398.80823,1547,983,25083,6270.75,10442.95,21845,196,0,0,0,0,72,112,119.317505,198.8625,0,10135,1292.5555,3350.635,11200000.0,0,0,0,1,0,0,0,0,1,1454.125,8.666667,2321.4,72,0,0,0,0,0,0,3,26,5,11607,8192,229,2,20,0.0,0.0,0,0,0.0,0.0,0,0,DDoS
2605,72,1,1,2,6,2,2,2.0,0.0,6,6,6.0,0.0,111111.11,27777.777,72.0,0.0,72,72,0,0.0,0.0,0,0,0,0.0,0.0,0,0,0,0,0,0,24,20,13888.889,13888.889,2,6,3.3333333,2.309401,5.3333335,0,0,0,1,0,0,0,0,1,5.0,2.0,6.0,24,0,0,0,0,0,0,1,2,1,6,1024,0,0,24,0.0,0.0,0,0,0.0,0.0,0,0,PortScan
80,75421,3,4,26,11601,20,0,8.666667,10.263203,7300,0,2900.25,3563.297,154161.31,92.81235,12570.167,24802.312,62087,48,13144,6572.0,9226.329,13096,48,75325,25108.334,32674.479,62087,134,0,0,0,0,72,92,39.77672,53.035625,0,7300,1453.375,2798.9565,7834158.0,0,0,0,1,0,0,0,0,1,1661.0,8.666667,2900.25,72,0,0,0,0,0,0,3,26,4,11601,8192,229,2,20,0.0,0.0,0,0,0.0,0.0,0,0,DDoS
80,69711,3,5,26,11601,20,0,8.666667,10.263203,7300,0,2320.2,3022.508,166788.6,114.75951,9958.714,17466.307,42920,3,43055,21527.5,30440.24,43052,3,69579,17394.75,21105.395,43176,90,0,0,0,0,72,112,43.034817,71.72469,0,7300,1291.8889,2460.653,6054813.0,0,0,0,1,0,0,0,0,1,1453.375,8.666667,2320.2,72,0,0,0,0,0,0,3,26,5,11601,8192,229,2,20,0.0,0.0,0,0,0.0,0.0,0,0,DDoS
53,64313,1,1,52,104,52,52,52.0,0.0,104,104,104.0,0.0,2425.6372,31.097912,64313.0,0.0,64313,64313,0,0.0,0.0,0,0,0,0.0,0.0,0,0,0,0,0,0,32,32,15.548956,15.548956,52,104,69.333336,30.022215,901.3333,0,0,0,0,0,0,0,0,1,104.0,52.0,104.0,32,0,0,0,0,0,0,1,52,1,104,-1,-1,0,32,0.0,0.0,0,0,0.0,0.0,0,0,BENIGN
40911,50,1,1,2,6,2,2,2.0,0.0,6,6,6.0,0.0,160000.0,40000.0,50.0,0.0,50,50,0,0.0,0.0,0,0,0,0.0,0.0,0,0,0,0,0,0,24,20,20000.0,20000.0,2,6,3.3333333,2.309401,5.3333335,0,0,0,1,0,0,0,0,1,5.0,2.0,6.0,24,0,0,0,0,0,0,1,2,1,6,1024,0,0,24,0.0,0.0,0,0,0.0,0.0,0,0,PortScan
80,1499238,3,6,26,11607,20,0,8.666667,10.263203,5840,0,1934.5,2538.9192,7759.275,6.0030494,187404.75,529068.75,1496782,47,2084,1042.0,1404.3141,2035,49,1499173,299834.6,669114.5,1496782,47,0,0,0,0,72,132,2.0010166,4.002033,0,5840,1163.3,2138.329,4572451.5,0,0,0,1,0,0,0,0,2,1292.5555,8.666667,1934.5,72,0,0,0,0,0,0,3,26,6,11607,8192,229,2,20,0.0,0.0,0,0,0.0,0.0,0,0,DDoS
443,60780276,19,16,1291,9473,334,0,67.947365,124.43002,1525,0,592.0625,697.08997,177.09692,0.5758447,1787655.1,3847971.0,10200000,41,60800000,3376682.0,4853593.0,10200000,187,60700000,4046365.0,5072607.5,10200000,48,0,0,0,0,616,520,0.31260142,0.2632433,0,1525,299.0,535.7398,287017.16,0,0,0,1,0,0,0,0,0,307.54285,67.947365,592.0625,616,0,0,0,0,0,0,19,1291,16,9473,29200,122,5,32,158527.83,181213.84,528429,84443,9971492.0,353287.62,10200000,9259781,BENIGN
443,111117185,36,28,7916,7813,1768,0,219.88889,446.06314,1448,0,279.0357,430.27292,141.55327,0.5759685,1763764.9,3726833.0,10200000,8,111000000,3173905.0,4566605.0,10200000,196,111000000,4114586.2,4826137.5,10200000,49,0,0,0,0,1160,904,0.3239823,0.25198624,0,1768,241.98462,434.40405,188706.89,0,0,0,1,0,0,0,0,0,245.76562,219.88889,279.0357,1160,0,0,0,0,0,0,36,7916,28,7813,29200,1690,11,32,907764.4,2793369.0,8857831,23078,10200000.0,46432.348,10200000,10100000,BENIGN
53,30873,2,2,62,178,31,31,31.0,0.0,89,89,89.0,0.0,7773.7827,129.56305,10291.0,17780.38,30822,4,4,4.0,0.0,4,4,47,47.0,0.0,47,47,0,0,0,0,64,64,64.781525,64.781525,31,89,54.2,31.767908,1009.2,0,0,0,0,0,0,0,0,1,67.75,31.0,89.0,64,0,0,0,0,0,0,2,62,2,178,-1,-1,1,32,0.0,0.0,0,0,0.0,0.0,0,0,BENIGN
80,115569379,16,14,447,220,447,0,27.9375,111.75,220,0,15.714286,58.797474,5.771425,0.25958434,3985151.0,4878070.0,10000000,69,116000000,7704625.5,4151503.2,10000000,2222,111000000,8529115.0,3701965.2,10000000,25421,0,0,0,0,520,456,0.13844498,0.121139355,0,447,21.516129,88.29076,7795.2583,0,0,0,1,0,0,0,0,0,22.233334,27.9375,15.714286,520,0,0,0,0,0,0,16,447,14,220,29200,939,1,32,57550.273,114112.766,401613,22997,10000000.0,8413.931,10000000,9996958,BENIGN
80,98465808,7,6,310,11595,310,0,44.285713,117.16898,5803,0,1932.5,2539.0752,120.904915,0.13202552,8205484.0,28400000.0,98500000,1,98500000,16400000.0,40200000.0,98500000,1,3479,695.8,1262.4479,2949,49,0,0,0,0,232,200,0.07109067,0.060934857,0,5803,850.3571,1852.5336,3431880.5,0,0,0,0,1,0,0,0,0,915.7692,44.285713,1932.5,232,0,0,0,0,0,0,7,310,6,11595,274,235,1,32,988.0,0.0,988,988,98500000.0,0.0,98500000,98500000,DoS Hulk
6001,75,1,1,2,6,2,2,2.0,0.0,6,6,6.0,0.0,106666.664,26666.666,75.0,0.0,75,75,0,0.0,0.0,0,0,0,0.0,0.0,0,0,0,0,0,0,24,20,13333.333,13333.333,2,6,3.3333333,2.309401,5.3333335,0,0,0,1,0,0,0,0,1,5.0,2.0,6.0,24,0,0,0,0,0,0,1,2,1,6,1024,0,0,24,0.0,0.0,0,0,0.0,0.0,0,0,PortScan
80,75406,3,6,26,11601,20,0,8.666667,10.263203,5840,0,1933.5,2189.773,154191.97,119.3539,9425.75,23229.555,66464,8,8490,4245.0,5914.241,8427,63,75371,15074.2,28952.883,66464,9,0,0,0,0,72,132,39.784634,79.56927,0,5840,1162.7,1911.5957,3654198.2,0,0,0,1,0,0,0,0,2,1291.8889,8.666667,1933.5,72,0,0,0,0,0,0,3,26,6,11601,8192,229,2,20,0.0,0.0,0,0,0.0,0.0,0,0,DDoS
10025,39,1,1,2,6,2,2,2.0,0.0,6,6,6.0,0.0,205128.2,51282.05,39.0,0.0,39,39,0,0.0,0.0,0,0,0,0.0,0.0,0,0,0,0,0,0,24,20,25641.025,25641.025,2,6,3.3333333,2.309401,5.3333335,0,0,0,1,0,0,0,0,1,5.0,2.0,6.0,24,0,0,0,0,0,0,1,2,1,6,1024,0,0,24,0.0,0.0,0,0,0.0,0.0,0,0,PortScan
256,3,1,1,0,6,0,0,0.0,0.0,6,6,6.0,0.0,2000000.0,666666.7,3.0,0.0,3,3,0,0.0,0.0,0,0,0,0.0,0.0,0,0,0,0,0,0,40,20,333333.34,333333.34,0,6,2.0,3.4641016,12.0,0,0,0,1,0,0,0,0,1,3.0,0.0,6.0,40,0,0,0,0,0,0,1,0,1,6,29200,0,0,40,0.0,0.0,0,0,0.0,0.0,0,0,PortScan
17988,43,1,1,2,6,2,2,2.0,0.0,6,6,6.0,0.0,186046.52,46511.63,43.0,0.0,43,43,0,0.0,0.0,0,0,0,0.0,0.0,0,0,0,0,0,0,24,20,23255.814,23255.814,2,6,3.3333333,2.309401,5.3333335,0,0,0,1,0,0,0,0,1,5.0,2.0,6.0,24,0,0,0,0,0,0,1,2,1,6,1024,0,0,24,0.0,0.0,0,0,0.0,0.0,0,0,PortScan
80,98732662,9,5,333,11595,333,0,37.0,111.0,5792,0,2319.0,3170.4038,120.81109,0.14179705,7594820.0,27300000.0,98600000,0,98600000,12300000.0,34900000.0,98600000,0,147336,36834.0,67052.3,137173,85,0,0,0,0,296,168,0.091155246,0.0506418,0,5792,795.2,2030.4889,4122885.2,0,0,0,0,1,0,0,0,0,852.0,37.0,2319.0,296,0,0,0,0,0,0,9,333,5,11595,251,235,1,32,996.0,0.0,996,996,98600000.0,0.0,98600000,98600000,DoS Hulk
8000,59,1,1,2,6,2,2,2.0,0.0,6,6,6.0,0.0,135593.22,33898.305,59.0,0.0,59,59,0,0.0,0.0,0,0,0,0.0,0.0,0,0,0,0,0,0,24,20,16949.152,16949.152,2,6,3.3333333,2.309401,5.3333335,0,0,0,1,0,0,0,0,1,5.0,2.0,6.0,24,0,0,0,0,0,0,1,2,1,6,1024,0,0,24,0.0,0.0,0,0,0.0,0.0,0,0,PortScan
80,146448,3,6,366,11595,366,0,122.0,211.3102,5792,0,1932.5,2181.0083,81674.04,61.45526,18306.0,46933.8,134091,47,12013,6006.5,7098.645,11026,987,146327,29265.4,58823.523,134091,47,0,0,0,0,104,200,20.485086,40.970173,0,5792,1196.1,1886.1697,3557636.0,0,0,0,1,0,0,0,0,2,1329.0,122.0,1932.5,104,0,0,0,0,0,0,3,366,6,11595,29200,235,1,32,0.0,0.0,0,0,0.0,0.0,0,0,DoS Hulk
53,23166,1,1,57,142,57,57,57.0,0.0,142,142,142.0,0.0,8590.175,86.33342,23166.0,0.0,23166,23166,0,0.0,0.0,0,0,0,0.0,0.0,0,0,0,0,0,0,32,32,43.16671,43.16671,57,142,85.333336,49.07477,2408.3333,0,0,0,0,0,0,0,0,1,128.0,57.0,142.0,32,0,0,0,0,0,0,1,57,1,142,-1,-1,0,32,0.0,0.0,0,0,0.0,0.0,0,0,BENIGN
80,72678047,8,5,56,11607,20,0,7.0,5.656854,10220,0,2321.4,4455.1826,160.47487,0.17887107,6056504.0,19100000.0,66600000,1,72500000,10400000.0,24900000.0,66600000,3,154232,38558.0,76488.664,153290,1,0,0,0,0,172,112,0.110074505,0.06879657,0,10220,833.5,2726.1362,7431818.5,0,0,0,0,1,0,0,0,0,897.61536,7.0,2321.4,172,0,0,0,0,0,0,8,56,5,11607,256,229,6,20,2014.0,0.0,2014,2014,36300000.0,42900000.0,66600000,5954833,DDoS
15004,58,1,1,2,6,2,2,2.0,0.0,6,6,6.0,0.0,137931.03,34482.758,58.0,0.0,58,58,0,0.0,0.0,0,0,0,0.0,0.0,0,0,0,0,0,0,24,20,17241.379,17241.379,2,6,3.3333333,2.309401,5.3333335,0,0,0,1,0,0,0,0,1,5.0,2.0,6.0,24,0,0,0,0,0,0,1,2,1,6,1024,0,0,24,0.0,0.0,0,0,0.0,0.0,0,0,PortScan
53,104,2,2,76,132,38,38,38.0,0.0,66,66,66.0,0.0,2000000.0,38461.54,34.666668,28.571548,55,2,2,2.0,0.0,2,2,47,47.0,0.0,47,47,0,0,0,0,40,40,19230.77,19230.77,38,66,49.2,15.336231,235.2,0,0,0,0,0,0,0,0,1,61.5,38.0,66.0,40,0,0,0,0,0,0,2,76,2,132,-1,-1,1,20,0.0,0.0,0,0,0.0,0.0,0,0,BENIGN
3801,80,1,1,0,6,0,0,0.0,0.0,6,6,6.0,0.0,75000.0,25000.0,80.0,0.0,80,80,0,0.0,0.0,0,0,0,0.0,0.0,0,0,0,0,0,0,40,20,12500.0,12500.0,0,6,2.0,3.4641016,12.0,0,0,0,1,0,0,0,0,1,3.0,0.0,6.0,40,0,0,0,0,0,0,1,0,1,6,29200,0,0,40,0.0,0.0,0,0,0.0,0.0,0,0,PortScan
60034,4,3,0,31,0,31,0,10.333333,17.897858,0,0,0.0,0.0,7750000.0,750000.0,2.0,1.4142135,3,1,4,2.0,1.4142135,3,1,0,0.0,0.0,0,0,0,0,0,0,96,0,750000.0,0.0,0,31,7.75,15.5,240.25,0,0,0,0,1,0,0,0,0,10.333333,10.333333,0.0,96,0,0,0,0,0,0,3,31,0,0,939,-1,1,32,0.0,0.0,0,0,0.0,0.0,0,0,BENIGN
80,6041876,4,0,24,0,6,6,6.0,0.0,0,0,0.0,0.0,3.9722762,0.662046,2013958.6,3487379.8,6040838,3,6041876,2013958.6,3487379.8,6040838,3,0,0.0,0.0,0,0,0,0,0,0,80,0,0.662046,0.0,6,6,6.0,0.0,0.0,0,0,0,0,1,0,0,0,0,7.5,6.0,0.0,80,0,0,0,0,0,0,4,24,0,0,256,-1,3,20,1038.0,0.0,1038,1038,6040838.0,0.0,6040838,6040838,DDoS
53,194,2,2,94,196,47,47,47.0,0.0,98,98,98.0,0.0,1494845.4,20618.557,64.666664,105.944954,187,3,3,3.0,0.0,3,3,4,4.0,0.0,4,4,0,0,0,0,64,64,10309.278,10309.278,47,98,67.4,27.933851,780.3,0,0,0,0,0,0,0,0,1,84.25,47.0,98.0,64,0,0,0,0,0,0,2,94,2,196,-1,-1,1,32,0.0,0.0,0,0,0.0,0.0,0,0,BENIGN
53,355,2,2,70,326,35,35,35.0,0.0,163,163,163.0,0.0,1115493.0,11267.605,118.333336,101.00165,191,3,191,191.0,0.0,191,191,161,161.0,0.0,161,161,0,0,0,0,64,72,5633.8027,5633.8027,35,163,86.2,70.10849,4915.2,0,0,0,0,0,0,0,0,1,107.75,35.0,163.0,64,0,0,0,0,0,0,2,70,2,326,-1,-1,1,32,0.0,0.0,0,0,0.0,0.0,0,0,BENIGN
80,5226333,3,1,12,0,6,0,4.0,3.4641016,0,0,0.0,0.0,2.2960649,0.765355,1742111.0,2983011.0,5186519,41,5226333,2613166.5,3639270.0,5186519,39814,0,0.0,0.0,0,0,0,0,0,0,72,32,0.5740162,0.19133875,0,6,2.4,3.2863352,10.8,0,0,0,1,0,0,0,0,0,3.0,4.0,0.0,72,0,0,0,0,0,0,3,12,1,0,8192,29200,2,20,0.0,0.0,0,0,0.0,0.0,0,0,BENIGN
80,5891261,3,1,0,0,0,0,0.0,0.0,0,0,0.0,0.0,0.0,0.67897177,1963753.6,3189949.8,5644434,30,5891261,2945630.5,3816684.5,5644434,246827,0,0.0,0.0,0,0,0,0,0,0,104,44,0.5092288,0.16974294,0,0,0.0,0.0,0.0,0,0,0,1,0,0,0,0,0,0.0,0.0,0.0,104,0,0,0,0,0,0,3,0,1,0,29200,4380,0,32,0.0,0.0,0,0,0.0,0.0,0,0,BENIGN
65000,70,1,1,0,6,0,0,0.0,0.0,6,6,6.0,0.0,85714.29,28571.428,70.0,0.0,70,70,0,0.0,0.0,0,0,0,0.0,0.0,0,0,0,0,0,0,40,20,14285.714,14285.714,0,6,2.0,3.4641016,12.0,0,0,0,1,0,0,0,0,1,3.0,0.0,6.0,40,0,0,0,0,0,0,1,0,1,6,29200,0,0,40,0.0,0.0,0,0,0.0,0.0,0,0,PortScan
80,5280024,3,1,12,0,6,0,4.0,3.4641016,0,0,0.0,0.0,2.272717,0.7575723,1760008.0,2853838.2,5052727,98,5280024,2640012.0,3412094.2,5052727,227297,0,0.0,0.0,0,0,0,0,0,0,72,32,0.56817925,0.18939307,0,6,2.4,3.2863352,10.8,0,0,0,1,0,0,0,0,0,3.0,4.0,0.0,72,0,0,0,0,0,0,3,12,1,0,8192,4380,2,20,0.0,0.0,0,0,0.0,0.0,0,0,BENIGN
80,19993,1,1,0,0,0,0,0.0,0.0,0,0,0.0,0.0,0.0,100.03501,19993.0,0.0,19993,19993,0,0.0,0.0,0,0,0,0.0,0.0,0,0,0,0,0,0,32,32,50.017506,50.017506,0,0,0.0,0.0,0.0,0,0,0,0,1,1,0,0,1,0.0,0.0,0.0,32,0,0,0,0,0,0,1,0,1,0,319,31,0,32,0.0,0.0,0,0,0.0,0.0,0,0,BENIGN
52011,1,2,0,37,0,37,0,18.5,26.16295,0,0,0.0,0.0,37000000.0,2000000.0,1.0,0.0,1,1,1,1.0,0.0,1,1,0,0.0,0.0,0,0,1,0,0,0,64,0,2000000.0,0.0,0,37,24.666666,21.36196,456.33334,0,1,0,0,1,0,0,0,0,37.0,18.5,0.0,64,0,0,0,0,0,0,2,37,0,0,972,-1,0,32,0.0,0.0,0,0,0.0,0.0,0,0,BENIGN
53,208,2,2,60,264,30,30,30.0,0.0,132,132,132.0,0.0,1557692.2,19230.77,69.333336,78.500534,156,3,3,3.0,0.0,3,3,49,49.0,0.0,49,49,0,0,0,0,40,40,9615.385,9615.385,30,132,70.8,55.867702,3121.2,0,0,0,0,0,0,0,0,1,88.5,30.0,132.0,40,0,0,0,0,0,0,2,60,2,264,-1,-1,1,20,0.0,0.0,0,0,0.0,0.0,0,0,BENIGN
80,86912905,8,6,56,11601,20,0,7.0,5.656854,4380,0,1933.5,1757.7899,134.12277,0.16108079,6685608.0,23300000.0,84300000,1,85800000,12300000.0,31800000.0,84300000,1,1093315,218663.0,485050.16,1086335,15,0,0,0,0,172,132,0.09204617,0.06903463,0,4380,777.5333,1434.5717,2057995.9,0,0,0,0,1,0,0,0,0,833.0714,7.0,1933.5,172,0,0,0,0,0,0,8,56,6,11601,256,229,6,20,1488953.0,0.0,1488953,1488953,84300000.0,0.0,84300000,84300000,DDoS
80,99390478,11,7,1850,11595,370,0,168.18182,193.2262,4344,0,1656.4286,1757.579,135.27452,0.18110387,5846498.5,23400000.0,96700000,5,99400000,9938971.0,30500000.0,96700000,5,1672776,278796.0,682565.5,1672077,47,0,0,0,0,368,232,0.11067458,0.07042928,0,4344,707.6316,1267.3503,1606177.0,0,0,0,0,1,0,0,0,0,746.94446,168.18182,1656.4286,368,0,0,0,0,0,0,11,1850,7,11595,251,235,5,32,734.0,0.0,734,734,96700000.0,0.0,96700000,96700000,DoS Hulk
1717,48,1,1,2,6,2,2,2.0,0.0,6,6,6.0,0.0,166666.67,41666.668,48.0,0.0,48,48,0,0.0,0.0,0,0,0,0.0,0.0,0,0,0,0,0,0,24,20,20833.334,20833.334,2,6,3.3333333,2.309401,5.3333335,0,0,0,1,0,0,0,0,1,5.0,2.0,6.0,24,0,0,0,0,0,0,1,2,1,6,1024,0,0,24,0.0,0.0,0,0,0.0,0.0,0,0,PortScan
53,147,2,2,86,118,43,43,43.0,0.0,59,59,59.0,0.0,1387755.1,27210.885,49.0,79.67434,141,3,3,3.0,0.0,3,3,3,3.0,0.0,3,3,0,0,0,0,64,64,13605.442,13605.442,43,59,49.4,8.763561,76.8,0,0,0,0,0,0,0,0,1,61.75,43.0,59.0,64,0,0,0,0,0,0,2,86,2,118,-1,-1,1,32,0.0,0.0,0,0,0.0,0.0,0,0,BENIGN
80,80377599,8,4,56,11601,20,0,7.0,5.656854,8760,0,2900.25,4128.3193,145.02797,0.14929533,7307054.5,23500000.0,78100000,2,80300000,11500000.0,29400000.0,78100000,238,135454,45151.332,60778.13,114416,732,0,0,0,0,172,92,0.09953022,0.04976511,0,8760,897.1539,2488.507,6192667.5,0,0,0,0,1,0,0,0,0,971.9167,7.0,2900.25,172,0,0,0,0,0,0,8,56,4,11601,256,229,6,20,2164380.0,0.0,2164380,2164380,78100000.0,0.0,78100000,78100000,DDoS
62078,57,1,1,0,6,0,0,0.0,0.0,6,6,6.0,0.0,105263.16,35087.72,57.0,0.0,57,57,0,0.0,0.0,0,0,0,0.0,0.0,0,0,0,0,0,0,40,20,17543.86,17543.86,0,6,2.0,3.4641016,12.0,0,0,0,1,0,0,0,0,1,3.0,0.0,6.0,40,0,0,0,0,0,0,1,0,1,6,29200,0,0,40,0.0,0.0,0,0,0.0,0.0,0,0,PortScan
80,99021660,6,7,310,11595,310,0,51.666668,126.55697,5792,0,1656.4286,2118.2273,120.22622,0.1312844,8251805.0,28500000.0,98900000,1,98900000,19800000.0,44200000.0,98900000,220,151499,25249.834,55498.438,138029,1,0,0,0,0,200,232,0.060592804,0.0706916,0,5792,850.3571,1666.415,2776939.0,0,0,0,0,1,0,0,0,1,915.7692,51.666668,1656.4286,200,0,0,0,0,0,0,6,310,7,11595,251,235,1,32,470.0,0.0,470,470,98900000.0,0.0,98900000,98900000,DoS Hulk
80,30475,3,6,344,11595,344,0,114.666664,198.60849,4344,0,1932.5,2178.085,391763.75,295.32404,3809.375,7244.9556,19109,2,11138,5569.0,7604.2266,10946,192,30406,6081.2,8723.723,19208,2,0,0,0,0,104,200,98.441345,196.88269,0,4344,1193.9,1885.3816,3554663.8,0,0,0,1,0,0,0,0,2,1326.5555,114.666664,1932.5,104,0,0,0,0,0,0,3,344,6,11595,29200,235,1,32,0.0,0.0,0,0,0.0,0.0,0,0,DoS Hulk
80,5572432,3,1,12,0,6,0,4.0,3.4641016,0,0,0.0,0.0,2.1534584,0.71781945,1857477.4,3185264.8,5535443,90,5572432,2786216.0,3887994.0,5535443,36989,0,0.0,0.0,0,0,0,0,0,0,72,32,0.5383646,0.17945486,0,6,2.4,3.2863352,10.8,0,0,0,1,0,0,0,0,0,3.0,4.0,0.0,72,0,0,0,0,0,0,3,12,1,0,8192,29200,2,20,0.0,0.0,0,0,0.0,0.0,0,0,BENIGN
443,115230327,21,19,2133,5341,1445,0,101.57143,318.63232,1460,0,281.10526,545.7431,64.8614,0.34713084,2954623.8,4535678.5,10000000,3,115000000,5761516.5,4937250.0,10000000,3,110000000,6132915.5,5018128.5,10000000,49,0,0,0,0,432,388,0.18224369,0.16488715,0,1460,182.29268,440.0895,193678.77,0,0,0,1,0,0,0,0,0,186.85,101.57143,281.10526,432,0,0,0,0,0,0,21,2133,19,5341,8192,6364,20,20,40147.09,56666.92,211004,22908,9995516.0,15207.23,10000000,9949689,BENIGN
80,109104367,4,3,362,0,351,0,90.5,173.74406,0,0,0.0,0.0,3.317924,0.06415875,18200000.0,44500000.0,109000000,30,109000000,36400000.0,63000000.0,109000000,617,109000000,54600000.0,77100000.0,109000000,5197,0,0,0,0,136,104,0.036662143,0.027496608,0,351,45.25,123.60161,15277.357,0,0,0,1,0,0,0,0,0,51.714287,90.5,0.0,136,0,0,0,0,0,0,4,362,3,0,29200,235,2,32,5265.0,0.0,5265,5265,109000000.0,0.0,109000000,109000000,DoS Slowhttptest
80,5118494,3,1,0,0,0,0,0.0,0.0,0,0,0.0,0.0,0.0,0.78147984,1706164.6,2954382.8,5117592,141,5118494,2559247.0,3618046.2,5117592,902,0,0.0,0.0,0,0,0,0,0,0,104,40,0.5861099,0.19536996,0,0,0.0,0.0,0.0,0,0,0,1,0,0,0,0,0,0.0,0.0,0.0,104,0,0,0,0,0,0,3,0,1,0,29200,28960,0,32,0.0,0.0,0,0,0.0,0.0,0,0,Web Attack - Brute Force
80,98655557,9,5,62,11607,20,0,6.888889,5.3019915,8760,0,2321.4,3802.3154,118.28021,0.14190787,7588889.0,26700000.0,96500000,1,97600000,12200000.0,34100000.0,96500000,1,1071582,267895.5,535162.44,1070639,2,0,0,0,0,192,112,0.09122649,0.050681382,0,8760,778.3333,2325.1504,5406324.5,0,0,0,0,1,0,0,0,0,833.9286,6.888889,2321.4,192,0,0,0,0,0,0,9,62,5,11607,256,229,7,20,1109102.0,0.0,1109102,1109102,96500000.0,0.0,96500000,96500000,DDoS
80,85189130,5,7,367,11595,355,0,73.4,157.44777,5792,0,1656.4286,2119.4802,140.41698,0.14086305,7744466.5,25600000.0,85000000,3,85100000,21300000.0,42500000.0,85000000,49,85200000,14200000.0,34700000.0,85000000,45,0,0,0,0,144,232,0.058692936,0.08217011,0,5792,920.61536,1714.3433,2938972.8,1,0,0,0,0,0,0,0,1,997.3333,73.4,1656.4286,144,0,0,0,0,0,0,5,367,7,11595,0,235,2,20,9963.0,0.0,9963,9963,85000000.0,0.0,85000000,85000000,DoS Hulk
80,98807056,6,6,353,11595,353,0,58.833332,144.11165,5792,0,1932.5,2181.0083,120.92254,0.121448815,8982460.0,29700000.0,98600000,11,98600000,19700000.0,44100000.0,98600000,217,185499,37099.8,76805.484,174235,46,0,0,0,0,200,200,0.060724407,0.060724407,0,5792,919.0769,1715.974,2944566.5,0,0,0,0,1,0,0,0,1,995.6667,58.833332,1932.5,200,0,0,0,0,0,0,6,353,6,11595,274,235,1,32,483.0,0.0,483,483,98600000.0,0.0,98600000,98600000,DoS Hulk
80,100298700,7,6,350,11595,350,0,50.0,132.28757,4344,0,1932.5,1754.8314,119.09427,0.12961285,8358225.0,28900000.0,100000000,3,100000000,16700000.0,40900000.0,100000000,3,18403,3680.6,5627.082,12926,13,0,0,0,0,232,200,0.06979153,0.059821315,0,4344,853.2143,1460.6469,2133489.2,0,0,0,0,1,0,0,0,0,918.8461,50.0,1932.5,232,0,0,0,0,0,0,7,350,6,11595,274,235,1,32,1000.0,0.0,1000,1000,100000000.0,0.0,100000000,100000000,DoS Hulk
80,116360109,18,15,883,1592,436,0,49.055557,140.77243,796,0,106.13333,280.08514,21.270176,0.28360236,3636253.5,4766831.0,10000000,130,116000000,6844712.5,4583236.5,10000000,362,111000000,7920792.0,4185856.0,10000000,573,0,0,0,0,372,444,0.15469219,0.12891015,0,796,72.79412,210.86183,44462.715,0,0,0,1,0,0,0,0,0,75.0,49.055557,106.13333,372,0,0,0,0,0,0,18,883,15,1592,8192,290,13,20,91800.45,225659.6,772189,23514,9989174.0,44720.59,10000000,9854619,BENIGN
80,85132140,8,6,352,11595,352,0,44.0,124.45079,5792,0,1932.5,2181.0083,140.33478,0.16445023,6548626.0,23600000.0,85000000,3,85000000,12100000.0,32100000.0,85000000,3,146505,29301.0,58774.656,134022,46,0,0,0,0,264,200,0.09397156,0.07047867,0,5792,796.4667,1621.2834,2628559.8,0,0,0,0,1,0,0,0,0,853.3571,44.0,1932.5,264,0,0,0,0,0,0,8,352,6,11595,274,235,1,32,1005.0,0.0,1005,1005,85000000.0,0.0,85000000,85000000,DoS Hulk
53,17217950,4,4,108,108,27,27,27.0,0.0,27,27,27.0,0.0,12.545048,0.46463138,2459707.2,4138399.8,10900000,1,5005047,1668349.0,2889661.8,5005043,1,10900000,3625056.0,6278779.5,10900000,1,0,0,0,0,80,128,0.23231569,0.23231569,27,27,27.0,0.0,0.0,0,0,0,0,0,0,0,0,1,30.375,27.0,27.0,80,0,0,0,0,0,0,4,108,4,108,-1,-1,3,20,668870.0,945923.6,1337739,1,7940104.5,4150803.8,10900000,5005043,BENIGN
80,68547522,8,6,694,11595,347,0,86.75,160.62979,4344,0,1932.5,1754.8314,179.27708,0.20423788,5272886.5,18900000.0,68200000,1,68400000,9773581.0,25800000.0,68200000,1,354347,70869.4,101992.336,221946,15,0,0,0,0,264,200,0.116707355,0.087530516,0,4344,819.26666,1413.6416,1998382.5,0,0,0,0,1,0,0,0,0,877.7857,86.75,1932.5,264,0,0,0,0,0,0,8,694,6,11595,274,235,2,32,991.0,0.0,991,991,68200000.0,0.0,68200000,68200000,DoS Hulk
80,164892,4,0,24,0,6,6,6.0,0.0,0,0,0.0,0.0,145.54982,24.258303,54964.0,95196.98,164888,1,164892,54964.0,95196.98,164888,1,0,0.0,0.0,0,0,0,0,0,0,80,0,24.258303,0.0,6,6,6.0,0.0,0.0,0,0,0,0,1,0,0,0,0,7.5,6.0,0.0,80,0,0,0,0,0,0,4,24,0,0,256,-1,3,20,0.0,0.0,0,0,0.0,0.0,0,0,DDoS
443,7725600,9,8,798,6027,438,0,88.666664,149.48244,2920,2,753.375,1034.6759,883.4265,2.2004764,482850.0,1229561.9,4804959,3,2920638,365079.75,570972.1,1735793,157,7692530,1098932.9,1857866.2,5000691,3,0,0,0,0,192,164,1.1649581,1.0355183,0,2920,379.16666,755.22394,570363.2,0,0,0,1,0,0,0,0,0,401.47058,88.666664,753.375,192,0,0,0,0,0,0,9,798,8,6027,8192,31088,8,20,0.0,0.0,0,0,0.0,0.0,0,0,BENIGN
80,98367682,8,5,306,11595,306,0,38.25,108.18734,8688,0,2319.0,3774.2375,120.984856,0.13215722,8197307.0,28400000.0,98300000,1,98300000,14000000.0,37200000.0,98300000,1,44429,11107.25,15566.892,33153,84,0,0,0,0,264,168,0.08132752,0.0508297,0,8688,850.0714,2383.3591,5680401.5,0,0,0,0,1,0,0,0,0,915.46155,38.25,2319.0,264,0,0,0,0,0,0,8,306,5,11595,274,235,1,32,978.0,0.0,978,978,98300000.0,0.0,98300000,98300000,DoS Hulk
80,9043790,5,0,30,0,6,6,6.0,0.0,0,0,0.0,0.0,3.3171933,0.55286556,2260947.5,4520554.5,9041779,1,9043790,2260947.5,4520554.5,9041779,1,0,0.0,0.0,0,0,0,0,0,0,100,0,0.55286556,0.0,6,6,6.0,0.0,0.0,0,0,0,0,1,0,0,0,0,7.2,6.0,0.0,100,0,0,0,0,0,0,5,30,0,0,256,-1,4,20,2011.0,0.0,2011,2011,9041779.0,0.0,9041779,9041779,DDoS
80,519808,2,5,20,11601,20,0,10.0,14.142136,8760,0,2320.2,3668.897,22356.332,13.466511,86634.664,203510.38,501806,32,17536,17536.0,0.0,17536,17536,519776,129944.0,248042.75,501806,192,0,0,0,0,52,112,3.8475745,9.618937,0,8760,1452.625,3020.8633,9125615.0,0,0,0,1,0,0,0,0,2,1660.1428,10.0,2320.2,52,0,0,0,0,0,0,2,20,5,11601,8192,229,1,20,0.0,0.0,0,0,0.0,0.0,0,0,DDoS
80,4117906,5,0,30,0,6,6,6.0,0.0,0,0,0.0,0.0,7.285256,1.2142093,1029476.5,2057936.4,4116381,227,4117906,1029476.5,2057936.4,4116381,227,0,0.0,0.0,0,0,0,0,0,0,100,0,1.2142093,0.0,6,6,6.0,0.0,0.0,0,0,0,0,1,0,0,0,0,7.2,6.0,0.0,100,0,0,0,0,0,0,5,30,0,0,256,-1,4,20,0.0,0.0,0,0,0.0,0.0,0,0,DDoS
53,196,2,2,78,184,39,39,39.0,0.0,92,92,92.0,0.0,1336734.8,20408.164,65.333336,71.59143,144,4,4,4.0,0.0,4,4,48,48.0,0.0,48,48,0,0,0,0,64,64,10204.082,10204.082,39,92,60.2,29.029295,842.7,0,0,0,0,0,0,0,0,1,75.25,39.0,92.0,64,0,0,0,0,0,0,2,78,2,184,-1,-1,1,32,0.0,0.0,0,0,0.0,0.0,0,0,BENIGN
80,76128,3,5,26,11607,20,0,8.666667,10.263203,8675,0,2321.4,3769.5361,152808.42,105.086174,10875.429,28329.047,75118,4,757,378.5,337.28995,617,140,76114,19028.5,37394.62,75118,4,0,0,0,0,72,112,39.407314,65.678856,0,8675,1292.5555,2931.4294,8593279.0,0,0,0,1,0,0,0,0,1,1454.125,8.666667,2321.4,72,0,0,0,0,0,0,3,26,5,11607,8192,229,2,20,0.0,0.0,0,0,0.0,0.0,0,0,DDoS
8080,996851,3,3,0,18,0,0,0.0,0.0,6,6,6.0,0.0,18.056862,6.018954,199370.2,272333.7,498820,382,996445,498222.5,1385.2222,499202,497243,996179,498089.5,1607.2537,499226,496953,0,0,0,0,92,60,3.009477,3.009477,0,6,2.5714285,3.207135,10.285714,0,0,0,1,0,0,0,0,1,3.0,0.0,6.0,92,0,0,0,0,0,0,3,0,3,18,8192,0,0,28,0.0,0.0,0,0,0.0,0.0,0,0,Bot
8080,75395,4,3,210,134,198,0,52.5,97.04123,128,0,44.666668,72.23111,4562.6367,92.84435,12565.833,29971.963,73744,47,75395,25131.666,43014.75,74800,50,74314,37157.0,51741.832,73744,570,0,0,0,0,92,72,53.053917,39.790436,0,198,43.0,76.44232,5843.4287,0,0,0,1,0,0,0,0,0,49.142857,52.5,44.666668,92,0,0,0,0,0,0,4,210,3,134,8192,237,3,20,0.0,0.0,0,0,0.0,0.0,0,0,Bot
443,11880,3,0,0,0,0,0,0.0,0.0,0,0,0.0,0.0,0.0,252.52525,5940.0,8399.015,11879,1,11880,5940.0,8399.015,11879,1,0,0.0,0.0,0,0,0,0,0,0,60,0,252.52525,0.0,0,0,0.0,0.0,0.0,0,0,0,0,1,0,0,0,0,0.0,0.0,0.0,60,0,0,0,0,0,0,3,0,0,0,256,-1,0,20,0.0,0.0,0,0,0.0,0.0,0,0,BENIGN
80,190521,3,5,26,11601,20,0,8.666667,10.263203,4380,0,2320.2,2207.3413,61027.395,41.99012,27217.285,64543.117,172949,49,16950,8475.0,11443.816,16567,383,190344,47586.0,83938.08,172949,204,0,0,0,0,72,112,15.746296,26.243826,0,4380,1291.8889,1980.7102,3923213.0,0,0,0,1,0,0,0,0,1,1453.375,8.666667,2320.2,72,0,0,0,0,0,0,3,26,5,11601,8192,229,2,20,0.0,0.0,0,0,0.0,0.0,0,0,DDoS
80,51598,3,5,26,11601,20,0,8.666667,10.263203,4380,0,2320.2,2207.3413,225338.19,155.04477,7371.143,16979.605,45656,90,5294,2647.0,3604.8303,5196,98,51451,12862.75,21986.9,45656,178,0,0,0,0,72,112,58.14179,96.90298,0,4380,1291.8889,1980.7102,3923213.0,0,0,0,1,0,0,0,0,1,1453.375,8.666667,2320.2,72,0,0,0,0,0,0,3,26,5,11601,8192,229,2,20,0.0,0.0,0,0,0.0,0.0,0,0,DDoS
80,85679297,8,5,344,11595,344,0,43.0,121.62237,8688,0,2319.0,3774.2375,139.34521,0.1517286,7139941.5,24700000.0,85500000,4,85500000,12200000.0,32300000.0,85500000,4,149693,37423.25,65531.047,135234,160,0,0,0,0,264,168,0.09337145,0.058357157,0,8688,852.7857,2382.7136,5677323.5,0,0,0,0,1,0,0,0,0,918.38464,43.0,2319.0,264,0,0,0,0,0,0,8,344,5,11595,274,235,1,32,1962.0,0.0,1962,1962,85500000.0,0.0,85500000,85500000,DoS Hulk
50153,4,2,0,0,0,0,0,0.0,0.0,0,0,0.0,0.0,0.0,500000.0,4.0,0.0,4,4,4,4.0,0.0,4,4,0,0.0,0.0,0,0,0,0,0,0,40,0,500000.0,0.0,0,0,0.0,0.0,0.0,0,0,0,0,1,0,0,0,0,0.0,0.0,0.0,40,0,0,0,0,0,0,2,0,0,0,31,-1,0,20,0.0,0.0,0,0,0.0,0.0,0,0,BENIGN
53,336,2,2,84,362,42,42,42.0,0.0,181,181,181.0,0.0,1327381.0,11904.762,112.0,189.6655,331,1,1,1.0,0.0,1,1,4,4.0,0.0,4,4,0,0,0,0,64,64,5952.381,5952.381,42,181,97.6,76.13344,5796.3,0,0,0,0,0,0,0,0,1,122.0,42.0,181.0,64,0,0,0,0,0,0,2,84,2,362,-1,-1,1,32,0.0,0.0,0,0,0.0,0.0,0,0,BENIGN
80,11414764,8,6,391,11632,391,0,48.875,138.23938,4392,0,1938.6666,2190.7188,1053.285,1.2264818,878058.75,2161412.0,6409163,1,6414177,916311.0,2423596.5,6412511,1,11400000,2282937.5,3164902.0,6409163,16,0,0,0,0,264,200,0.70084673,0.52563506,0,4392,801.5333,1627.067,2647347.2,0,0,0,1,0,0,0,0,0,858.7857,48.875,1938.6666,264,0,0,0,0,0,0,8,391,6,11632,29200,235,1,32,732.0,0.0,732,732,6409163.0,0.0,6409163,6409163,DoS GoldenEye
445,543,3,1,0,0,0,0,0.0,0.0,0,0,0.0,0.0,0.0,7366.4824,181.0,230.36493,447,47,543,271.5,314.6625,494,49,0,0.0,0.0,0,0,0,0,0,0,104,40,5524.862,1841.6206,0,0,0.0,0.0,0.0,0,0,0,1,0,0,0,0,0,0.0,0.0,0.0,104,0,0,0,0,0,0,3,0,1,0,29200,28960,0,32,0.0,0.0,0,0,0.0,0.0,0,0,PortScan
33,53,1,1,2,6,2,2,2.0,0.0,6,6,6.0,0.0,150943.39,37735.848,53.0,0.0,53,53,0,0.0,0.0,0,0,0,0.0,0.0,0,0,0,0,0,0,24,20,18867.924,18867.924,2,6,3.3333333,2.309401,5.3333335,0,0,0,1,0,0,0,0,1,5.0,2.0,6.0,24,0,0,0,0,0,0,1,2,1,6,1024,0,0,24,0.0,0.0,0,0,0.0,0.0,0,0,PortScan
80,1330456,3,5,432,2278,426,0,144.0,244.2376,1460,0,455.6,660.19904,2036.8956,6.012976,190065.14,473792.6,1263970,1,1296692,648346.0,870623.8,1263970,32722,1297798,324449.5,648114.5,1296621,1,0,0,0,0,72,112,2.254866,3.75811,0,1460,301.1111,518.0262,268351.12,0,0,0,1,0,0,0,0,1,338.75,144.0,455.6,72,0,0,0,0,0,0,3,432,5,2278,8192,237,2,20,0.0,0.0,0,0,0.0,0.0,0,0,BENIGN
80,98376562,6,6,374,11595,356,0,62.333332,143.89673,5792,0,1932.5,2537.82,121.66516,0.12198027,8943324.0,29700000.0,98400000,41,98400000,19700000.0,44000000.0,98400000,1011,3330,666.0,1242.6035,2886,47,0,0,0,0,164,200,0.060990136,0.060990136,0,5792,921.1539,1908.4474,3642171.2,1,0,0,0,0,0,0,0,1,997.9167,62.333332,1932.5,164,0,0,0,0,0,0,6,374,6,11595,0,235,3,20,13793.0,0.0,13793,13793,98400000.0,0.0,98400000,98400000,DoS Hulk
17384,2,2,0,12,0,6,6,6.0,0.0,0,0,0.0,0.0,6000000.0,1000000.0,2.0,0.0,2,2,2,2.0,0.0,2,2,0,0.0,0.0,0,0,0,0,0,0,40,0,1000000.0,0.0,6,6,6.0,0.0,0.0,0,0,0,0,1,0,0,0,0,9.0,6.0,0.0,40,0,0,0,0,0,0,2,12,0,0,8225,-1,1,20,0.0,0.0,0,0,0.0,0.0,0,0,BENIGN
53,47996,2,2,54,160,27,27,27.0,0.0,80,80,80.0,0.0,4458.705,83.34028,15998.667,27664.613,47943,4,4,4.0,0.0,4,4,49,49.0,0.0,49,49,0,0,0,0,40,40,41.67014,41.67014,27,80,48.2,29.029295,842.7,0,0,0,0,0,0,0,0,1,60.25,27.0,80.0,40,0,0,0,0,0,0,2,54,2,160,-1,-1,1,20,0.0,0.0,0,0,0.0,0.0,0,0,BENIGN
80,600291,3,6,26,11601,20,0,8.666667,10.263203,2920,0,1933.5,1495.7224,19368.94,14.992728,75036.375,209703.03,594005,44,5762,2881.0,3739.1807,5525,237,600153,120030.6,264970.5,594005,48,0,0,0,0,72,132,4.997576,9.995152,0,2920,1162.7,1494.3666,2233131.5,0,0,0,1,0,0,0,0,2,1291.8889,8.666667,1933.5,72,0,0,0,0,0,0,3,26,6,11601,8192,229,2,20,0.0,0.0,0,0,0.0,0.0,0,0,DDoS
80,98916752,8,6,340,11595,340,0,42.5,120.20815,5792,0,1932.5,2181.0083,120.65701,0.14153315,7608981.0,27400000.0,98900000,1,98900000,14100000.0,37400000.0,98900000,1,32514,6502.8,9764.988,22179,45,0,0,0,0,264,200,0.08087609,0.060657065,0,5792,795.6667,1621.5214,2629331.5,0,0,0,0,1,0,0,0,0,852.5,42.5,1932.5,264,0,0,0,0,0,0,8,340,6,11595,274,235,1,32,986.0,0.0,986,986,98900000.0,0.0,98900000,98900000,DoS Hulk
53,184,2,2,72,104,36,36,36.0,0.0,52,52,52.0,0.0,956521.75,21739.13,61.333332,66.01768,133,3,48,48.0,0.0,48,48,3,3.0,0.0,3,3,0,0,0,0,64,64,10869.565,10869.565,36,52,42.4,8.763561,76.8,0,0,0,0,0,0,0,0,1,53.0,36.0,52.0,64,0,0,0,0,0,0,2,72,2,104,-1,-1,1,32,0.0,0.0,0,0,0.0,0.0,0,0,BENIGN
80,10857926,7,5,459,11632,459,0,65.57143,173.48569,7288,0,2326.4,3351.2905,1113.5645,1.1051835,987084.2,2203649.0,5853133,50,5856006,976001.0,2389884.8,5854333,163,10900000,2714469.0,3152931.5,5853133,162,0,0,0,0,232,168,0.64469033,0.4604931,0,7288,930.0769,2253.708,5079200.0,0,0,0,1,0,0,0,0,0,1007.5833,65.57143,2326.4,232,0,0,0,0,0,0,7,459,5,11632,29200,235,1,32,919.0,0.0,919,919,5853133.0,0.0,5853133,5853133,DoS GoldenEye
80,83121171,6,6,362,11595,362,0,60.333332,147.78589,4344,0,1932.5,2178.085,143.85023,0.14436755,7556470.0,25000000.0,83000000,2,83000000,16600000.0,37100000.0,83000000,3,147491,29498.2,60339.98,137160,2,0,0,0,0,200,200,0.07218377,0.07218377,0,4344,919.7692,1714.1804,2938414.2,0,0,0,0,1,0,0,0,1,996.4167,60.333332,1932.5,200,0,0,0,0,0,0,6,362,6,11595,296,235,1,32,1005.0,0.0,1005,1005,83000000.0,0.0,83000000,83000000,DoS Hulk
80,99171049,5,7,348,11595,336,0,69.6,148.95235,5792,0,1656.4286,2426.932,120.42829,0.121003054,9015550.0,29900000.0,99200000,14,99200000,24800000.0,49600000.0,99200000,992,99200000,16500000.0,40500000.0,99200000,45,0,0,0,0,144,232,0.05041794,0.07058512,0,5792,919.1539,1907.798,3639693.0,1,0,0,0,0,0,0,0,1,995.75,69.6,1656.4286,144,0,0,0,0,0,0,5,348,7,11595,0,235,2,20,13980.0,0.0,13980,13980,99200000.0,0.0,99200000,99200000,DoS Hulk
53,23240,1,1,51,67,51,51,51.0,0.0,67,67,67.0,0.0,5077.4526,86.05852,23240.0,0.0,23240,23240,0,0.0,0.0,0,0,0,0.0,0.0,0,0,0,0,0,0,32,20,43.02926,43.02926,51,67,56.333332,9.237604,85.333336,0,0,0,0,0,0,0,0,1,84.5,51.0,67.0,32,0,0,0,0,0,0,1,51,1,67,-1,-1,0,32,0.0,0.0,0,0,0.0,0.0,0,0,BENIGN
80,101082681,10,7,1783,11595,353,0,178.3,184.163,5792,0,1656.4286,2120.7322,132.3471,0.16817915,6317667.5,24800000.0,99400000,37,101000000,11200000.0,33000000.0,99400000,994,101000000,16800000.0,40400000.0,99400000,46,0,0,0,0,292,232,0.09892891,0.06925024,0,5792,743.55554,1472.5481,2168397.8,1,0,0,0,0,0,0,0,0,787.2941,178.3,1656.4286,292,0,0,0,0,0,0,10,1783,7,11595,0,235,7,20,12994.0,0.0,12994,12994,99400000.0,0.0,99400000,99400000,DoS Hulk
80,5699886,3,1,0,0,0,0,0.0,0.0,0,0,0.0,0.0,0.0,0.7017684,1899962.0,3290091.2,5699032,121,5699886,2849943.0,4029220.2,5699032,854,0,0.0,0.0,0,0,0,0,0,0,104,40,0.5263263,0.1754421,0,0,0.0,0.0,0.0,0,0,0,1,0,0,0,0,0,0.0,0.0,0.0,104,0,0,0,0,0,0,3,0,1,0,29200,28960,0,32,0.0,0.0,0,0,0.0,0.0,0,0,Web Attack - Brute Force
1030,72,1,1,0,6,0,0,0.0,0.0,6,6,6.0,0.0,83333.336,27777.777,72.0,0.0,72,72,0,0.0,0.0,0,0,0,0.0,0.0,0,0,0,0,0,0,40,20,13888.889,13888.889,0,6,2.0,3.4641016,12.0,0,0,0,1,0,0,0,0,1,3.0,0.0,6.0,40,0,0,0,0,0,0,1,0,1,6,29200,0,0,40,0.0,0.0,0,0,0.0,0.0,0,0,PortScan
80,28,3,1,18,6,6,6,6.0,0.0,6,6,6.0,0.0,857142.9,142857.14,9.333333,15.30795,27,0,1,0.5,0.70710677,1,0,0,0.0,0.0,0,0,0,0,0,0,60,20,107142.86,35714.285,6,6,6.0,0.0,0.0,0,0,0,0,1,0,0,0,0,7.5,6.0,6.0,60,0,0,0,0,0,0,3,18,1,6,256,229,2,20,0.0,0.0,0,0,0.0,0.0,0,0,DDoS
80,1843066,3,7,26,11601,20,0,8.666667,10.263203,4380,0,1657.2858,1561.9694,6308.51,5.4257417,204785.11,612513.0,1838149,16,4402,2201.0,2940.15,4280,122,1843008,307168.0,750026.44,1838149,16,0,0,0,0,72,152,1.6277225,3.7980192,0,4380,1057.0,1468.8552,2157535.8,0,0,0,1,0,0,0,0,2,1162.7,8.666667,1657.2858,72,0,0,0,0,0,0,3,26,7,11601,8192,229,2,20,0.0,0.0,0,0,0.0,0.0,0,0,DDoS
9290,52,2,2,4,12,2,2,2.0,0.0,6,6,6.0,0.0,307692.3,76923.08,17.333334,26.576933,48,1,48,48.0,0.0,48,48,3,3.0,0.0,3,3,0,0,0,0,48,40,38461.54,38461.54,2,6,3.6,2.1908903,4.8,0,0,0,1,0,0,0,0,1,4.5,2.0,6.0,48,0,0,0,0,0,0,2,4,2,12,1024,0,1,24,0.0,0.0,0,0,0.0,0.0,0,0,BENIGN
80,99585666,5,7,382,11595,370,0,76.4,164.1548,4344,0,1656.4286,1760.5973,120.26831,0.12049927,9053242.0,30000000.0,99500000,39,99600000,24900000.0,49800000.0,99500000,992,99600000,16600000.0,40600000.0,99500000,48,0,0,0,0,144,232,0.05020803,0.07029124,0,4344,921.7692,1497.107,2241329.2,1,0,0,0,0,0,0,0,1,998.5833,76.4,1656.4286,144,0,0,0,0,0,0,5,382,7,11595,0,235,2,20,9971.0,0.0,9971,9971,99500000.0,0.0,99500000,99500000,DoS Hulk
53,112472,4,2,144,136,36,36,36.0,0.0,68,68,68.0,0.0,2489.5085,53.34661,22494.4,35782.08,81995,3,30474,10158.0,17588.11,30467,3,3,3.0,0.0,3,3,0,0,0,0,80,40,35.564407,17.782204,36,68,45.142857,15.614401,243.80952,0,0,0,0,0,0,0,0,0,52.666668,36.0,68.0,80,0,0,0,0,0,0,4,144,2,136,-1,-1,3,20,0.0,0.0,0,0,0.0,0.0,0,0,BENIGN
80,100160603,7,7,1101,11595,363,0,157.28572,192.44368,5792,0,1656.4286,2120.7322,126.756424,0.13977551,7704662.0,27600000.0,99500000,5,100000000,16700000.0,40600000.0,99500000,60,100000000,16700000.0,40600000.0,99600000,45,0,0,0,0,208,232,0.06988776,0.06988776,0,5792,846.8,1599.792,2559334.5,1,0,0,0,0,0,0,0,1,907.2857,157.28572,1656.4286,208,0,0,0,0,0,0,7,1101,7,11595,0,235,4,20,13990.0,0.0,13990,13990,99500000.0,0.0,99500000,99500000,DoS Hulk
53,203,2,2,60,264,30,30,30.0,0.0,132,132,132.0,0.0,1596059.1,19704.434,67.666664,76.42207,152,3,3,3.0,0.0,3,3,48,48.0,0.0,48,48,0,0,0,0,64,64,9852.217,9852.217,30,132,70.8,55.867702,3121.2,0,0,0,0,0,0,0,0,1,88.5,30.0,132.0,64,0,0,0,0,0,0,2,60,2,264,-1,-1,1,32,0.0,0.0,0,0,0.0,0.0,0,0,BENIGN
80,54039,5,0,30,0,6,6,6.0,0.0,0,0,0.0,0.0,555.1546,92.52577,13509.75,25004.836,51017,993,54039,13509.75,25004.836,51017,993,0,0.0,0.0,0,0,0,0,0,0,100,0,92.52577,0.0,6,6,6.0,0.0,0.0,0,0,0,0,1,0,0,0,0,7.2,6.0,0.0,100,0,0,0,0,0,0,5,30,0,0,256,-1,4,20,0.0,0.0,0,0,0.0,0.0,0,0,DDoS
80,162356,3,5,26,11601,20,0,8.666667,10.263203,5840,0,2320.2,2436.833,71614.23,49.274433,23193.715,58123.953,154881,3,7021,3510.5,4960.354,7018,3,162251,40562.75,76279.52,154881,189,0,0,0,0,72,112,18.477913,30.796522,0,5840,1291.8889,2110.9507,4456113.0,0,0,0,1,0,0,0,0,1,1453.375,8.666667,2320.2,72,0,0,0,0,0,0,3,26,5,11601,8192,229,2,20,0.0,0.0,0,0,0.0,0.0,0,0,DDoS
80,116066527,7,5,350,11595,332,0,50.0,124.3865,11595,0,2319.0,5185.4414,102.915115,0.10338898,10600000.0,30100000.0,100000000,1,116000000,19300000.0,40000000.0,100000000,1,116000000,29000000.0,58000000.0,116000000,6,0,0,0,0,204,168,0.06031024,0.043078743,0,11595,919.3077,3208.9426,10300000.0,1,0,0,0,0,0,0,0,0,995.9167,50.0,2319.0,204,0,0,0,0,0,0,7,350,5,11595,0,235,3,20,11014.0,0.0,11014,11014,58000000.0,59400000.0,100000000,16000000,DoS Hulk
80,100158581,7,5,359,11595,353,0,51.285713,133.06229,7240,0,2319.0,3003.1711,119.35073,0.11981001,9105326.0,30200000.0,100000000,1,100000000,16700000.0,40800000.0,100000000,1,134331,33582.75,63084.14,128117,47,0,0,0,0,220,168,0.069889165,0.049920835,0,7240,919.53845,2083.6152,4341453.0,0,0,0,0,1,0,0,0,0,996.1667,51.285713,2319.0,220,0,0,0,0,0,0,7,359,5,11595,274,235,2,20,1018.0,0.0,1018,1018,100000000.0,0.0,100000000,100000000,DoS Hulk
80,85222984,4,7,422,11595,416,0,105.5,207.01932,4344,0,1656.4286,1547.7377,141.00656,0.12907316,8522298.0,26900000.0,85100000,1,85100000,28400000.0,49100000.0,85100000,193,147583,24597.166,53891.2,134098,49,0,0,0,0,124,232,0.046935696,0.082137465,0,4344,1001.9167,1404.7428,1973302.2,1,0,0,0,0,0,0,0,1,1093.0,105.5,1656.4286,124,0,0,0,0,0,0,4,422,7,11595,0,235,1,20,0.0,0.0,0,0,85100000.0,0.0,85100000,85100000,DoS Hulk
3283,81,1,1,0,6,0,0,0.0,0.0,6,6,6.0,0.0,74074.07,24691.357,81.0,0.0,81,81,0,0.0,0.0,0,0,0,0.0,0.0,0,0,0,0,0,0,40,20,12345.679,12345.679,0,6,2.0,3.4641016,12.0,0,0,0,1,0,0,0,0,1,3.0,0.0,6.0,40,0,0,0,0,0,0,1,0,1,6,29200,0,0,40,0.0,0.0,0,0,0.0,0.0,0,0,PortScan
80,1788834,3,6,26,11601,20,0,8.666667,10.263203,4380,0,1933.5,1757.7899,6499.7646,5.0312104,223604.25,623577.94,1766773,16,21768,10884.0,14741.762,21308,460,1788742,357748.4,787724.4,1766773,16,0,0,0,0,72,132,1.6770701,3.3541403,0,4380,1162.7,1645.2418,2706820.5,0,0,0,1,0,0,0,0,2,1291.8889,8.666667,1933.5,72,0,0,0,0,0,0,3,26,6,11601,8192,229,2,20,0.0,0.0,0,0,0.0,0.0,0,0,DDoS
80,98981634,7,6,329,11595,329,0,47.0,124.35031,5792,0,1932.5,2181.0083,120.46679,0.1313375,8248469.5,28500000.0,98900000,2,98900000,16500000.0,40400000.0,98900000,2,82284,16456.8,30813.85,70918,46,0,0,0,0,232,200,0.07072019,0.060617305,0,5792,851.7143,1667.4191,2780286.2,0,0,0,0,1,0,0,0,0,917.2308,47.0,1932.5,232,0,0,0,0,0,0,7,329,6,11595,251,235,1,32,61.0,0.0,61,61,98900000.0,0.0,98900000,98900000,DoS Hulk
53,24338,2,2,60,158,30,30,30.0,0.0,79,79,79.0,0.0,8957.187,164.35204,8112.6665,14008.2705,24288,1,49,49.0,0.0,49,49,1,1.0,0.0,1,1,0,0,0,0,64,64,82.17602,82.17602,30,79,49.6,26.838406,720.3,0,0,0,0,0,0,0,0,1,62.0,30.0,79.0,64,0,0,0,0,0,0,2,60,2,158,-1,-1,1,32,0.0,0.0,0,0,0.0,0.0,0,0,BENIGN
48354,61,1,1,0,0,0,0,0.0,0.0,0,0,0.0,0.0,0.0,32786.887,61.0,0.0,61,61,0,0.0,0.0,0,0,0,0.0,0.0,0,0,0,0,0,0,32,32,16393.443,16393.443,0,0,0.0,0.0,0.0,0,0,0,0,1,1,0,0,1,0.0,0.0,0.0,32,0,0,0,0,0,0,1,0,1,0,130,1324,0,32,0.0,0.0,0,0,0.0,0.0,0,0,BENIGN
80,97472964,4,6,383,11595,377,0,95.75,187.52133,5792,0,1932.5,2181.0083,122.88536,0.10259255,10800000.0,32500000.0,97400000,4,97400000,32500000.0,56200000.0,97400000,4,41216,8243.2,13094.186,30158,45,0,0,0,0,124,200,0.04103702,0.06155553,0,5792,1089.4546,1824.2122,3327749.8,1,0,0,0,0,0,0,0,1,1198.4,95.75,1932.5,124,0,0,0,0,0,0,4,383,6,11595,0,235,1,20,0.0,0.0,0,0,97400000.0,0.0,97400000,97400000,DoS Hulk
5963,56,1,1,2,6,2,2,2.0,0.0,6,6,6.0,0.0,142857.14,35714.285,56.0,0.0,56,56,0,0.0,0.0,0,0,0,0.0,0.0,0,0,0,0,0,0,24,20,17857.143,17857.143,2,6,3.3333333,2.309401,5.3333335,0,0,0,1,0,0,0,0,1,5.0,2.0,6.0,24,0,0,0,0,0,0,1,2,1,6,1024,0,0,24,0.0,0.0,0,0,0.0,0.0,0,0,PortScan
80,3902,3,7,292,11595,292,0,97.333336,168.58627,4344,0,1656.4286,1759.0887,3046386.5,2562.7883,433.55554,962.8284,2959,1,3010,1505.0,2121.3203,3005,5,3856,642.6667,1196.7684,3049,1,0,0,0,0,104,232,768.8365,1793.9518,0,4344,1080.6364,1581.5305,2501238.8,0,0,0,1,0,0,0,0,2,1188.7,97.333336,1656.4286,104,0,0,0,0,0,0,3,292,7,11595,29200,235,1,32,0.0,0.0,0,0,0.0,0.0,0,0,DoS Hulk
80,116254349,9,7,356,11595,356,0,39.555557,118.666664,5792,0,1656.4286,1947.6382,102.80045,0.13762926,7750290.0,25900000.0,100000000,1,116000000,14500000.0,35100000.0,100000000,1,38525,6420.8335,10726.522,26055,46,0,0,0,0,304,232,0.07741646,0.060212802,0,5792,703.0,1451.1039,2105702.5,0,0,0,0,1,0,0,0,0,746.9375,39.555557,1656.4286,304,0,0,0,0,0,0,9,356,7,11595,251,235,1,32,992.0,0.0,992,992,58100000.0,59500000.0,100000000,16000000,DoS Hulk
80,100996,3,5,26,11607,20,0,8.666667,10.263203,7215,0,2321.4,3327.7698,115182.78,79.21106,14428.0,37707.56,99940,4,641,320.5,447.5986,637,4,100858,25214.5,49817.473,99940,138,0,0,0,0,72,112,29.704147,49.506912,0,7215,1292.5555,2650.5857,7025604.5,0,0,0,1,0,0,0,0,1,1454.125,8.666667,2321.4,72,0,0,0,0,0,0,3,26,5,11607,8192,229,2,20,0.0,0.0,0,0,0.0,0.0,0,0,DDoS
80,99995888,8,6,376,11595,376,0,47.0,132.93608,4344,0,1932.5,1754.8314,119.71492,0.14000575,7691991.5,27700000.0,99900000,1,100000000,14300000.0,37800000.0,99900000,1,74644,14928.8,20955.61,44395,9,0,0,0,0,264,200,0.08000329,0.06000247,0,4344,798.06665,1424.0844,2028016.1,0,0,0,0,1,0,0,0,0,855.0714,47.0,1932.5,264,0,0,0,0,0,0,8,376,6,11595,274,235,1,32,1008.0,0.0,1008,1008,99900000.0,0.0,99900000,99900000,DoS Hulk
443,126179,9,8,506,4434,202,0,56.22222,82.436005,1430,0,554.25,663.9703,39150.73,134.72923,7886.1875,14427.984,36922,4,126179,15772.375,17820.148,37962,48,88930,12704.286,21555.373,50003,4,0,0,0,0,192,172,71.32724,63.401993,0,1430,274.44446,501.2102,251211.67,0,0,0,1,0,0,0,0,0,290.58823,56.22222,554.25,192,0,0,0,0,0,0,9,506,8,4434,8192,343,4,20,0.0,0.0,0,0,0.0,0.0,0,0,BENIGN
443,5418291,3,1,31,0,31,0,10.333333,17.897858,0,0,0.0,0.0,5.721361,0.7382402,1806097.0,3108091.8,5394987,22,5418291,2709145.5,3831279.2,5418269,22,0,0.0,0.0,0,0,0,0,0,0,96,32,0.5536801,0.18456005,0,31,6.2,13.863622,192.2,0,0,0,0,1,0,0,0,0,7.75,10.333333,0.0,96,0,0,0,0,0,0,3,31,1,0,2734,90,1,32,23282.0,0.0,23282,23282,5394987.0,0.0,5394987,5394987,BENIGN
443,115619948,31,25,3192,13411,1368,0,102.96774,300.38202,2370,0,536.44,734.10693,143.5998,0.4843455,2102180.8,4040222.5,10000000,1,116000000,3853998.2,4865930.0,10000000,1,111000000,4618916.0,5100471.5,10000000,2,0,0,0,0,1000,808,0.2681198,0.21622567,0,2370,291.2807,572.08154,327277.3,0,0,0,1,0,0,0,0,0,296.48215,102.96774,536.44,1000,0,0,0,0,0,0,31,3192,25,13411,29200,413,6,32,68494.37,105029.22,385169,36645,10000000.0,3733.5125,10000000,9998809,BENIGN
80,97874764,8,6,56,11601,20,0,7.0,5.656854,5840,0,1933.5,2189.773,119.10118,0.14303994,7528828.0,26900000.0,97000000,47,97200000,13900000.0,36600000.0,97000000,231,707899,141579.8,310744.34,697401,47,0,0,0,0,172,132,0.08173711,0.06130283,0,5840,777.5333,1633.1027,2667024.5,0,0,0,0,1,0,0,0,0,833.0714,7.0,1933.5,172,0,0,0,0,0,0,8,56,6,11601,256,229,6,20,207603.0,0.0,207603,207603,97000000.0,0.0,97000000,97000000,DDoS
80,96963197,8,5,56,11607,20,0,7.0,5.656854,5840,0,2321.4,3173.3738,120.28275,0.13407148,8080266.5,25800000.0,89700000,1,96900000,13800000.0,33600000.0,89700000,1,113253,28313.25,55817.56,112037,7,0,0,0,0,172,112,0.08250553,0.051565956,0,5840,833.5,2103.1155,4423095.0,0,0,0,0,1,0,0,0,0,897.61536,7.0,2321.4,172,0,0,0,0,0,0,8,56,5,11607,256,229,6,20,5.0,0.0,5,5,48400000.0,58400000.0,89700000,7118959,DDoS
2003,56,1,1,0,6,0,0,0.0,0.0,6,6,6.0,0.0,107142.86,35714.285,56.0,0.0,56,56,0,0.0,0.0,0,0,0,0.0,0.0,0,0,0,0,0,0,40,20,17857.143,17857.143,0,6,2.0,3.4641016,12.0,0,0,0,1,0,0,0,0,1,3.0,0.0,6.0,40,0,0,0,0,0,0,1,0,1,6,29200,0,0,40,0.0,0.0,0,0,0.0,0.0,0,0,PortScan
80,100112904,8,7,660,11595,327,0,82.5,150.92288,4344,0,1656.4286,1547.7377,122.41179,0.14983083,7150921.5,26700000.0,99800000,1,100000000,14300000.0,37700000.0,99800000,1,356667,59444.5,94977.26,215979,46,0,0,0,0,252,232,0.07990978,0.069921054,0,4344,765.9375,1275.5802,1627104.8,0,0,0,0,1,0,0,0,0,817.0,82.5,1656.4286,252,0,0,0,0,0,0,8,660,7,11595,251,235,3,20,947.0,0.0,947,947,99800000.0,0.0,99800000,99800000,DoS Hulk
80,99450361,7,4,330,11595,324,0,47.142857,122.103004,10147,0,2898.75,4880.14,119.909065,0.110607944,9945036.0,31400000.0,99300000,0,99300000,16600000.0,40500000.0,99300000,0,150053,50017.668,76234.484,137778,197,0,0,0,0,220,136,0.07038687,0.040221073,0,10147,993.75,2912.557,8482987.0,0,0,0,0,1,0,0,0,0,1084.091,47.142857,2898.75,220,0,0,0,0,0,0,7,330,4,11595,251,235,2,20,1004.0,0.0,1004,1004,99300000.0,0.0,99300000,99300000,DoS Hulk
443,6021074,9,5,351,2753,197,0,39.0,66.058685,1460,0,550.6,655.1868,515.52264,2.3251665,463159.53,1626023.4,5874684,16,6021074,752634.25,2069708.9,5874684,16,87070,21767.5,24864.38,47915,207,0,0,0,0,200,112,1.4947499,0.8304166,0,1460,206.93333,434.17896,188511.36,0,0,0,1,0,0,0,0,0,221.71428,39.0,550.6,200,0,0,0,0,0,0,9,351,5,2753,29200,30,8,20,146374.0,0.0,146374,146374,5874684.0,0.0,5874684,5874684,BENIGN
38967,4650,1,3,0,0,0,0,0.0,0.0,0,0,0.0,0.0,0.0,860.215,1550.0,2628.5527,4585,3,0,0.0,0.0,0,0,65,32.5,41.7193,62,3,0,0,0,0,20,60,215.05376,645.1613,0,0,0.0,0.0,0.0,0,0,0,0,1,1,0,0,3,0.0,0.0,0.0,20,0,0,0,0,0,0,1,0,3,0,256,389,0,20,0.0,0.0,0,0,0.0,0.0,0,0,BENIGN
80,12969,2,1,12,0,6,6,6.0,0.0,0,0,0.0,0.0,925.2834,231.32085,6484.5,8979.549,12834,135,12969,12969.0,0.0,12969,12969,0,0.0,0.0,0,0,0,0,0,0,40,32,154.2139,77.10695,0,6,4.5,3.0,9.0,1,0,0,0,0,0,0,0,0,6.0,6.0,0.0,40,0,0,0,0,0,0,2,12,1,0,0,235,1,20,0.0,0.0,0,0,0.0,0.0,0,0,DoS Hulk
53,61378,2,2,88,214,44,44,44.0,0.0,107,107,107.0,0.0,4920.3296,65.16993,20459.334,35431.41,61372,3,3,3.0,0.0,3,3,3,3.0,0.0,3,3,0,0,0,0,64,64,32.584965,32.584965,44,107,69.2,34.50652,1190.7,0,0,0,0,0,0,0,0,1,86.5,44.0,107.0,64,0,0,0,0,0,0,2,88,2,214,-1,-1,1,32,0.0,0.0,0,0,0.0,0.0,0,0,BENIGN
1049,76,1,1,0,6,0,0,0.0,0.0,6,6,6.0,0.0,78947.37,26315.79,76.0,0.0,76,76,0,0.0,0.0,0,0,0,0.0,0.0,0,0,0,0,0,0,40,20,13157.895,13157.895,0,6,2.0,3.4641016,12.0,0,0,0,1,0,0,0,0,1,3.0,0.0,6.0,40,0,0,0,0,0,0,1,0,1,6,29200,0,0,40,0.0,0.0,0,0,0.0,0.0,0,0,PortScan
25146,37153,15,6,18467,24,2920,0,1231.1333,1135.9062,6,0,4.0,3.0983868,497698.72,565.2303,1857.65,7172.9033,32065,1,37153,2653.7856,8546.647,32065,1,32629,6525.8,14377.227,32244,1,0,0,0,0,324,144,403.7359,161.49435,0,2920,840.5,1096.6998,1202750.5,0,0,0,1,0,0,0,0,0,880.5238,1231.1333,4.0,324,0,0,0,0,0,0,15,18467,6,24,8192,357,13,20,0.0,0.0,0,0,0.0,0.0,0,0,BENIGN
56552,1,2,0,37,0,37,0,18.5,26.16295,0,0,0.0,0.0,37000000.0,2000000.0,1.0,0.0,1,1,1,1.0,0.0,1,1,0,0.0,0.0,0,0,1,0,0,0,64,0,2000000.0,0.0,0,37,24.666666,21.36196,456.33334,0,1,0,0,1,0,0,0,0,37.0,18.5,0.0,64,0,0,0,0,0,0,2,37,0,0,115,-1,0,32,0.0,0.0,0,0,0.0,0.0,0,0,BENIGN
80,98852636,7,5,323,11595,323,0,46.142857,122.08253,7240,0,2319.0,3331.6382,120.5633,0.12139282,8986603.0,29700000.0,98700000,4,98700000,16400000.0,40300000.0,98700000,4,190401,47600.25,79836.43,166159,85,0,0,0,0,232,168,0.07081248,0.05058034,0,7240,916.7692,2244.7407,5038861.0,0,0,0,0,1,0,0,0,0,993.1667,46.142857,2319.0,232,0,0,0,0,0,0,7,323,5,11595,251,235,1,32,719.0,0.0,719,719,98700000.0,0.0,98700000,98700000,DoS Hulk
80,99068056,7,6,292,11595,286,0,41.714287,107.74308,5792,0,1932.5,2181.0083,119.98822,0.13122292,8255671.5,28600000.0,99000000,2,99000000,16500000.0,40400000.0,99000000,2,73822,14764.4,26621.186,61476,47,0,0,0,0,220,200,0.0706585,0.06056443,0,5792,849.0714,1668.2612,2783095.5,0,0,0,0,1,0,0,0,0,914.38464,41.714287,1932.5,220,0,0,0,0,0,0,7,292,6,11595,274,235,2,20,1009.0,0.0,1009,1009,99000000.0,0.0,99000000,99000000,DoS Hulk
53,155,2,2,52,116,26,26,26.0,0.0,58,58,58.0,0.0,1083871.0,25806.451,51.666668,83.42861,148,3,4,4.0,0.0,4,4,3,3.0,0.0,3,3,0,0,0,0,64,64,12903.226,12903.226,26,58,38.8,17.527122,307.2,0,0,0,0,0,0,0,0,1,48.5,26.0,58.0,64,0,0,0,0,0,0,2,52,2,116,-1,-1,1,32,0.0,0.0,0,0,0.0,0.0,0,0,BENIGN
53,546899,1,1,51,102,51,51,51.0,0.0,102,102,102.0,0.0,279.75916,3.6569824,546899.0,0.0,546899,546899,0,0.0,0.0,0,0,0,0.0,0.0,0,0,0,0,0,0,32,40,1.8284912,1.8284912,51,102,68.0,29.444864,867.0,0,0,0,0,0,0,0,0,1,102.0,51.0,102.0,32,0,0,0,0,0,0,1,51,1,102,-1,-1,0,32,0.0,0.0,0,0,0.0,0.0,0,0,BENIGN
80,100048777,6,6,353,11595,353,0,58.833332,144.11165,5792,0,1932.5,2181.0083,119.42175,0.119941495,9095343.0,30100000.0,99900000,2,99900000,20000000.0,44700000.0,99900000,2,120217,24043.4,47262.27,108099,46,0,0,0,0,200,200,0.059970748,0.059970748,0,5792,919.0769,1715.974,2944566.5,0,0,0,0,1,0,0,0,1,995.6667,58.833332,1932.5,200,0,0,0,0,0,0,6,353,6,11595,251,235,1,32,5.0,0.0,5,5,99900000.0,0.0,99900000,99900000,DoS Hulk
80,98682782,7,6,387,11595,387,0,55.285713,146.27225,4344,0,1932.5,1754.8314,121.41936,0.13173524,8223565.0,28500000.0,98700000,2,98700000,16400000.0,40300000.0,98700000,2,24485,4897.0,6613.107,13121,48,0,0,0,0,232,200,0.07093436,0.06080088,0,4344,855.8571,1459.6995,2130722.5,0,0,0,0,1,0,0,0,0,921.6923,55.285713,1932.5,232,0,0,0,0,0,0,7,387,6,11595,251,235,1,32,1152.0,0.0,1152,1152,98700000.0,0.0,98700000,98700000,DoS Hulk
80,182808,3,6,26,11607,20,0,8.666667,10.263203,5840,0,1934.5,2538.9192,63635.07,49.23198,22851.0,64332.766,182066,3,607,303.5,362.7458,560,47,182734,36546.8,81348.1,182066,3,0,0,0,0,72,132,16.41066,32.82132,0,5840,1163.3,2138.329,4572451.5,0,0,0,1,0,0,0,0,2,1292.5555,8.666667,1934.5,72,0,0,0,0,0,0,3,26,6,11607,8192,229,2,20,0.0,0.0,0,0,0.0,0.0,0,0,DDoS
80,398595,4,6,606,11595,303,0,151.5,174.93713,4344,0,1932.5,1754.8314,30610.018,25.088121,44288.332,84347.03,212954,1,227995,75998.336,118845.21,212954,1,398536,79707.2,110920.94,228003,14,0,0,0,0,136,200,10.035249,15.052874,0,4344,1109.1818,1563.8093,2445499.5,0,0,0,1,0,0,0,0,1,1220.1,151.5,1932.5,136,0,0,0,0,0,0,4,606,6,11595,29200,235,2,32,0.0,0.0,0,0,0.0,0.0,0,0,DoS Hulk
80,98383599,6,7,313,11595,313,0,52.166668,127.781715,4344,0,1656.4286,1946.2748,121.03643,0.13213584,8198633.0,28400000.0,98300000,1,98300000,19700000.0,44000000.0,98300000,1,49353,8225.5,14849.381,36927,28,0,0,0,0,200,232,0.060985774,0.07115007,0,4344,850.5714,1566.5632,2454120.5,0,0,0,0,1,0,0,0,1,916.0,52.166668,1656.4286,200,0,0,0,0,0,0,6,313,7,11595,274,235,1,32,4.0,0.0,4,4,98300000.0,0.0,98300000,98300000,DoS Hulk
443,2232854,7,9,1975,974,1669,0,282.14285,617.0304,773,2,108.22222,250.91621,1320.7312,7.165717,148856.94,296898.78,1159741,3,2146000,357666.66,448043.8,1246623,87111,2145871,268233.88,430374.56,1247033,3,0,0,0,0,152,184,3.1350012,4.030716,0,1669,173.47058,428.59555,183694.14,0,0,0,1,0,0,0,0,1,184.3125,282.14285,108.22222,152,0,0,0,0,0,0,7,1975,9,974,8192,40958,6,20,0.0,0.0,0,0,0.0,0.0,0,0,BENIGN
80,106007,4,0,24,0,6,6,6.0,0.0,0,0,0.0,0.0,226.40015,37.733356,35335.668,60352.973,105023,4,106007,35335.668,60352.973,105023,4,0,0.0,0.0,0,0,0,0,0,0,80,0,37.733356,0.0,6,6,6.0,0.0,0.0,0,0,0,0,1,0,0,0,0,7.5,6.0,0.0,80,0,0,0,0,0,0,4,24,0,0,256,-1,3,20,0.0,0.0,0,0,0.0,0.0,0,0,DDoS
2383,3,1,1,2,6,2,2,2.0,0.0,6,6,6.0,0.0,2666666.8,666666.7,3.0,0.0,3,3,0,0.0,0.0,0,0,0,0.0,0.0,0,0,0,0,0,0,24,20,333333.34,333333.34,2,6,3.3333333,2.309401,5.3333335,0,0,0,1,0,0,0,0,1,5.0,2.0,6.0,24,0,0,0,0,0,0,1,2,1,6,1024,0,0,24,0.0,0.0,0,0,0.0,0.0,0,0,PortScan
80,153500,3,6,376,11595,376,0,125.333336,217.0837,5792,0,1932.5,2181.0083,77986.97,58.631924,19187.5,49067.105,140114,45,13044,6522.0,9154.204,12995,49,153403,30680.6,61429.742,140114,45,0,0,0,0,104,200,19.543974,39.087948,0,5792,1197.1,1885.6832,3555801.5,0,0,0,1,0,0,0,0,2,1330.1111,125.333336,1932.5,104,0,0,0,0,0,0,3,376,6,11595,29200,235,1,32,0.0,0.0,0,0,0.0,0.0,0,0,DoS Hulk
53,30551,1,1,58,124,58,58,58.0,0.0,124,124,124.0,0.0,5957.252,65.4643,30551.0,0.0,30551,30551,0,0.0,0.0,0,0,0,0.0,0.0,0,0,0,0,0,0,32,24,32.73215,32.73215,58,124,80.0,38.105118,1452.0,0,0,0,0,0,0,0,0,1,120.0,58.0,124.0,32,0,0,0,0,0,0,1,58,1,124,-1,-1,0,32,0.0,0.0,0,0,0.0,0.0,0,0,BENIGN
80,102642543,14,3,2541,6,231,0,181.5,98.363335,6,0,2.0,3.4641016,24.814272,0.16562334,6415159.0,13200000.0,51300000,4,103000000,7895574.0,14300000.0,51300000,4,103000000,51300000.0,28100000.0,71200000,31500000,0,0,0,0,456,100,0.13639568,0.029227648,0,231,141.5,115.45473,13329.794,0,0,0,1,0,0,0,0,0,149.82353,181.5,2.0,456,0,0,0,0,0,0,14,2541,3,6,29200,0,11,32,3205999.5,4533200.0,6411456,543,19200000.0,18800000.0,51300000,5833727,DoS slowloris
53,1217,2,2,60,404,30,30,30.0,0.0,202,202,202.0,0.0,381265.4,3286.7708,405.66666,658.004,1165,3,3,3.0,0.0,3,3,49,49.0,0.0,49,49,0,0,0,0,40,40,1643.3854,1643.3854,30,202,98.8,94.20828,8875.2,0,0,0,0,0,0,0,0,1,123.5,30.0,202.0,40,0,0,0,0,0,0,2,60,2,404,-1,-1,1,20,0.0,0.0,0,0,0.0,0.0,0,0,BENIGN
80,3171203,5,0,30,0,6,6,6.0,0.0,0,0,0.0,0.0,9.460133,1.5766888,792800.75,1584960.9,3170242,212,3171203,792800.75,1584960.9,3170242,212,0,0.0,0.0,0,0,0,0,0,0,100,0,1.5766888,0.0,6,6,6.0,0.0,0.0,0,0,0,0,1,0,0,0,0,7.2,6.0,0.0,100,0,0,0,0,0,0,5,30,0,0,256,-1,4,20,0.0,0.0,0,0,0.0,0.0,0,0,DDoS
80,33357,3,6,26,11607,20,0,8.666667,10.263203,5840,0,1934.5,2538.9192,348742.4,269.80844,4169.625,11527.616,32697,3,538,269.0,292.74222,476,62,33308,6661.6,14555.705,32697,3,0,0,0,0,72,132,89.93614,179.87228,0,5840,1163.3,2138.329,4572451.5,0,0,0,1,0,0,0,0,2,1292.5555,8.666667,1934.5,72,0,0,0,0,0,0,3,26,6,11607,8192,229,2,20,0.0,0.0,0,0,0.0,0.0,0,0,DDoS
80,5419842,3,1,0,0,0,0,0.0,0.0,0,0,0.0,0.0,0.0,0.7380289,1806614.0,3128382.5,5418959,120,5419842,2709921.0,3831158.2,5418959,883,0,0.0,0.0,0,0,0,0,0,0,104,40,0.5535217,0.18450722,0,0,0.0,0.0,0.0,0,0,0,1,0,0,0,0,0,0.0,0.0,0.0,104,0,0,0,0,0,0,3,0,1,0,29200,28960,0,32,0.0,0.0,0,0,0.0,0.0,0,0,Web Attack - Brute Force
53,47884,1,1,40,56,40,40,40.0,0.0,56,56,56.0,0.0,2004.8451,41.767605,47884.0,0.0,47884,47884,0,0.0,0.0,0,0,0,0.0,0.0,0,0,0,0,0,0,32,32,20.883802,20.883802,40,56,45.333332,9.237604,85.333336,0,0,0,0,0,0,0,0,1,68.0,40.0,56.0,32,0,0,0,0,0,0,1,40,1,56,-1,-1,0,32,0.0,0.0,0,0,0.0,0.0,0,0,BENIGN
80,99481770,7,6,315,11595,315,0,45.0,119.05881,5792,0,1932.5,2181.0083,119.72043,0.13067721,8290147.5,28700000.0,99400000,0,99400000,16600000.0,40600000.0,99400000,0,51471,10294.2,17828.506,41267,45,0,0,0,0,232,200,0.070364654,0.060312558,0,5792,850.7143,1667.7607,2781426.0,0,0,0,0,1,0,0,0,0,916.1539,45.0,1932.5,232,0,0,0,0,0,0,7,315,6,11595,274,235,1,32,4.0,0.0,4,4,99400000.0,0.0,99400000,99400000,DoS Hulk
80,350530,4,5,784,11595,392,0,196.0,226.3213,4344,0,2319.0,2196.7314,35315.094,25.675406,43816.25,80769.87,210855,38,221998,73999.336,118642.59,210855,190,350468,87617.0,108031.36,221974,58,0,0,0,0,136,168,11.411291,14.264114,0,4344,1237.9,1861.1432,3463854.0,0,0,0,1,0,0,0,0,1,1375.4445,196.0,2319.0,136,0,0,0,0,0,0,4,784,5,11595,29200,235,2,32,0.0,0.0,0,0,0.0,0.0,0,0,DoS Hulk
80,9398761,4,0,24,0,6,6,6.0,0.0,0,0,0.0,0.0,2.553528,0.425588,3132920.2,5425518.0,9397769,3,9398761,3132920.2,5425518.0,9397769,3,0,0.0,0.0,0,0,0,0,0,0,80,0,0.425588,0.0,6,6,6.0,0.0,0.0,0,0,0,0,1,0,0,0,0,7.5,6.0,0.0,80,0,0,0,0,0,0,4,24,0,0,256,-1,3,20,992.0,0.0,992,992,9397769.0,0.0,9397769,9397769,DDoS
80,81634695,8,6,56,11601,20,0,7.0,5.656854,5840,0,1933.5,2189.773,142.79468,0.1714957,6279592.0,21200000.0,76800000,45,80200000,11500000.0,28800000.0,76800000,246,1475237,295047.4,655041.7,1466805,45,0,0,0,0,172,132,0.097997546,0.07349816,0,5840,777.5333,1633.1027,2667024.5,0,0,0,0,1,0,0,0,0,833.0714,7.0,1933.5,172,0,0,0,0,0,0,8,56,6,11601,256,229,6,20,3370728.0,0.0,3370728,3370728,76800000.0,0.0,76800000,76800000,DDoS
443,116152593,27,24,3673,7019,1662,0,136.03703,441.70355,1455,0,292.45834,519.9286,92.05132,0.4390776,2323051.8,4244104.5,10200000,3,116000000,4467407.5,5053203.5,10200000,3,113000000,4897613.0,5195047.5,10200000,4,0,0,0,0,872,776,0.23245284,0.20662475,0,1662,205.61539,477.82462,228316.36,0,0,0,1,0,0,0,0,0,209.64706,136.03703,292.45834,872,0,0,0,0,0,0,27,3673,24,7019,29200,1301,5,32,59377.816,120987.91,424170,22793,10200000.0,80536.055,10200000,10000000,BENIGN
53,435,1,1,63,123,63,63,63.0,0.0,123,123,123.0,0.0,427586.22,4597.701,435.0,0.0,435,435,0,0.0,0.0,0,0,0,0.0,0.0,0,0,0,0,0,0,32,32,2298.8506,2298.8506,63,123,83.0,34.641018,1200.0,0,0,0,0,0,0,0,0,1,124.5,63.0,123.0,32,0,0,0,0,0,0,1,63,1,123,-1,-1,0,32,0.0,0.0,0,0,0.0,0.0,0,0,BENIGN
80,47719,3,5,26,11601,20,0,8.666667,10.263203,5840,0,2320.2,2634.7495,243655.56,167.6481,6817.0,16567.875,44299,13,44444,22222.0,31309.273,44361,83,47657,11914.25,21744.555,44457,13,0,0,0,0,72,112,62.86804,104.78007,0,5840,1291.8889,2226.654,4957988.0,0,0,0,1,0,0,0,0,1,1453.375,8.666667,2320.2,72,0,0,0,0,0,0,3,26,5,11601,8192,229,2,20,0.0,0.0,0,0,0.0,0.0,0,0,DDoS
80,10570478,6,0,36,0,6,6,6.0,0.0,0,0,0.0,0.0,3.4057117,0.5676186,2114095.5,4724453.5,10600000,1,10600000,2114095.5,4724453.5,10600000,1,0,0.0,0.0,0,0,0,0,0,0,120,0,0.5676186,0.0,6,6,6.0,0.0,0.0,0,0,0,0,1,0,0,0,0,7.0,6.0,0.0,120,0,0,0,0,0,0,6,36,0,0,256,-1,5,20,5024.0,0.0,5024,5024,10600000.0,0.0,10600000,10600000,DDoS
80,100924951,8,6,56,11601,20,0,7.0,5.656854,4380,0,1933.5,1757.7899,115.50166,0.13871694,7763458.0,26500000.0,95700000,3,101000000,14400000.0,35900000.0,95700000,3,12742,2548.4,5333.8184,12086,17,0,0,0,0,172,132,0.079266824,0.059450116,0,4380,777.5333,1434.5717,2057995.9,0,0,0,0,1,0,0,0,0,833.0714,7.0,1933.5,172,0,0,0,0,0,0,8,56,6,11601,256,229,6,20,3017.0,0.0,3017,3017,50500000.0,64000000.0,95700000,5192866,DDoS
1121,87,1,1,2,6,2,2,2.0,0.0,6,6,6.0,0.0,91954.02,22988.506,87.0,0.0,87,87,0,0.0,0.0,0,0,0,0.0,0.0,0,0,0,0,0,0,24,20,11494.253,11494.253,2,6,3.3333333,2.309401,5.3333335,0,0,0,1,0,0,0,0,1,5.0,2.0,6.0,24,0,0,0,0,0,0,1,2,1,6,1024,0,0,24,0.0,0.0,0,0,0.0,0.0,0,0,PortScan
2909,59,2,2,4,12,2,2,2.0,0.0,6,6,6.0,0.0,271186.44,67796.61,19.666666,25.716402,49,1,1,1.0,0.0,1,1,49,49.0,0.0,49,49,0,0,0,0,48,40,33898.305,33898.305,2,6,3.6,2.1908903,4.8,0,0,0,1,0,0,0,0,1,4.5,2.0,6.0,48,0,0,0,0,0,0,2,4,2,12,1024,0,1,24,0.0,0.0,0,0,0.0,0.0,0,0,BENIGN
80,147566,3,6,416,11595,416,0,138.66667,240.17772,5792,0,1932.5,2181.0083,81394.086,60.98966,18445.75,46946.305,134188,46,13014,6507.0,7772.5176,12003,1011,147486,29497.2,58790.402,134188,46,0,0,0,0,104,200,20.329885,40.65977,0,5792,1201.1,1883.7894,3548662.8,0,0,0,1,0,0,0,0,2,1334.5555,138.66667,1932.5,104,0,0,0,0,0,0,3,416,6,11595,29200,235,1,32,0.0,0.0,0,0,0.0,0.0,0,0,DoS Hulk
9040,50,2,2,4,12,2,2,2.0,0.0,6,6,6.0,0.0,320000.0,80000.0,16.666666,27.135462,48,1,1,1.0,0.0,1,1,1,1.0,0.0,1,1,0,0,0,0,48,40,40000.0,40000.0,2,6,3.6,2.1908903,4.8,0,0,0,1,0,0,0,0,1,4.5,2.0,6.0,48,0,0,0,0,0,0,2,4,2,12,1024,0,1,24,0.0,0.0,0,0,0.0,0.0,0,0,BENIGN
443,430908,8,8,3458,983,3133,0,432.25,1094.0266,845,0,122.875,293.56744,10306.145,37.130898,28727.2,48859.117,184427,3,430908,61558.285,69382.0,208366,3,393974,56282.0,79873.484,208610,3,0,0,0,0,172,164,18.565449,18.565449,0,3133,261.2353,767.98816,589805.8,0,0,0,1,0,0,0,0,1,277.5625,432.25,122.875,172,0,0,0,0,0,0,8,3458,8,983,8192,65535,4,20,0.0,0.0,0,0,0.0,0.0,0,0,BENIGN
80,63110711,7,0,0,0,0,0,0.0,0.0,0,0,0.0,0.0,0.0,0.1109162,10500000.0,11900000.0,32100000,999174,63100000,10500000.0,11900000.0,32100000,999174,0,0.0,0.0,0,0,0,0,0,0,280,0,0.1109162,0.0,0,0,0.0,0.0,0.0,0,0,0,1,0,0,0,0,0,0.0,0.0,0.0,280,0,0,0,0,0,0,7,0,0,0,29200,-1,0,40,7014833.0,0.0,7014833,7014833,18700000.0,12200000.0,32100000,8016037,DoS Slowhttptest
80,37901,3,5,26,11607,20,0,8.666667,10.263203,5840,0,2321.4,3173.3738,306931.22,211.07622,5414.4287,13848.769,36815,3,761,380.5,533.8656,758,3,37882,9470.5,18233.943,36815,3,0,0,0,0,72,112,79.15359,131.92264,0,5840,1292.5555,2554.1592,6523729.5,0,0,0,1,0,0,0,0,1,1454.125,8.666667,2321.4,72,0,0,0,0,0,0,3,26,5,11607,8192,229,2,20,0.0,0.0,0,0,0.0,0.0,0,0,DDoS
53,492,1,1,58,139,58,58,58.0,0.0,139,139,139.0,0.0,400406.5,4065.0408,492.0,0.0,492,492,0,0.0,0.0,0,0,0,0.0,0.0,0,0,0,0,0,0,32,32,2032.5204,2032.5204,58,139,85.0,46.765373,2187.0,0,0,0,0,0,0,0,0,1,127.5,58.0,139.0,32,0,0,0,0,0,0,1,58,1,139,-1,-1,0,32,0.0,0.0,0,0,0.0,0.0,0,0,BENIGN
80,21533,2,0,12,0,6,6,6.0,0.0,0,0,0.0,0.0,557.2842,92.88069,21533.0,0.0,21533,21533,21533,21533.0,0.0,21533,21533,0,0.0,0.0,0,0,0,0,0,0,40,0,92.88069,0.0,6,6,6.0,0.0,0.0,0,0,0,0,1,0,0,0,0,9.0,6.0,0.0,40,0,0,0,0,0,0,2,12,0,0,256,-1,1,20,0.0,0.0,0,0,0.0,0.0,0,0,BENIGN
53,264,2,2,62,122,31,31,31.0,0.0,61,61,61.0,0.0,696969.7,15151.516,88.0,111.314865,214,3,47,47.0,0.0,47,47,3,3.0,0.0,3,3,0,0,0,0,80,80,7575.758,7575.758,31,61,43.0,16.431677,270.0,0,0,0,0,0,0,0,0,1,53.75,31.0,61.0,80,0,0,0,0,0,0,2,62,2,122,-1,-1,1,40,0.0,0.0,0,0,0.0,0.0,0,0,BENIGN
37250,62,1,1,0,0,0,0,0.0,0.0,0,0,0.0,0.0,0.0,32258.064,62.0,0.0,62,62,0,0.0,0.0,0,0,0,0.0,0.0,0,0,0,0,0,0,32,32,16129.032,16129.032,0,0,0.0,0.0,0.0,0,0,0,0,1,1,0,0,1,0.0,0.0,0.0,32,0,0,0,0,0,0,1,0,1,0,80,308,0,32,0.0,0.0,0,0,0.0,0.0,0,0,BENIGN
53,80743,1,1,58,126,58,58,58.0,0.0,126,126,126.0,0.0,2278.8352,24.769949,80743.0,0.0,80743,80743,0,0.0,0.0,0,0,0,0.0,0.0,0,0,0,0,0,0,32,32,12.3849745,12.3849745,58,126,80.666664,39.25982,1541.3334,0,0,0,0,0,0,0,0,1,121.0,58.0,126.0,32,0,0,0,0,0,0,1,58,1,126,-1,-1,0,32,0.0,0.0,0,0,0.0,0.0,0,0,BENIGN
80,48613,4,3,455,283,455,0,113.75,227.5,283,0,94.333336,163.39012,15181.124,143.9944,8102.1665,11798.223,23327,71,48613,16204.333,13512.31,24597,617,25215,12607.5,16125.57,24010,1205,0,0,0,0,140,104,82.28252,61.711887,0,455,92.25,176.8912,31290.5,0,0,0,1,0,0,0,0,0,105.42857,113.75,94.333336,140,0,0,0,0,0,0,4,455,3,283,65535,939,1,32,0.0,0.0,0,0,0.0,0.0,0,0,BENIGN
80,1000674,4,6,412,11595,412,0,103.0,206.0,5792,0,1932.5,2537.82,11998.913,9.993264,111186.0,332955.1,999066,33,1000156,333385.34,576496.44,999066,260,1575,315.0,447.99274,1107,48,0,0,0,0,144,200,3.9973059,5.995959,0,5792,1091.5454,2041.41,4167355.0,0,0,0,1,0,0,0,0,1,1200.7,103.0,1932.5,144,0,0,0,0,0,0,4,412,6,11595,29200,235,1,32,0.0,0.0,0,0,0.0,0.0,0,0,DoS Hulk
55210,3,2,0,43,0,37,6,21.5,21.920311,0,0,0.0,0.0,14333333.0,666666.7,3.0,0.0,3,3,3,3.0,0.0,3,3,0,0.0,0.0,0,0,1,0,0,0,40,0,666666.7,0.0,6,37,26.666666,17.897858,320.33334,0,1,0,0,1,0,0,0,0,40.0,21.5,0.0,40,0,0,0,0,0,0,2,43,0,0,292,-1,1,20,0.0,0.0,0,0,0.0,0.0,0,0,BENIGN
3369,59,1,1,0,6,0,0,0.0,0.0,6,6,6.0,0.0,101694.914,33898.305,59.0,0.0,59,59,0,0.0,0.0,0,0,0,0.0,0.0,0,0,0,0,0,0,40,20,16949.152,16949.152,0,6,2.0,3.4641016,12.0,0,0,0,1,0,0,0,0,1,3.0,0.0,6.0,40,0,0,0,0,0,0,1,0,1,6,29200,0,0,40,0.0,0.0,0,0,0.0,0.0,0,0,PortScan
1914,36,1,1,2,6,2,2,2.0,0.0,6,6,6.0,0.0,222222.22,55555.555,36.0,0.0,36,36,0,0.0,0.0,0,0,0,0.0,0.0,0,0,0,0,0,0,24,20,27777.777,27777.777,2,6,3.3333333,2.309401,5.3333335,0,0,0,1,0,0,0,0,1,5.0,2.0,6.0,24,0,0,0,0,0,0,1,2,1,6,1024,0,0,24,0.0,0.0,0,0,0.0,0.0,0,0,PortScan
80,11400638,8,6,385,11632,385,0,48.125,136.11806,4392,0,1938.6666,2190.7188,1054.0638,1.2280015,876972.1,2158950.5,6397821,16,6400764,914394.9,2418264.0,6398502,251,11400000,2280121.0,3160421.2,6397821,16,0,0,0,0,264,200,0.7017151,0.52628636,0,4392,801.13336,1627.1759,2647701.5,0,0,0,1,0,0,0,0,0,858.3571,48.125,1938.6666,264,0,0,0,0,0,0,8,385,6,11632,29200,235,1,32,1074.0,0.0,1074,1074,6397821.0,0.0,6397821,6397821,DoS GoldenEye
80,33464,3,5,26,11601,20,0,8.666667,10.263203,8760,0,2320.2,3668.897,347448.0,239.06287,4780.5713,9955.032,26849,48,27066,13533.0,19070.67,27018,48,33295,8323.75,12764.859,27061,74,0,0,0,0,72,112,89.648575,149.41429,0,8760,1291.8889,2866.6074,8217438.0,0,0,0,1,0,0,0,0,1,1453.375,8.666667,2320.2,72,0,0,0,0,0,0,3,26,5,11601,8192,229,2,20,0.0,0.0,0,0,0.0,0.0,0,0,DDoS
22,1355631,41,42,2728,6634,456,0,66.53658,110.129944,976,0,157.95238,319.12143,6906.0093,61.2261,16532.086,106210.08,954262,0,1355631,33890.773,159783.66,997075,1,401279,9787.293,24641.117,126409,0,0,0,0,0,1328,1360,30.244219,30.981882,0,976,111.45238,241.64279,58391.24,0,0,0,1,0,0,0,0,1,112.79518,66.53658,157.95238,1328,0,0,0,0,0,0,41,2728,42,6634,29200,243,24,32,0.0,0.0,0,0,0.0,0.0,0,0,BENIGN
443,7296401,66,94,3622,178154,1082,0,54.878788,206.70808,4344,0,1895.2554,999.44525,24913.104,21.92862,45889.316,381361.53,4770906,1,2525492,38853.723,85400.695,299612,4,7067862,75998.516,500365.44,4771271,1,0,0,0,0,2120,3016,9.045555,12.883064,0,4344,1129.0435,1194.4855,1426795.4,0,0,0,1,0,0,0,0,1,1136.1,54.878788,1895.2554,2120,0,0,0,0,0,0,66,3622,94,178154,29200,1244,6,32,0.0,0.0,0,0,0.0,0.0,0,0,BENIGN
8649,44,1,1,0,6,0,0,0.0,0.0,6,6,6.0,0.0,136363.64,45454.547,44.0,0.0,44,44,0,0.0,0.0,0,0,0,0.0,0.0,0,0,0,0,0,0,40,20,22727.273,22727.273,0,6,2.0,3.4641016,12.0,0,0,0,1,0,0,0,0,1,3.0,0.0,6.0,40,0,0,0,0,0,0,1,0,1,6,29200,0,0,40,0.0,0.0,0,0,0.0,0.0,0,0,PortScan
80,175289,3,4,435,859,435,0,145.0,251.14737,859,0,214.75,429.5,7382.0947,39.93405,29214.834,49632.535,127824,4,151460,75730.0,73672.04,127824,23636,151739,50579.668,87172.16,151237,4,0,0,0,0,72,92,17.114594,22.819458,0,859,161.75,320.22348,102543.07,0,0,0,1,0,0,0,0,1,184.85715,145.0,214.75,72,0,0,0,0,0,0,3,435,4,859,8192,31,1,20,0.0,0.0,0,0,0.0,0.0,0,0,BENIGN
80,755713,3,4,26,11601,20,0,8.666667,10.263203,10220,0,2900.25,4922.5083,15385.471,9.262775,125952.164,306805.75,752212,55,3241,1620.5,2213.9514,3186,55,755628,251876.0,433306.34,752212,188,0,0,0,0,72,92,3.969761,5.2930145,0,10220,1453.375,3574.5352,12800000.0,0,0,0,1,0,0,0,0,1,1661.0,8.666667,2900.25,72,0,0,0,0,0,0,3,26,4,11601,8192,229,2,20,0.0,0.0,0,0,0.0,0.0,0,0,DDoS
80,86143803,8,6,339,11595,333,0,42.375,117.449,5803,0,1932.5,2539.0752,138.5358,0.16251895,6626446.5,23600000.0,85100000,0,86100000,12300000.0,32100000.0,85100000,0,1738,347.6,433.99515,1073,15,0,0,0,0,260,200,0.09286797,0.06965098,0,5803,795.6,1797.9767,3232720.2,0,0,0,0,1,0,0,0,0,852.4286,42.375,1932.5,260,0,0,0,0,0,0,8,339,6,11595,251,235,2,20,5.0,0.0,5,5,85100000.0,0.0,85100000,85100000,DoS Hulk
15002,75,1,1,2,6,2,2,2.0,0.0,6,6,6.0,0.0,106666.664,26666.666,75.0,0.0,75,75,0,0.0,0.0,0,0,0,0.0,0.0,0,0,0,0,0,0,24,20,13333.333,13333.333,2,6,3.3333333,2.309401,5.3333335,0,0,0,1,0,0,0,0,1,5.0,2.0,6.0,24,0,0,0,0,0,0,1,2,1,6,1024,0,0,24,0.0,0.0,0,0,0.0,0.0,0,0,PortScan
80,48743,3,4,26,11601,20,0,8.666667,10.263203,8760,0,2900.25,4128.3193,238536.81,143.61037,8123.8335,14841.531,37041,11,11421,5710.5,7763.325,11200,221,48732,16244.0,18864.658,37041,234,0,0,0,0,72,92,61.5473,82.063065,0,8760,1453.375,3113.9526,9696701.0,0,0,0,1,0,0,0,0,1,1661.0,8.666667,2900.25,72,0,0,0,0,0,0,3,26,4,11601,8192,229,2,20,0.0,0.0,0,0,0.0,0.0,0,0,DDoS
80,98395687,7,5,327,11595,321,0,46.714287,120.9693,7240,0,2319.0,3331.6382,121.16385,0.121956564,8945062.0,29700000.0,98300000,1,98400000,16400000.0,40100000.0,98300000,1,45460,11365.0,16074.905,34201,49,0,0,0,0,220,168,0.07114133,0.050815236,0,7240,917.0769,2244.5813,5038145.0,0,0,0,0,1,0,0,0,0,993.5,46.714287,2319.0,220,0,0,0,0,0,0,7,327,5,11595,251,235,2,20,954.0,0.0,954,954,98300000.0,0.0,98300000,98300000,DoS Hulk
80,98748860,7,8,332,11595,308,0,47.42857,114.936005,5792,0,1449.375,2046.6735,120.78114,0.15190049,7053490.0,26300000.0,98600000,3,98600000,16400000.0,40200000.0,98600000,3,98700000,14100000.0,37300000.0,98600000,15,0,0,0,0,184,264,0.070886895,0.08101359,0,5792,745.8125,1577.4003,2488191.5,1,0,0,0,0,0,0,0,1,795.5333,47.42857,1449.375,184,0,0,0,0,0,0,7,332,8,11595,0,235,4,20,22005.0,0.0,22005,22005,98600000.0,0.0,98600000,98600000,DoS Hulk
3971,98,1,1,0,6,0,0,0.0,0.0,6,6,6.0,0.0,61224.49,20408.164,98.0,0.0,98,98,0,0.0,0.0,0,0,0,0.0,0.0,0,0,0,0,0,0,40,20,10204.082,10204.082,0,6,2.0,3.4641016,12.0,0,0,0,1,0,0,0,0,1,3.0,0.0,6.0,40,0,0,0,0,0,0,1,0,1,6,29200,0,0,40,0.0,0.0,0,0,0.0,0.0,0,0,PortScan
5987,22,1,1,2,6,2,2,2.0,0.0,6,6,6.0,0.0,363636.38,90909.09,22.0,0.0,22,22,0,0.0,0.0,0,0,0,0.0,0.0,0,0,0,0,0,0,24,20,45454.547,45454.547,2,6,3.3333333,2.309401,5.3333335,0,0,0,1,0,0,0,0,1,5.0,2.0,6.0,24,0,0,0,0,0,0,1,2,1,6,1024,0,0,24,0.0,0.0,0,0,0.0,0.0,0,0,PortScan
53,186,2,2,46,46,23,23,23.0,0.0,23,23,23.0,0.0,494623.66,21505.377,62.0,106.5223,185,0,1,1.0,0.0,1,1,0,0.0,0.0,0,0,0,0,0,0,64,64,10752.688,10752.688,23,23,23.0,0.0,0.0,0,0,0,0,0,0,0,0,1,28.75,23.0,23.0,64,0,0,0,0,0,0,2,46,2,46,-1,-1,1,32,0.0,0.0,0,0,0.0,0.0,0,0,BENIGN
80,98211511,6,6,358,11595,358,0,59.666668,146.1529,5803,0,1932.5,2539.0752,121.70671,0.12218527,8928319.0,29600000.0,98200000,1,98200000,19600000.0,43900000.0,98200000,1,920,184.0,288.8079,695,3,0,0,0,0,200,200,0.061092634,0.061092634,0,5803,919.46155,1910.0543,3648307.5,0,0,0,0,1,0,0,0,1,996.0833,59.666668,1932.5,200,0,0,0,0,0,0,6,358,6,11595,251,235,1,32,4.0,0.0,4,4,98200000.0,0.0,98200000,98200000,DoS Hulk
80,11169771,4,0,24,0,6,6,6.0,0.0,0,0,0.0,0.0,2.1486564,0.3581094,3723257.0,6448013.0,11200000,4,11200000,3723257.0,6448013.0,11200000,4,0,0.0,0.0,0,0,0,0,0,0,80,0,0.3581094,0.0,6,6,6.0,0.0,0.0,0,0,0,0,1,0,0,0,0,7.5,6.0,0.0,80,0,0,0,0,0,0,4,24,0,0,256,-1,3,20,990.0,0.0,990,990,11200000.0,0.0,11200000,11200000,DDoS
53,168,2,2,64,158,32,32,32.0,0.0,79,79,79.0,0.0,1321428.6,23809.523,56.0,95.262794,166,1,1,1.0,0.0,1,1,1,1.0,0.0,1,1,0,0,0,0,64,64,11904.762,11904.762,32,79,50.8,25.74296,662.7,0,0,0,0,0,0,0,0,1,63.5,32.0,79.0,64,0,0,0,0,0,0,2,64,2,158,-1,-1,1,32,0.0,0.0,0,0,0.0,0.0,0,0,BENIGN
80,138729,3,5,26,11607,20,0,8.666667,10.263203,10135,0,2321.4,4413.202,83854.13,57.666386,19818.428,52020.895,137790,4,651,325.5,383.95898,597,54,138678,34669.5,68747.62,137790,4,0,0,0,0,72,112,21.624895,36.041492,0,10135,1292.5555,3350.635,11200000.0,0,0,0,1,0,0,0,0,1,1454.125,8.666667,2321.4,72,0,0,0,0,0,0,3,26,5,11607,8192,229,2,20,0.0,0.0,0,0,0.0,0.0,0,0,DDoS
80,83819274,8,7,344,11595,332,0,43.0,116.805084,4344,0,1656.4286,1547.7377,142.43741,0.17895645,5987091.0,22400000.0,83700000,1,83700000,12000000.0,31600000.0,83700000,1,149592,24932.0,54260.832,135110,50,0,0,0,0,240,232,0.09544344,0.083513014,0,4344,746.1875,1285.3224,1652053.6,0,0,0,0,1,0,0,0,0,795.93335,43.0,1656.4286,240,0,0,0,0,0,0,8,344,7,11595,251,235,3,20,995.0,0.0,995,995,83700000.0,0.0,83700000,83700000,DoS Hulk
16993,41,1,1,2,6,2,2,2.0,0.0,6,6,6.0,0.0,195121.95,48780.49,41.0,0.0,41,41,0,0.0,0.0,0,0,0,0.0,0.0,0,0,0,0,0,0,24,20,24390.244,24390.244,2,6,3.3333333,2.309401,5.3333335,0,0,0,1,0,0,0,0,1,5.0,2.0,6.0,24,0,0,0,0,0,0,1,2,1,6,1024,0,0,24,0.0,0.0,0,0,0.0,0.0,0,0,PortScan
80,98715958,6,7,355,11595,355,0,59.166668,144.92815,4344,0,1656.4286,1757.579,121.05439,0.13169096,8226330.0,28500000.0,98700000,3,98700000,19700000.0,44100000.0,98700000,3,55634,9272.333,16599.352,41216,34,0,0,0,0,200,232,0.060780447,0.07091052,0,4344,853.5714,1458.8362,2128203.0,0,0,0,0,1,0,0,0,1,919.2308,59.166668,1656.4286,200,0,0,0,0,0,0,6,355,7,11595,274,235,1,32,997.0,0.0,997,997,98700000.0,0.0,98700000,98700000,DoS Hulk
80,1290913,5,0,30,0,6,6,6.0,0.0,0,0,0.0,0.0,23.239367,3.8732276,322728.25,644406.5,1289338,361,1290913,322728.25,644406.5,1289338,361,0,0.0,0.0,0,0,0,0,0,0,100,0,3.8732276,0.0,6,6,6.0,0.0,0.0,0,0,0,0,1,0,0,0,0,7.2,6.0,0.0,100,0,0,0,0,0,0,5,30,0,0,256,-1,4,20,0.0,0.0,0,0,0.0,0.0,0,0,DDoS
80,17477493,9,7,331,11632,331,0,36.77778,110.333336,4344,0,1661.7142,1758.4521,684.48035,0.9154631,1165166.2,3131618.8,11500000,16,12500000,1559517.5,4021631.5,11500000,53,16500000,2746393.2,4720730.5,11500000,16,0,0,0,0,304,232,0.514948,0.4005151,0,4344,703.7059,1359.5292,1848319.5,0,0,0,1,0,0,0,0,0,747.6875,36.77778,1661.7142,304,0,0,0,0,0,0,9,331,7,11632,29200,235,1,32,1000157.0,0.0,1000157,1000157,11500000.0,0.0,11500000,11500000,DoS GoldenEye
53,31134,2,2,88,194,44,44,44.0,0.0,97,97,97.0,0.0,9057.622,128.47691,10378.0,17968.295,31126,4,4,4.0,0.0,4,4,4,4.0,0.0,4,4,0,0,0,0,40,40,64.23846,64.23846,44,97,65.2,29.029295,842.7,0,0,0,0,0,0,0,0,1,81.5,44.0,97.0,40,0,0,0,0,0,0,2,88,2,194,-1,-1,1,20,0.0,0.0,0,0,0.0,0.0,0,0,BENIGN
443,5489087,11,6,354,7395,197,0,32.18182,66.52341,2793,0,1232.5,1004.30945,1411.7102,3.0970542,343067.94,1347076.0,5394419,1,5489087,548908.7,1702633.2,5394419,1,36741,7348.2,9794.64,19163,192,0,0,0,0,360,200,2.0039763,1.0930779,0,2793,430.5,799.898,639836.9,0,0,0,1,0,0,0,0,0,455.82352,32.18182,1232.5,360,0,0,0,0,0,0,11,354,6,7395,29200,59,3,32,94650.0,0.0,94650,94650,5394419.0,0.0,5394419,5394419,BENIGN
80,84923281,9,6,321,11595,321,0,35.666668,107.0,5792,0,1932.5,2362.7815,140.31488,0.17663,6065948.5,22400000.0,83900000,1,84900000,10600000.0,29600000.0,83900000,1,62708,12541.6,21265.904,49251,48,0,0,0,0,304,200,0.105978005,0.070652,0,5792,744.75,1664.324,2769974.5,0,0,0,0,1,0,0,0,0,794.4,35.666668,1932.5,304,0,0,0,0,0,0,9,321,6,11595,251,235,1,32,978.0,0.0,978,978,83900000.0,0.0,83900000,83900000,DoS Hulk
49497,74,1,2,6,12,6,6,6.0,0.0,6,6,6.0,0.0,243243.25,40540.54,37.0,16.970562,49,25,0,0.0,0.0,0,0,49,49.0,0.0,49,49,0,0,0,0,20,40,13513.514,27027.027,6,6,6.0,0.0,0.0,0,0,0,0,1,1,0,0,2,8.0,6.0,6.0,20,0,0,0,0,0,0,1,6,2,12,2049,252,0,20,0.0,0.0,0,0,0.0,0.0,0,0,BENIGN
5080,64,1,1,2,6,2,2,2.0,0.0,6,6,6.0,0.0,125000.0,31250.0,64.0,0.0,64,64,0,0.0,0.0,0,0,0,0.0,0.0,0,0,0,0,0,0,24,20,15625.0,15625.0,2,6,3.3333333,2.309401,5.3333335,0,0,0,1,0,0,0,0,1,5.0,2.0,6.0,24,0,0,0,0,0,0,1,2,1,6,1024,0,0,24,0.0,0.0,0,0,0.0,0.0,0,0,PortScan
443,5428336,9,6,383,6968,196,0,42.555557,69.941246,2920,0,1161.3334,1050.7991,1354.1903,2.7632778,387738.28,1360042.6,5109703,3,5428336,678542.0,1791923.4,5109703,3,100950,20190.0,32254.645,74315,192,0,0,0,0,192,132,1.6579666,1.105311,0,2920,459.4375,828.29834,686078.1,0,0,0,1,0,0,0,0,0,490.06668,42.555557,1161.3334,192,0,0,0,0,0,0,9,383,6,6968,8192,60,8,20,318630.0,0.0,318630,318630,5109703.0,0.0,5109703,5109703,BENIGN
7627,13,1,1,2,6,2,2,2.0,0.0,6,6,6.0,0.0,615384.6,153846.16,13.0,0.0,13,13,0,0.0,0.0,0,0,0,0.0,0.0,0,0,0,0,0,0,24,20,76923.08,76923.08,2,6,3.3333333,2.309401,5.3333335,0,0,0,1,0,0,0,0,1,5.0,2.0,6.0,24,0,0,0,0,0,0,1,2,1,6,1024,0,0,24,0.0,0.0,0,0,0.0,0.0,0,0,PortScan
53,139,2,2,70,102,35,35,35.0,0.0,51,51,51.0,0.0,1237410.1,28776.979,46.333332,74.19119,132,3,4,4.0,0.0,4,4,3,3.0,0.0,3,3,0,0,0,0,64,64,14388.489,14388.489,35,51,41.4,8.763561,76.8,0,0,0,0,0,0,0,0,1,51.75,35.0,51.0,64,0,0,0,0,0,0,2,70,2,102,-1,-1,1,32,0.0,0.0,0,0,0.0,0.0,0,0,BENIGN
38890,1,2,0,12,0,6,6,6.0,0.0,0,0,0.0,0.0,12000000.0,2000000.0,1.0,0.0,1,1,1,1.0,0.0,1,1,0,0.0,0.0,0,0,0,0,0,0,40,0,2000000.0,0.0,6,6,6.0,0.0,0.0,0,0,0,0,1,0,0,0,0,9.0,6.0,0.0,40,0,0,0,0,0,0,2,12,0,0,119,-1,1,20,0.0,0.0,0,0,0.0,0.0,0,0,BENIGN
80,57340,3,4,26,11601,20,0,8.666667,10.263203,5840,0,2900.25,3345.637,202772.94,122.07883,9556.667,19563.113,48990,5,7997,3998.5,5647.6616,7992,5,57187,19062.334,26211.018,48990,191,0,0,0,0,72,92,52.319496,69.75933,0,5840,1453.375,2681.3564,7189672.5,0,0,0,1,0,0,0,0,1,1661.0,8.666667,2900.25,72,0,0,0,0,0,0,3,26,4,11601,8192,229,2,20,0.0,0.0,0,0,0.0,0.0,0,0,DDoS
80,9868471,4,0,24,0,6,6,6.0,0.0,0,0,0.0,0.0,2.4319878,0.40533128,3289490.2,5696941.5,9867752,197,9868471,3289490.2,5696941.5,9867752,197,0,0.0,0.0,0,0,0,0,0,0,80,0,0.40533128,0.0,6,6,6.0,0.0,0.0,0,0,0,0,1,0,0,0,0,7.5,6.0,0.0,80,0,0,0,0,0,0,4,24,0,0,256,-1,3,20,719.0,0.0,719,719,9867752.0,0.0,9867752,9867752,DDoS
53,159,2,2,88,120,44,44,44.0,0.0,60,60,60.0,0.0,1308176.1,25157.232,53.0,52.67827,108,3,3,3.0,0.0,3,3,48,48.0,0.0,48,48,0,0,0,0,40,40,12578.616,12578.616,44,60,50.4,8.763561,76.8,0,0,0,0,0,0,0,0,1,63.0,44.0,60.0,40,0,0,0,0,0,0,2,88,2,120,-1,-1,1,20,0.0,0.0,0,0,0.0,0.0,0,0,BENIGN
80,248776,3,5,26,11607,20,0,8.666667,10.263203,5840,0,2321.4,3173.3738,46760.94,32.157444,35539.43,93603.66,247812,4,722,361.0,441.23462,673,49,248736,62184.0,123752.41,247812,4,0,0,0,0,72,112,12.059041,20.098402,0,5840,1292.5555,2554.1592,6523729.5,0,0,0,1,0,0,0,0,1,1454.125,8.666667,2321.4,72,0,0,0,0,0,0,3,26,5,11607,8192,229,2,20,0.0,0.0,0,0,0.0,0.0,0,0,DDoS
80,98976752,5,7,333,11595,321,0,66.6,142.24556,7240,0,1656.4286,2566.8853,120.513145,0.12124059,8997887.0,29800000.0,98900000,5,98900000,24700000.0,49400000.0,98900000,5,99000000,16500000.0,40400000.0,98900000,71,0,0,0,0,144,232,0.050516915,0.07072368,0,7240,918.0,1997.6533,3990618.8,1,0,0,0,0,0,0,0,1,994.5,66.6,1656.4286,144,0,0,0,0,0,0,5,333,7,11595,0,235,2,20,19029.0,0.0,19029,19029,98900000.0,0.0,98900000,98900000,DoS Hulk
3659,47,1,1,2,6,2,2,2.0,0.0,6,6,6.0,0.0,170212.77,42553.19,47.0,0.0,47,47,0,0.0,0.0,0,0,0,0.0,0.0,0,0,0,0,0,0,24,20,21276.596,21276.596,2,6,3.3333333,2.309401,5.3333335,0,0,0,1,0,0,0,0,1,5.0,2.0,6.0,24,0,0,0,0,0,0,1,2,1,6,1024,0,0,24,0.0,0.0,0,0,0.0,0.0,0,0,PortScan
53,35771,2,2,68,228,34,34,34.0,0.0,114,114,114.0,0.0,8274.859,111.822426,11923.667,20608.242,35720,2,49,49.0,0.0,49,49,2,2.0,0.0,2,2,0,0,0,0,64,64,55.911213,55.911213,34,114,66.0,43.817806,1920.0,0,0,0,0,0,0,0,0,1,82.5,34.0,114.0,64,0,0,0,0,0,0,2,68,2,228,-1,-1,1,32,0.0,0.0,0,0,0.0,0.0,0,0,BENIGN
34571,23,1,1,2,6,2,2,2.0,0.0,6,6,6.0,0.0,347826.1,86956.52,23.0,0.0,23,23,0,0.0,0.0,0,0,0,0.0,0.0,0,0,0,0,0,0,24,20,43478.26,43478.26,2,6,3.3333333,2.309401,5.3333335,0,0,0,1,0,0,0,0,1,5.0,2.0,6.0,24,0,0,0,0,0,0,1,2,1,6,1024,0,0,24,0.0,0.0,0,0,0.0,0.0,0,0,PortScan
9050,53,1,1,2,6,2,2,2.0,0.0,6,6,6.0,0.0,150943.39,37735.848,53.0,0.0,53,53,0,0.0,0.0,0,0,0,0.0,0.0,0,0,0,0,0,0,24,20,18867.924,18867.924,2,6,3.3333333,2.309401,5.3333335,0,0,0,1,0,0,0,0,1,5.0,2.0,6.0,24,0,0,0,0,0,0,1,2,1,6,1024,0,0,24,0.0,0.0,0,0,0.0,0.0,0,0,PortScan
1046,40,1,1,2,6,2,2,2.0,0.0,6,6,6.0,0.0,200000.0,50000.0,40.0,0.0,40,40,0,0.0,0.0,0,0,0,0.0,0.0,0,0,0,0,0,0,24,20,25000.0,25000.0,2,6,3.3333333,2.309401,5.3333335,0,0,0,1,0,0,0,0,1,5.0,2.0,6.0,24,0,0,0,0,0,0,1,2,1,6,1024,0,0,24,0.0,0.0,0,0,0.0,0.0,0,0,PortScan
53,48118,2,2,76,262,38,38,38.0,0.0,131,131,131.0,0.0,7024.3984,83.128975,16039.333,27774.879,48111,3,3,3.0,0.0,3,3,4,4.0,0.0,4,4,0,0,0,0,40,40,41.564487,41.564487,38,131,75.2,50.938198,2594.7,0,0,0,0,0,0,0,0,1,94.0,38.0,131.0,40,0,0,0,0,0,0,2,76,2,262,-1,-1,1,20,0.0,0.0,0,0,0.0,0.0,0,0,BENIGN
443,180943,7,5,376,3508,201,0,53.714287,78.68654,1460,0,701.6,731.56464,21465.324,66.31923,16449.363,34040.516,85231,48,180943,30157.166,44341.504,89357,125,89560,22390.0,42127.73,85530,48,0,0,0,0,152,112,38.686214,27.63301,0,1460,298.76923,539.97577,291573.84,0,0,0,1,0,0,0,0,0,323.66666,53.714287,701.6,152,0,0,0,0,0,0,7,376,5,3508,8192,60,6,20,0.0,0.0,0,0,0.0,0.0,0,0,BENIGN
27715,7,1,1,2,6,2,2,2.0,0.0,6,6,6.0,0.0,1142857.1,285714.28,7.0,0.0,7,7,0,0.0,0.0,0,0,0,0.0,0.0,0,0,0,0,0,0,24,20,142857.14,142857.14,2,6,3.3333333,2.309401,5.3333335,0,0,0,1,0,0,0,0,1,5.0,2.0,6.0,24,0,0,0,0,0,0,1,2,1,6,1024,0,0,24,0.0,0.0,0,0,0.0,0.0,0,0,PortScan
5902,76,1,1,0,6,0,0,0.0,0.0,6,6,6.0,0.0,78947.37,26315.79,76.0,0.0,76,76,0,0.0,0.0,0,0,0,0.0,0.0,0,0,0,0,0,0,40,20,13157.895,13157.895,0,6,2.0,3.4641016,12.0,0,0,0,1,0,0,0,0,1,3.0,0.0,6.0,40,0,0,0,0,0,0,1,0,1,6,29200,0,0,40,0.0,0.0,0,0,0.0,0.0,0,0,PortScan
80,5139816,3,1,12,0,6,0,4.0,3.4641016,0,0,0.0,0.0,2.334714,0.778238,1713272.0,2935562.0,5102900,3,5139816,2569908.0,3582191.8,5102900,36916,0,0.0,0.0,0,0,0,0,0,0,72,32,0.5836785,0.1945595,0,6,2.4,3.2863352,10.8,0,0,0,1,0,0,0,0,0,3.0,4.0,0.0,72,0,0,0,0,0,0,3,12,1,0,8192,29200,2,20,0.0,0.0,0,0,0.0,0.0,0,0,BENIGN
53,29566,2,2,68,422,34,34,34.0,0.0,211,211,211.0,0.0,16573.09,135.29054,9855.333,17064.742,29560,3,3,3.0,0.0,3,3,3,3.0,0.0,3,3,0,0,0,0,64,64,67.64527,67.64527,34,211,104.8,96.94689,9398.7,0,0,0,0,0,0,0,0,1,131.0,34.0,211.0,64,0,0,0,0,0,0,2,68,2,422,-1,-1,1,32,0.0,0.0,0,0,0.0,0.0,0,0,BENIGN
10243,33,1,1,0,6,0,0,0.0,0.0,6,6,6.0,0.0,181818.19,60606.062,33.0,0.0,33,33,0,0.0,0.0,0,0,0,0.0,0.0,0,0,0,0,0,0,40,20,30303.031,30303.031,0,6,2.0,3.4641016,12.0,0,0,0,1,0,0,0,0,1,3.0,0.0,6.0,40,0,0,0,0,0,0,1,0,1,6,29200,0,0,40,0.0,0.0,0,0,0.0,0.0,0,0,PortScan
179,40,1,1,2,6,2,2,2.0,0.0,6,6,6.0,0.0,200000.0,50000.0,40.0,0.0,40,40,0,0.0,0.0,0,0,0,0.0,0.0,0,0,0,0,0,0,24,20,25000.0,25000.0,2,6,3.3333333,2.309401,5.3333335,0,0,0,1,0,0,0,0,1,5.0,2.0,6.0,24,0,0,0,0,0,0,1,2,1,6,1024,0,0,24,0.0,0.0,0,0,0.0,0.0,0,0,PortScan
59160,218,1,2,0,0,0,0,0.0,0.0,0,0,0.0,0.0,0.0,13761.468,109.0,151.32085,216,2,0,0.0,0.0,0,0,2,2.0,0.0,2,2,0,0,0,0,32,64,4587.156,9174.312,0,0,0.0,0.0,0.0,0,0,0,0,1,1,0,0,2,0.0,0.0,0.0,32,0,0,0,0,0,0,1,0,2,0,395,229,0,32,0.0,0.0,0,0,0.0,0.0,0,0,BENIGN
80,8030299,8,5,56,11607,20,0,7.0,5.656854,7215,0,2321.4,3327.7698,1452.3743,1.6188687,669191.56,1768941.9,6056953,1,7835769,1119395.6,2272495.0,6056953,1,195342,48835.5,97039.164,194393,3,0,0,0,0,172,112,0.9962269,0.6226418,0,7215,833.5,2175.3025,4731941.5,0,0,0,0,1,0,0,0,0,897.61536,7.0,2321.4,172,0,0,0,0,0,0,8,56,5,11607,256,229,6,20,1777975.0,0.0,1777975,1777975,6056953.0,0.0,6056953,6056953,DDoS
80,86546845,10,6,312,11595,312,0,31.2,98.66306,5792,0,1932.5,2537.82,137.57867,0.18487097,5769789.5,22100000.0,85500000,1,86500000,9616283.0,28500000.0,85500000,1,2170,434.0,824.4625,1905,3,0,0,0,0,336,200,0.115544364,0.06932662,0,5792,700.41174,1702.3428,2897971.0,0,0,0,0,1,0,0,0,0,744.1875,31.2,1932.5,336,0,0,0,0,0,0,10,312,6,11595,251,235,1,32,995.0,0.0,995,995,85500000.0,0.0,85500000,85500000,DoS Hulk
80,99749360,7,7,361,11595,355,0,51.57143,133.8181,5792,0,1656.4286,2120.7322,119.86042,0.14035177,7673027.5,27600000.0,99600000,0,99600000,16600000.0,40600000.0,99600000,0,176889,29481.5,71144.555,174697,2,0,0,0,0,220,232,0.070175886,0.070175886,0,5792,797.06665,1621.015,2627689.5,0,0,0,0,1,0,0,0,1,854.0,51.57143,1656.4286,220,0,0,0,0,0,0,7,361,7,11595,274,235,2,20,3007.0,0.0,3007,3007,99600000.0,0.0,99600000,99600000,DoS Hulk
80,61493613,12,11,1138,1537,554,0,94.833336,208.94098,830,0,139.72728,309.39233,43.500454,0.37402257,2795164.2,4515709.5,10000000,54,61100000,5556752.0,5151898.5,10100000,19662,61400000,6144281.5,5047183.0,10100000,5501,0,0,0,0,252,304,0.19514222,0.17888036,0,830,111.458336,252.12022,63564.605,0,0,0,1,0,0,0,0,0,116.304344,94.833336,139.72728,252,0,0,0,0,0,0,12,1138,11,1537,8192,114,11,20,191229.67,344420.97,894276,50513,9996149.0,10028.211,10000000,9975691,BENIGN
53,258650,1,1,49,101,49,49,49.0,0.0,101,101,101.0,0.0,579.93427,7.732457,258650.0,0.0,258650,258650,0,0.0,0.0,0,0,0,0.0,0.0,0,0,0,0,0,0,20,20,3.8662286,3.8662286,49,101,66.333336,30.022215,901.3333,0,0,0,0,0,0,0,0,1,99.5,49.0,101.0,20,0,0,0,0,0,0,1,49,1,101,-1,-1,0,20,0.0,0.0,0,0,0.0,0.0,0,0,BENIGN
7106,44,1,1,0,6,0,0,0.0,0.0,6,6,6.0,0.0,136363.64,45454.547,44.0,0.0,44,44,0,0.0,0.0,0,0,0,0.0,0.0,0,0,0,0,0,0,40,20,22727.273,22727.273,0,6,2.0,3.4641016,12.0,0,0,0,1,0,0,0,0,1,3.0,0.0,6.0,40,0,0,0,0,0,0,1,0,1,6,29200,0,0,40,0.0,0.0,0,0,0.0,0.0,0,0,PortScan
49443,26,1,1,0,0,0,0,0.0,0.0,0,0,0.0,0.0,0.0,76923.08,26.0,0.0,26,26,0,0.0,0.0,0,0,0,0.0,0.0,0,0,0,0,0,0,32,32,38461.54,38461.54,0,0,0.0,0.0,0.0,0,0,0,0,1,1,0,0,1,0.0,0.0,0.0,32,0,0,0,0,0,0,1,0,1,0,119,33304,0,32,0.0,0.0,0,0,0.0,0.0,0,0,BENIGN
80,85016260,9,7,377,11595,377,0,41.88889,125.666664,4344,0,1656.4286,1547.7377,140.82011,0.1881993,5667750.5,21900000.0,84900000,1,84900000,10600000.0,30000000.0,84900000,1,150611,25101.834,54667.92,136114,48,0,0,0,0,296,232,0.1058621,0.08233719,0,4344,704.2353,1257.2357,1580641.6,0,0,0,0,1,0,0,0,0,748.25,41.88889,1656.4286,296,0,0,0,0,0,0,9,377,7,11595,251,235,1,32,1008.0,0.0,1008,1008,84900000.0,0.0,84900000,84900000,DoS Hulk
80,14319,2,2,12,0,6,6,6.0,0.0,0,0,0.0,0.0,838.04736,279.34912,4773.0,6566.9316,12269,34,2050,2050.0,0.0,2050,2050,14285,14285.0,0.0,14285,14285,0,0,0,0,40,64,139.67456,139.67456,0,6,3.6,3.2863352,10.8,1,0,0,0,0,0,0,0,1,4.5,6.0,0.0,40,0,0,0,0,0,0,2,12,2,0,0,235,1,20,0.0,0.0,0,0,0.0,0.0,0,0,DoS Hulk
21,251,2,1,14,0,14,0,7.0,9.899495,0,0,0.0,0.0,55776.89,11952.191,125.5,98.28784,195,56,251,251.0,0.0,251,251,0,0.0,0.0,0,0,1,0,0,0,64,20,7968.1274,3984.0637,0,14,7.0,8.082904,65.333336,0,1,0,0,1,0,0,0,0,9.333333,7.0,0.0,64,0,0,0,0,0,0,2,14,1,0,229,0,0,32,0.0,0.0,0,0,0.0,0.0,0,0,FTP-Patator
443,86849795,22,22,1937,7260,586,0,88.045456,156.31941,1418,0,330.0,488.4201,105.89547,0.5066218,2019762.6,9774585.0,58600000,1,86800000,4135704.5,13900000.0,58700000,54,59400000,2829097.5,12800000.0,58700000,1,0,0,0,0,724,712,0.2533109,0.2533109,0,1418,204.37778,375.6652,141124.33,0,0,0,1,0,0,0,0,1,209.02272,88.045456,330.0,724,0,0,0,0,0,0,22,1937,22,7260,29200,376,10,32,763020.0,0.0,763020,763020,58600000.0,0.0,58600000,58600000,BENIGN
443,70449965,17,15,3808,4399,1448,0,224.0,476.32697,2896,0,293.26666,772.49664,116.494026,0.45422307,2272579.5,4240681.0,10000000,2,60600000,3784845.0,5004297.0,10100000,2,70400000,5030420.5,5177237.0,10100000,2,0,0,0,0,552,476,0.241306,0.21291707,0,2896,248.69698,614.58136,377710.28,0,0,0,1,0,0,0,0,0,256.46875,224.0,293.26666,552,0,0,0,0,0,0,17,3808,15,4399,29200,8188,5,32,67484.86,110211.32,317353,23160,9996796.0,57158.613,10000000,9869286,BENIGN
691,45,1,1,0,6,0,0,0.0,0.0,6,6,6.0,0.0,133333.33,44444.445,45.0,0.0,45,45,0,0.0,0.0,0,0,0,0.0,0.0,0,0,0,0,0,0,40,20,22222.223,22222.223,0,6,2.0,3.4641016,12.0,0,0,0,1,0,0,0,0,1,3.0,0.0,6.0,40,0,0,0,0,0,0,1,0,1,6,29200,0,0,40,0.0,0.0,0,0,0.0,0.0,0,0,PortScan
53,49227,2,2,86,130,43,43,43.0,0.0,65,65,65.0,0.0,4387.836,81.25622,16409.0,28417.758,49223,0,0,0.0,0.0,0,0,4,4.0,0.0,4,4,0,0,0,0,64,40,40.62811,40.62811,43,65,51.8,12.049896,145.2,0,0,0,0,0,0,0,0,1,64.75,43.0,65.0,64,0,0,0,0,0,0,2,86,2,130,-1,-1,1,32,0.0,0.0,0,0,0.0,0.0,0,0,BENIGN
80,8022666,4,0,24,0,6,6,6.0,0.0,0,0,0.0,0.0,2.9915242,0.49858737,2674222.0,4631031.0,8021676,3,8022666,2674222.0,4631031.0,8021676,3,0,0.0,0.0,0,0,0,0,0,0,80,0,0.49858737,0.0,6,6,6.0,0.0,0.0,0,0,0,0,1,0,0,0,0,7.5,6.0,0.0,80,0,0,0,0,0,0,4,24,0,0,256,-1,3,20,990.0,0.0,990,990,8021676.0,0.0,8021676,8021676,DDoS
389,10,1,1,0,6,0,0,0.0,0.0,6,6,6.0,0.0,600000.0,200000.0,10.0,0.0,10,10,0,0.0,0.0,0,0,0,0.0,0.0,0,0,0,0,0,0,40,20,100000.0,100000.0,0,6,2.0,3.4641016,12.0,0,0,0,1,0,0,0,0,1,3.0,0.0,6.0,40,0,0,0,0,0,0,1,0,1,6,29200,0,0,40,0.0,0.0,0,0,0.0,0.0,0,0,PortScan
80,2709,5,0,0,0,0,0,0.0,0.0,0,0,0.0,0.0,0.0,1845.6995,677.25,744.0391,1790,234,2709,677.25,744.0391,1790,234,0,0.0,0.0,0,0,0,0,0,0,160,0,1845.6995,0.0,0,0,0.0,0.0,0.0,0,0,0,0,1,0,0,0,0,0.0,0.0,0.0,160,0,0,0,0,0,0,5,0,0,0,274,-1,0,32,0.0,0.0,0,0,0.0,0.0,0,0,DoS Hulk
80,3002585,3,0,0,0,0,0,0.0,0.0,0,0,0.0,0.0,0.0,0.9991391,1501292.5,710900.44,2003975,998610,3002585,1501292.5,710900.44,2003975,998610,0,0.0,0.0,0,0,0,0,0,0,120,0,0.9991391,0.0,0,0,0.0,0.0,0.0,0,0,0,1,0,0,0,0,0,0.0,0.0,0.0,120,0,0,0,0,0,0,3,0,0,0,29200,-1,0,40,0.0,0.0,0,0,0.0,0.0,0,0,DoS slowloris
80,1000178,4,6,366,11595,366,0,91.5,183.0,5792,0,1932.5,2537.82,11958.871,9.99822,111130.89,332812.66,998631,2,999868,333289.34,576202.9,998631,247,1476,295.2,532.9462,1245,2,0,0,0,0,144,200,3.999288,5.9989324,0,5792,1087.3636,2042.9878,4173799.2,0,0,0,1,0,0,0,0,1,1196.1,91.5,1932.5,144,0,0,0,0,0,0,4,366,6,11595,29200,235,1,32,0.0,0.0,0,0,0.0,0.0,0,0,DoS Hulk
80,22193602,2,0,0,0,0,0,0.0,0.0,0,0,0.0,0.0,0.0,0.09011606,22200000.0,0.0,22200000,22200000,22200000,22200000.0,0.0,22200000,22200000,0,0.0,0.0,0,0,0,0,0,0,64,0,0.09011606,0.0,0,0,0.0,0.0,0.0,0,0,0,0,1,0,0,0,0,0.0,0.0,0.0,64,0,0,0,0,0,0,2,0,0,0,410,-1,0,32,0.0,0.0,0,0,22200000.0,0.0,22200000,22200000,DoS GoldenEye
80,14531,2,2,12,0,6,6,6.0,0.0,0,0,0.0,0.0,825.8207,275.27356,4843.6665,7974.269,14049,53,482,482.0,0.0,482,482,14478,14478.0,0.0,14478,14478,0,0,0,0,40,64,137.63678,137.63678,0,6,3.6,3.2863352,10.8,1,0,0,0,0,0,0,0,1,4.5,6.0,0.0,40,0,0,0,0,0,0,2,12,2,0,0,235,1,20,0.0,0.0,0,0,0.0,0.0,0,0,DoS Hulk
80,98776701,7,6,351,11595,351,0,50.142857,132.66553,5792,0,1932.5,2181.0083,120.93945,0.13160999,8231392.0,28500000.0,98600000,3,98600000,16400000.0,40300000.0,98600000,3,147461,29492.2,59822.934,136173,47,0,0,0,0,232,200,0.07086691,0.060743067,0,5792,853.2857,1666.8988,2778551.5,0,0,0,0,1,0,0,0,0,918.9231,50.142857,1932.5,232,0,0,0,0,0,0,7,351,6,11595,251,235,1,32,996.0,0.0,996,996,98600000.0,0.0,98600000,98600000,DoS Hulk
62151,4,2,0,12,0,6,6,6.0,0.0,0,0,0.0,0.0,3000000.0,500000.0,4.0,0.0,4,4,4,4.0,0.0,4,4,0,0.0,0.0,0,0,0,0,0,0,40,0,500000.0,0.0,6,6,6.0,0.0,0.0,0,0,0,0,1,0,0,0,0,9.0,6.0,0.0,40,0,0,0,0,0,0,2,12,0,0,127,-1,1,20,0.0,0.0,0,0,0.0,0.0,0,0,BENIGN
443,4128675,5,1,123,46,46,0,24.6,23.276598,46,46,46.0,0.0,40.933228,1.4532508,825735.0,1818641.8,4078919,22,4128675,1032168.75,2031217.6,4078919,22,0,0.0,0.0,0,0,1,0,0,0,160,32,1.2110423,0.24220845,0,46,30.714285,21.684975,470.2381,0,1,0,0,1,0,0,0,0,35.833332,24.6,46.0,160,0,0,0,0,0,0,5,123,1,46,328,122,2,32,0.0,0.0,0,0,0.0,0.0,0,0,BENIGN
1164,50,1,1,2,6,2,2,2.0,0.0,6,6,6.0,0.0,160000.0,40000.0,50.0,0.0,50,50,0,0.0,0.0,0,0,0,0.0,0.0,0,0,0,0,0,0,24,20,20000.0,20000.0,2,6,3.3333333,2.309401,5.3333335,0,0,0,1,0,0,0,0,1,5.0,2.0,6.0,24,0,0,0,0,0,0,1,2,1,6,1024,0,0,24,0.0,0.0,0,0,0.0,0.0,0,0,PortScan
5859,44,1,1,2,6,2,2,2.0,0.0,6,6,6.0,0.0,181818.19,45454.547,44.0,0.0,44,44,0,0.0,0.0,0,0,0,0.0,0.0,0,0,0,0,0,0,24,20,22727.273,22727.273,2,6,3.3333333,2.309401,5.3333335,0,0,0,1,0,0,0,0,1,5.0,2.0,6.0,24,0,0,0,0,0,0,1,2,1,6,1024,0,0,24,0.0,0.0,0,0,0.0,0.0,0,0,PortScan
53,162,2,2,70,198,35,35,35.0,0.0,99,99,99.0,0.0,1654321.0,24691.357,54.0,87.46999,155,3,3,3.0,0.0,3,3,4,4.0,0.0,4,4,0,0,0,0,40,40,12345.679,12345.679,35,99,60.6,35.054245,1228.8,0,0,0,0,0,0,0,0,1,75.75,35.0,99.0,40,0,0,0,0,0,0,2,70,2,198,-1,-1,1,20,0.0,0.0,0,0,0.0,0.0,0,0,BENIGN
1500,46,1,1,0,6,0,0,0.0,0.0,6,6,6.0,0.0,130434.78,43478.26,46.0,0.0,46,46,0,0.0,0.0,0,0,0,0.0,0.0,0,0,0,0,0,0,40,20,21739.13,21739.13,0,6,2.0,3.4641016,12.0,0,0,0,1,0,0,0,0,1,3.0,0.0,6.0,40,0,0,0,0,0,0,1,0,1,6,29200,0,0,40,0.0,0.0,0,0,0.0,0.0,0,0,PortScan
1163,55,1,1,2,6,2,2,2.0,0.0,6,6,6.0,0.0,145454.55,36363.637,55.0,0.0,55,55,0,0.0,0.0,0,0,0,0.0,0.0,0,0,0,0,0,0,24,20,18181.818,18181.818,2,6,3.3333333,2.309401,5.3333335,0,0,0,1,0,0,0,0,1,5.0,2.0,6.0,24,0,0,0,0,0,0,1,2,1,6,1024,0,0,24,0.0,0.0,0,0,0.0,0.0,0,0,PortScan
21,258,2,1,14,0,14,0,7.0,9.899495,0,0,0.0,0.0,54263.566,11627.907,129.0,55.154327,168,90,258,258.0,0.0,258,258,0,0.0,0.0,0,0,1,0,0,0,64,20,7751.938,3875.969,0,14,7.0,8.082904,65.333336,0,1,0,0,1,0,0,0,0,9.333333,7.0,0.0,64,0,0,0,0,0,0,2,14,1,0,229,0,0,32,0.0,0.0,0,0,0.0,0.0,0,0,FTP-Patator
80,98250316,6,6,335,11595,335,0,55.833332,136.76318,5792,0,1932.5,2534.0515,121.424545,0.12213701,8931847.0,29600000.0,98200000,1,98200000,19600000.0,43900000.0,98200000,1,4843,968.6,1720.8357,4027,47,0,0,0,0,200,200,0.061068505,0.061068505,0,5792,917.6923,1907.8474,3639881.8,0,0,0,0,1,0,0,0,1,994.1667,55.833332,1932.5,200,0,0,0,0,0,0,6,335,6,11595,274,235,1,32,4.0,0.0,4,4,98200000.0,0.0,98200000,98200000,DoS Hulk
80,98379037,6,6,333,11595,333,0,55.5,135.94669,4344,0,1932.5,2178.085,121.24534,0.1219772,8943549.0,29600000.0,98300000,1,98300000,19700000.0,44000000.0,98300000,1,59770,11954.0,20853.621,48292,67,0,0,0,0,200,200,0.0609886,0.0609886,0,4344,917.53845,1714.9854,2941175.0,0,0,0,0,1,0,0,0,1,994.0,55.5,1932.5,200,0,0,0,0,0,0,6,333,6,11595,274,235,1,32,4.0,0.0,4,4,98300000.0,0.0,98300000,98300000,DoS Hulk
53,197,2,2,80,112,40,40,40.0,0.0,56,56,56.0,0.0,974619.3,20304.568,65.666664,30.6159,101,47,47,47.0,0.0,47,47,49,49.0,0.0,49,49,0,0,0,0,40,40,10152.284,10152.284,40,56,46.4,8.763561,76.8,0,0,0,0,0,0,0,0,1,58.0,40.0,56.0,40,0,0,0,0,0,0,2,80,2,112,-1,-1,1,20,0.0,0.0,0,0,0.0,0.0,0,0,BENIGN
80,10333618,164,255,2977,503691,292,0,18.15244,57.91263,4380,0,1975.2588,944.9925,49031.035,40.54727,24721.574,475447.34,9718301,1,615317,3774.951,21163.633,260289,48,10300000,40605.777,626031.4,9978308,1,0,0,0,0,3292,5112,15.87053,24.676739,0,4380,1206.3524,1207.6975,1458533.2,0,0,0,1,0,0,0,0,1,1209.2314,18.15244,1975.2588,3292,0,0,0,0,0,0,164,2977,255,503691,8192,31,163,20,0.0,0.0,0,0,0.0,0.0,0,0,BENIGN
80,1116713,3,5,26,11601,20,0,8.666667,10.263203,5840,0,2320.2,2436.833,10411.807,7.163882,159530.42,414043.44,1098393,44,17902,8951.0,10917.729,16671,1231,1116555,279138.75,546232.5,1098393,183,0,0,0,0,72,112,2.6864557,4.477426,0,5840,1291.8889,2110.9507,4456113.0,0,0,0,1,0,0,0,0,1,1453.375,8.666667,2320.2,72,0,0,0,0,0,0,3,26,5,11601,8192,229,2,20,0.0,0.0,0,0,0.0,0.0,0,0,DDoS
80,19572,2,1,12,0,6,6,6.0,0.0,0,0,0.0,0.0,613.1208,153.2802,9786.0,11572.51,17969,1603,1603,1603.0,0.0,1603,1603,0,0.0,0.0,0,0,0,0,0,0,40,32,102.1868,51.0934,0,6,4.5,3.0,9.0,1,0,0,0,0,0,0,0,0,6.0,6.0,0.0,40,0,0,0,0,0,0,2,12,1,0,0,235,1,20,0.0,0.0,0,0,0.0,0.0,0,0,DoS Hulk
80,85446045,8,6,614,11595,304,0,76.75,140.27702,5792,0,1932.5,2181.0083,142.88548,0.16384609,6572772.5,23600000.0,85100000,0,85300000,12200000.0,32100000.0,85100000,0,385301,77060.2,108665.73,229900,14,0,0,0,0,252,200,0.093626335,0.07021975,0,5792,813.93335,1613.3124,2602777.0,0,0,0,0,1,0,0,0,0,872.0714,76.75,1932.5,252,0,0,0,0,0,0,8,614,6,11595,274,235,3,20,2016.0,0.0,2016,2016,85100000.0,0.0,85100000,85100000,DoS Hulk
21,8736580,9,15,102,188,23,0,11.333333,9.013878,34,0,12.533334,14.54975,33.193768,2.7470703,379851.3,989218.75,3184674,3,5508879,688609.9,1275100.9,2880558,221,8736462,624033.0,1221445.9,3184674,3,0,0,0,0,296,488,1.0301514,1.716919,0,34,11.6,12.519984,156.75,0,0,0,1,0,0,0,0,1,12.083333,11.333333,12.533334,296,0,0,0,0,0,0,9,102,15,188,29200,227,6,32,0.0,0.0,0,0,0.0,0.0,0,0,FTP-Patator
80,1693147,3,5,26,11607,20,0,8.666667,10.263203,10135,0,2321.4,4413.202,6870.6377,4.7249293,241878.14,639504.94,1692139,4,734,367.0,272.9432,560,174,1693017,423254.25,845923.2,1692139,4,0,0,0,0,72,112,1.7718486,2.953081,0,10135,1292.5555,3350.635,11200000.0,0,0,0,1,0,0,0,0,1,1454.125,8.666667,2321.4,72,0,0,0,0,0,0,3,26,5,11607,8192,229,2,20,0.0,0.0,0,0,0.0,0.0,0,0,DDoS
80,5020638,7,4,973,1430,565,0,139.0,241.6754,1066,0,357.5,502.5359,478.62442,2.1909566,502063.8,1567338.2,4962654,18,5020638,836773.0,2021330.1,4962654,18,18708,6236.0,5195.4946,11318,934,0,0,0,0,232,136,1.3942451,0.7967115,0,1066,200.25,340.23257,115758.2,0,0,0,1,0,0,0,0,0,218.45454,139.0,357.5,232,0,0,0,0,0,0,7,973,4,1430,29200,244,2,32,0.0,0.0,0,0,0.0,0.0,0,0,Web Attack - Brute Force
80,82764408,8,6,56,11607,20,0,7.0,5.656854,4380,0,1934.5,2177.345,140.91806,0.16915484,6366493.0,20900000.0,75600000,3,82600000,11800000.0,28200000.0,75600000,3,142539,28507.8,62527.89,140352,15,0,0,0,0,172,132,0.096659906,0.07249493,0,4380,777.93335,1627.4618,2648631.8,0,0,0,0,1,0,0,0,0,833.5,7.0,1934.5,172,0,0,0,0,0,0,8,56,6,11607,256,229,6,20,9983.0,0.0,9983,9983,41300000.0,48400000.0,75600000,7059824,DDoS
80,715254,3,5,26,11601,20,0,8.666667,10.263203,5840,0,2320.2,2436.833,16255.764,11.184838,102179.14,267524.7,708853,54,5948,2974.0,3312.0881,5316,632,715200,178800.0,353379.16,708853,189,0,0,0,0,72,112,4.194314,6.990524,0,5840,1291.8889,2110.9507,4456113.0,0,0,0,1,0,0,0,0,1,1453.375,8.666667,2320.2,72,0,0,0,0,0,0,3,26,5,11601,8192,229,2,20,0.0,0.0,0,0,0.0,0.0,0,0,DDoS
53,82416,1,1,56,137,56,56,56.0,0.0,137,137,137.0,0.0,2341.7783,24.267132,82416.0,0.0,82416,82416,0,0.0,0.0,0,0,0,0.0,0.0,0,0,0,0,0,0,32,32,12.133566,12.133566,56,137,83.0,46.765373,2187.0,0,0,0,0,0,0,0,0,1,124.5,56.0,137.0,32,0,0,0,0,0,0,1,56,1,137,-1,-1,0,32,0.0,0.0,0,0,0.0,0.0,0,0,BENIGN
2170,20,1,1,2,6,2,2,2.0,0.0,6,6,6.0,0.0,400000.0,100000.0,20.0,0.0,20,20,0,0.0,0.0,0,0,0,0.0,0.0,0,0,0,0,0,0,24,20,50000.0,50000.0,2,6,3.3333333,2.309401,5.3333335,0,0,0,1,0,0,0,0,1,5.0,2.0,6.0,24,0,0,0,0,0,0,1,2,1,6,1024,0,0,24,0.0,0.0,0,0,0.0,0.0,0,0,PortScan
54935,60384,5,2,11601,26,5840,0,2320.2,3174.4692,20,6,13.0,9.899495,192551.0,115.92475,10064.0,16408.197,38869,34,60384,15096.0,18736.572,38869,34,194,194.0,0.0,194,194,0,0,0,0,124,40,82.80339,33.121357,0,5840,1453.375,2681.3564,7189672.5,0,0,0,1,0,0,0,0,0,1661.0,2320.2,13.0,124,0,0,0,0,0,0,5,11601,2,26,8192,256,3,20,0.0,0.0,0,0,0.0,0.0,0,0,BENIGN
53,881160,2,2,88,662,44,44,44.0,0.0,331,331,331.0,0.0,851.15076,4.5394707,293720.0,508732.78,881154,3,3,3.0,0.0,3,3,3,3.0,0.0,3,3,0,0,0,0,64,40,2.2697353,2.2697353,44,331,158.8,157.19638,24710.7,0,0,0,0,0,0,0,0,1,198.5,44.0,331.0,64,0,0,0,0,0,0,2,88,2,662,-1,-1,1,32,0.0,0.0,0,0,0.0,0.0,0,0,BENIGN
80,98892634,7,6,323,11595,323,0,46.142857,122.08253,5792,0,1932.5,2181.0083,120.514534,0.13145569,8241053.0,28500000.0,98800000,1,98800000,16500000.0,40300000.0,98800000,1,137319,27463.8,54784.68,125031,44,0,0,0,0,232,200,0.07078384,0.06067186,0,5792,851.2857,1667.5645,2780771.2,0,0,0,0,1,0,0,0,0,916.7692,46.142857,1932.5,232,0,0,0,0,0,0,7,323,6,11595,251,235,1,32,8.0,0.0,8,8,98800000.0,0.0,98800000,98800000,DoS Hulk
58080,41,1,1,2,6,2,2,2.0,0.0,6,6,6.0,0.0,195121.95,48780.49,41.0,0.0,41,41,0,0.0,0.0,0,0,0,0.0,0.0,0,0,0,0,0,0,24,20,24390.244,24390.244,2,6,3.3333333,2.309401,5.3333335,0,0,0,1,0,0,0,0,1,5.0,2.0,6.0,24,0,0,0,0,0,0,1,2,1,6,1024,0,0,24,0.0,0.0,0,0,0.0,0.0,0,0,PortScan
53,61403,2,2,58,188,29,29,29.0,0.0,94,94,94.0,0.0,4006.3188,65.143394,20467.666,35444.977,61396,3,4,4.0,0.0,4,4,3,3.0,0.0,3,3,0,0,0,0,40,40,32.571697,32.571697,29,94,55.0,35.601967,1267.5,0,0,0,0,0,0,0,0,1,68.75,29.0,94.0,40,0,0,0,0,0,0,2,58,2,188,-1,-1,1,20,0.0,0.0,0,0,0.0,0.0,0,0,BENIGN
80,1019,6,0,0,0,0,0,0.0,0.0,0,0,0.0,0.0,0.0,5888.1255,203.8,454.0338,1016,0,1019,203.8,454.0338,1016,0,0,0.0,0.0,0,0,0,0,0,0,192,0,5888.1255,0.0,0,0,0.0,0.0,0.0,0,0,0,0,1,0,0,0,0,0.0,0.0,0.0,192,0,0,0,0,0,0,6,0,0,0,274,-1,0,32,0.0,0.0,0,0,0.0,0.0,0,0,DoS Hulk
16000,82,1,1,0,6,0,0,0.0,0.0,6,6,6.0,0.0,73170.734,24390.244,82.0,0.0,82,82,0,0.0,0.0,0,0,0,0.0,0.0,0,0,0,0,0,0,40,20,12195.122,12195.122,0,6,2.0,3.4641016,12.0,0,0,0,1,0,0,0,0,1,3.0,0.0,6.0,40,0,0,0,0,0,0,1,0,1,6,29200,0,0,40,0.0,0.0,0,0,0.0,0.0,0,0,PortScan
80,44773,2,5,20,11607,20,0,10.0,14.142136,8760,0,2321.4,3802.3154,259687.77,156.34422,7462.1665,16541.71,41136,4,3292,3292.0,0.0,3292,3292,44643,11160.75,20041.068,41136,4,0,0,0,0,52,112,44.669777,111.674446,0,8760,1453.375,3113.9526,9696701.0,0,0,0,1,0,0,0,0,2,1661.0,10.0,2321.4,52,0,0,0,0,0,0,2,20,5,11607,8192,229,1,20,0.0,0.0,0,0,0.0,0.0,0,0,DDoS
52955,3,1,1,6,6,6,6,6.0,0.0,6,6,6.0,0.0,4000000.0,666666.7,3.0,0.0,3,3,0,0.0,0.0,0,0,0,0.0,0.0,0,0,0,0,0,0,20,20,333333.34,333333.34,6,6,6.0,0.0,0.0,0,0,0,0,1,1,0,0,1,9.0,6.0,6.0,20,0,0,0,0,0,0,1,6,1,6,60,253,0,20,0.0,0.0,0,0,0.0,0.0,0,0,BENIGN
5902,39,1,1,2,6,2,2,2.0,0.0,6,6,6.0,0.0,205128.2,51282.05,39.0,0.0,39,39,0,0.0,0.0,0,0,0,0.0,0.0,0,0,0,0,0,0,24,20,25641.025,25641.025,2,6,3.3333333,2.309401,5.3333335,0,0,0,1,0,0,0,0,1,5.0,2.0,6.0,24,0,0,0,0,0,0,1,2,1,6,1024,0,0,24,0.0,0.0,0,0,0.0,0.0,0,0,PortScan
22,64,1,1,0,0,0,0,0.0,0.0,0,0,0.0,0.0,0.0,31250.0,64.0,0.0,64,64,0,0.0,0.0,0,0,0,0.0,0.0,0,0,0,0,0,0,32,32,15625.0,15625.0,0,0,0.0,0.0,0.0,0,0,0,0,1,1,0,0,1,0.0,0.0,0.0,32,0,0,0,0,0,0,1,0,1,0,259,257,0,32,0.0,0.0,0,0,0.0,0.0,0,0,SSH-Patator
80,170603,3,6,336,11595,336,0,112.0,193.98969,4344,0,1932.5,1754.8314,69934.29,52.754055,21325.375,55825.305,159164,6,11065,5532.5,7815.6514,11059,6,170507,34101.4,70073.6,159164,33,0,0,0,0,104,200,17.584684,35.16937,0,4344,1193.1,1622.1565,2631391.8,0,0,0,1,0,0,0,0,2,1325.6666,112.0,1932.5,104,0,0,0,0,0,0,3,336,6,11595,29200,235,1,32,0.0,0.0,0,0,0.0,0.0,0,0,DoS Hulk
58150,32235,2,1,280,6,274,6,140.0,189.50462,6,6,6.0,0.0,8872.344,93.06654,16117.5,22725.705,32187,48,32235,32235.0,0.0,32235,32235,0,0.0,0.0,0,0,1,0,0,0,40,20,62.04436,31.02218,6,274,140.0,154.72987,23941.334,0,1,0,0,1,0,0,0,0,186.66667,140.0,6.0,40,0,0,0,0,0,0,2,280,1,6,60,0,1,20,0.0,0.0,0,0,0.0,0.0,0,0,BENIGN
80,78573335,8,6,56,11607,20,0,7.0,5.656854,4380,0,1934.5,2177.345,148.43459,0.17817749,6044102.5,21700000.0,78400000,2,78500000,11200000.0,29600000.0,78400000,102,35999,7199.8,15661.118,35210,2,0,0,0,0,172,132,0.10181571,0.07636178,0,4380,777.93335,1627.4618,2648631.8,0,0,0,0,1,0,0,0,0,833.5,7.0,1934.5,172,0,0,0,0,0,0,8,56,6,11607,256,229,6,20,146221.0,0.0,146221,146221,78400000.0,0.0,78400000,78400000,DDoS
80,78415451,9,5,62,11607,20,0,6.888889,5.3019915,5840,0,2321.4,3173.3738,148.80995,0.17853624,6031958.0,19100000.0,69100000,1,77300000,9664316.0,24200000.0,69100000,1,1101674,275418.5,550070.44,1100524,114,0,0,0,0,192,112,0.114773296,0.06376294,0,5840,778.3333,2037.8445,4152810.2,0,0,0,0,1,0,0,0,0,833.9286,6.888889,2321.4,192,0,0,0,0,0,0,9,62,5,11607,256,229,7,20,2040.0,0.0,2040,2040,38700000.0,43100000.0,69100000,8194789,DDoS
47840,57,1,1,0,0,0,0,0.0,0.0,0,0,0.0,0.0,0.0,35087.72,57.0,0.0,57,57,0,0.0,0.0,0,0,0,0.0,0.0,0,0,0,0,0,0,32,32,17543.86,17543.86,0,0,0.0,0.0,0.0,0,0,0,0,1,1,0,0,1,0.0,0.0,0.0,32,0,0,0,0,0,0,1,0,1,0,115,250,0,32,0.0,0.0,0,0,0.0,0.0,0,0,BENIGN
55050,974,5,2,247,12,216,0,49.4,94.094635,6,6,6.0,0.0,265913.75,7186.8584,162.33333,262.99405,664,2,974,243.5,301.77972,664,2,2,2.0,0.0,2,2,0,0,0,0,172,40,5133.47,2053.3882,0,216,32.375,74.93223,5614.8394,0,0,0,0,1,0,0,0,0,37.0,49.4,6.0,172,0,0,0,0,0,0,5,247,2,12,31,0,2,32,0.0,0.0,0,0,0.0,0.0,0,0,BENIGN
80,98339759,6,7,410,11595,392,0,68.333336,158.59088,4344,0,1656.4286,1760.5973,122.07677,0.13219476,8194980.0,28400000.0,98300000,1,98300000,19700000.0,44000000.0,98300000,1,98300000,16400000.0,40100000.0,98300000,15,0,0,0,0,164,232,0.06101296,0.07118179,0,4344,857.9286,1458.4958,2127210.2,1,0,0,0,0,0,0,0,1,923.9231,68.333336,1656.4286,164,0,0,0,0,0,0,6,410,7,11595,0,235,3,20,11017.0,0.0,11017,11017,98300000.0,0.0,98300000,98300000,DoS Hulk
80,72459132,8,5,56,11601,20,0,7.0,5.656854,5840,0,2320.2,2436.833,160.87689,0.17941147,6038261.0,17700000.0,61500000,1,72300000,10300000.0,22900000.0,61500000,1,186175,46543.75,88718.98,179566,169,0,0,0,0,172,112,0.11040706,0.06900442,0,5840,833.0714,1774.9062,3150292.5,0,0,0,0,1,0,0,0,0,897.1539,7.0,2320.2,172,0,0,0,0,0,0,8,56,5,11601,256,229,6,20,3.0,0.0,3,3,36100000.0,35900000.0,61500000,10700000,DDoS
6792,47,1,1,0,6,0,0,0.0,0.0,6,6,6.0,0.0,127659.58,42553.19,47.0,0.0,47,47,0,0.0,0.0,0,0,0,0.0,0.0,0,0,0,0,0,0,40,20,21276.596,21276.596,0,6,2.0,3.4641016,12.0,0,0,0,1,0,0,0,0,1,3.0,0.0,6.0,40,0,0,0,0,0,0,1,0,1,6,29200,0,0,40,0.0,0.0,0,0,0.0,0.0,0,0,PortScan
80,98397751,6,6,309,11595,309,0,51.5,126.14872,5792,0,1932.5,2181.0083,120.97838,0.12195401,8945250.0,29700000.0,98400000,3,98400000,19700000.0,44000000.0,98400000,3,43499,8699.8,14364.278,33228,45,0,0,0,0,200,200,0.060977004,0.060977004,0,5792,915.6923,1717.2264,2948866.8,0,0,0,0,1,0,0,0,1,992.0,51.5,1932.5,200,0,0,0,0,0,0,6,309,6,11595,274,235,1,32,1000.0,0.0,1000,1000,98400000.0,0.0,98400000,98400000,DoS Hulk
80,12725,2,2,12,0,6,6,6.0,0.0,0,0,0.0,0.0,943.0255,314.34186,4241.6665,6939.316,12250,5,475,475.0,0.0,475,475,12720,12720.0,0.0,12720,12720,0,0,0,0,40,64,157.17093,157.17093,0,6,3.6,3.2863352,10.8,1,0,0,0,0,0,0,0,1,4.5,6.0,0.0,40,0,0,0,0,0,0,2,12,2,0,0,235,1,20,0.0,0.0,0,0,0.0,0.0,0,0,DoS Hulk
80,108002069,2,2,16,0,8,8,8.0,0.0,0,0,0.0,0.0,0.1481453,0.03703633,36000000.0,62400000.0,108000000,61,108000000,108000000.0,0.0,108000000,108000000,108000000,108000000.0,0.0,108000000,108000000,1,0,0,0,64,64,0.018518165,0.018518165,0,8,4.8,4.3817806,19.2,0,1,0,0,1,0,0,0,1,6.0,8.0,0.0,64,0,0,0,0,0,0,2,16,2,0,229,235,1,32,71.0,0.0,71,71,108000000.0,0.0,108000000,108000000,DoS slowloris
53,138783,2,2,70,410,35,35,35.0,0.0,205,205,205.0,0.0,3458.637,28.821974,46261.0,80083.1,138733,3,47,47.0,0.0,47,47,3,3.0,0.0,3,3,0,0,0,0,64,64,14.410987,14.410987,35,205,103.0,93.11283,8670.0,0,0,0,0,0,0,0,0,1,128.75,35.0,205.0,64,0,0,0,0,0,0,2,70,2,410,-1,-1,1,32,0.0,0.0,0,0,0.0,0.0,0,0,BENIGN
444,19,1,1,0,6,0,0,0.0,0.0,6,6,6.0,0.0,315789.47,105263.16,19.0,0.0,19,19,0,0.0,0.0,0,0,0,0.0,0.0,0,0,0,0,0,0,40,20,52631.58,52631.58,0,6,2.0,3.4641016,12.0,0,0,0,1,0,0,0,0,1,3.0,0.0,6.0,40,0,0,0,0,0,0,1,0,1,6,29200,0,0,40,0.0,0.0,0,0,0.0,0.0,0,0,PortScan
53,76386,2,2,84,160,42,42,42.0,0.0,80,80,80.0,0.0,3194.3027,52.365616,25462.0,44097.15,76381,1,1,1.0,0.0,1,1,4,4.0,0.0,4,4,0,0,0,0,80,80,26.182808,26.182808,42,80,57.2,20.813457,433.2,0,0,0,0,0,0,0,0,1,71.5,42.0,80.0,80,0,0,0,0,0,0,2,84,2,160,-1,-1,1,40,0.0,0.0,0,0,0.0,0.0,0,0,BENIGN
53,27725472,4,4,128,662,35,29,32.0,3.4641016,230,101,165.5,74.47819,28.493654,0.28854334,3960781.8,10500000.0,27700000,3,27700000,9241750.0,16000000.0,27700000,3,27700000,9231562.0,16000000.0,27700000,4,0,0,0,0,104,104,0.14427167,0.14427167,29,230,91.0,84.147194,7080.75,0,0,0,0,0,0,0,0,1,102.375,32.0,165.5,104,0,0,0,0,0,0,4,128,4,662,-1,-1,3,20,30790.0,0.0,30790,30790,27700000.0,0.0,27700000,27700000,BENIGN
80,5962873,5,0,30,0,6,6,6.0,0.0,0,0,0.0,0.0,5.0311317,0.83852196,1490718.2,2981434.5,5962870,0,5962873,1490718.2,2981434.5,5962870,0,0,0.0,0.0,0,0,0,0,0,0,100,0,0.83852196,0.0,6,6,6.0,0.0,0.0,0,0,0,0,1,0,0,0,0,7.2,6.0,0.0,100,0,0,0,0,0,0,5,30,0,0,256,-1,4,20,3.0,0.0,3,3,5962870.0,0.0,5962870,5962870,DDoS
7625,92,1,1,2,6,2,2,2.0,0.0,6,6,6.0,0.0,86956.52,21739.13,92.0,0.0,92,92,0,0.0,0.0,0,0,0,0.0,0.0,0,0,0,0,0,0,24,20,10869.565,10869.565,2,6,3.3333333,2.309401,5.3333335,0,0,0,1,0,0,0,0,1,5.0,2.0,6.0,24,0,0,0,0,0,0,1,2,1,6,1024,0,0,24,0.0,0.0,0,0,0.0,0.0,0,0,PortScan
80,104777725,2,1,365,6,365,0,182.5,258.09396,6,6,6.0,0.0,3.540829,0.02863204,52400000.0,74100000.0,105000000,51,105000000,105000000.0,0.0,105000000,105000000,0,0.0,0.0,0,0,0,0,0,0,64,20,0.019088026,0.009544013,0,365,92.75,181.52203,32950.25,0,0,0,0,1,0,0,0,0,123.666664,182.5,6.0,64,0,0,0,0,0,0,2,365,1,6,410,0,1,32,0.0,0.0,0,0,105000000.0,0.0,105000000,105000000,DoS GoldenEye
443,84988,6,5,1213,3369,876,0,202.16667,339.91083,2733,0,673.8,1162.0139,53913.492,129.43004,8498.8,10896.185,24034,67,60569,12113.8,12692.677,27005,452,61109,15277.25,15912.824,32846,783,0,0,0,0,132,112,70.598206,58.831837,0,2733,381.83334,783.03033,613136.5,0,0,0,1,0,0,0,0,0,416.54544,202.16667,673.8,132,0,0,0,0,0,0,6,1213,5,3369,8192,63,5,20,0.0,0.0,0,0,0.0,0.0,0,0,BENIGN
